Workbook
Name IKAN: 'P NP MINAPADI KAB'!$D$1:$BY$1
Name KAB: 'P NP MINAPADI KAB'!$A$6:$BY$43
Name KABUPATEN: 'P NP MINAPADI KAB'!$A$5:$BY$43
Name Print_Area_MI: KARAMBA!$B$1:$Q$96
Name Print_Area_MI: KOLAM!$B$1:$T$95
Name Print_Area_MI: LAUT!$B$1:$T$95
Name Print_Area_MI: MINAPADI!$B$1:$Q$63
Name Print_Area_MI: TAMBAK!$B$1:$U$95
Name Print_Area_MI: 'TBK SEDERHANA'!$B$1:$V$95
Name Print_Area_MI: JAPUNG!$B$1:$V$95
Name Print_Titles_MI: JAPUNG!$A:$A
Name Print_Titles_MI: KARAMBA!$A:$A
Name Print_Titles_MI: KOLAM!$A:$A
Name Print_Titles_MI: LAUT!$A:$A
Name Print_Titles_MI: TAMBAK!$A:$A
Name Print_Titles_MI: 'TBK SEDERHANA'!$A:$A

Sheet DAFTAR ISI
B2: KLIK
A3: 1 | B3: P & NP | D3: INPUT
A4: 2 | B4: per KAB per WADAH per TW | D4: JUST SEE
A5: 3 | B5: NP | D5: JUST SEE
A6: 4 | B6: NP per IKAN per KAB | D6: JUST SEE
A7: 5 | B7: NP per IKAN per KAB per THN | D7: JUST SEE
A8: 6 | B8: P | D8: JUST SEE
A9: 7 | B9: P per IKAN per KAB | D9: JUST SEE
A10: 8 | B10: P per IKAN per KAB per THN | D10: JUST SEE
A11: 9 | B11: MENURUT TRIWULAN | D11: DATA
A12: 10 | B12: USAHA per TW | D12: DATA
A13: 11 | B13: per IKAN per WADAH per TAHUN | D13: DATA
A14: 12 | B14: KAB per JENIS per THN | D14: DATA
A15: 13 | B15: KAB per IKAN per THN | D15: DATA
A16: 14 | B16: PERBANDINGAN DENGAN TAHUN SEBELUMNYA
A17: 15 | B17: P & NP per BLN per KAB

Sheet PROGRAM
D2: 1 | T2: 2 | AJ2: 3 | AZ2: 4 | BP2: 5 | CF2: 6 | CV2: 7 | DJ2: 8 | DX2: 9 | EL2: 10 | EZ2: 11 | FN2: 12 | GC2: TRIWULAN 1 | GR2: TRIWULAN 2 | HG2: TRIWULAN 3 | HV2: TRIWULAN 4
B3: ='P & NP'!B1 -> 1.442333e+09 | C3: ='P & NP'!B3 -> 2.153823e+10 | D3: JANUARI | E3: JANUARI | F3: JANUARI | G3: JANUARI | H3: JANUARI | I3: JANUARI | J3: JANUARI | K3: JANUARI | L3: JANUARI | M3: JANUARI | N3: JANUARI | O3: JANUARI | P3: JANUARI | Q3: JANUARI | R3: JANUARI | S3: JANUARI | T3: FEBRUARI | U3: FEBRUARI | V3: FEBRUARI | W3: FEBRUARI | X3: FEBRUARI | Y3: FEBRUARI | Z3: FEBRUARI | AA3: FEBRUARI | AB3: FEBRUARI | AC3: FEBRUARI | AD3: FEBRUARI | AE3: FEBRUARI | AF3: FEBRUARI | AG3: FEBRUARI | AH3: FEBRUARI | AI3: FEBRUARI | AJ3: MARET | AK3: MARET | AL3: MARET | AM3: MARET | AN3: MARET | AO3: MARET | AP3: MARET | AQ3: MARET | AR3: MARET | AS3: MARET | AT3: MARET | AU3: MARET | AV3: MARET | AW3: MARET | AX3: MARET | AY3: MARET | AZ3: APRIL | BA3: APRIL | BB3: APRIL | BC3: APRIL | BD3: APRIL | BE3: APRIL | BF3: APRIL | BG3: APRIL | BH3: APRIL | BI3: APRIL | BJ3: APRIL | BK3: APRIL | BL3: APRIL | BM3: APRIL | BN3: APRIL | BO3: APRIL | BP3: MEI | BQ3: MEI | BR3: MEI | BS3: MEI | BT3: MEI | BU3: MEI | BV3: MEI | BW3: MEI | BX3: MEI | BY3: MEI | BZ3: MEI | CA3: MEI | CB3: MEI | CC3: MEI | CD3: MEI | CE3: MEI | CF3: JUNI | CG3: JUNI | CH3: JUNI | CI3: JUNI | CJ3: JUNI | CK3: JUNI | CL3: JUNI | CM3: JUNI | CN3: JUNI | CO3: JUNI | CP3: JUNI | CQ3: JUNI | CR3: JUNI | CS3: JUNI | CT3: JUNI | CU3: JUNI | CV3: JULI | CW3: JULI | CX3: JULI | CY3: JULI | CZ3: JULI | DA3: JULI | DB3: JULI | DC3: JULI | DD3: JULI | DE3: JULI | DF3: JULI | DG3: JULI | DH3: JULI | DI3: JULI | DJ3: AGUSTUS | DK3: AGUSTUS | DL3: AGUSTUS | DM3: AGUSTUS | DN3: AGUSTUS | DO3: AGUSTUS | DP3: AGUSTUS | DQ3: AGUSTUS | DR3: AGUSTUS | DS3: AGUSTUS | DT3: AGUSTUS | DU3: AGUSTUS | DV3: AGUSTUS | DW3: AGUSTUS | DX3: SEPTEMBER | DY3: SEPTEMBER | DZ3: SEPTEMBER | EA3: SEPTEMBER | EB3: SEPTEMBER | EC3: SEPTEMBER | ED3: SEPTEMBER | EE3: SEPTEMBER | EF3: SEPTEMBER | EG3: SEPTEMBER | EH3: SEPTEMBER | EI3: SEPTEMBER | EJ3: SEPTEMBER | EK3: SEPTEMBER | EL3: OKTOBER | EM3: OKTOBER | EN3: OKTOBER | EO3: OKTOBER | EP3: OKTOBER | EQ3: OKTOBER | ER3: OKTOBER | ES3: OKTOBER | ET3: OKTOBER | EU3: OKTOBER | EV3: OKTOBER | EW3: OKTOBER | EX3: OKTOBER | EY3: OKTOBER | EZ3: NOVEMBER | FA3: NOVEMBER | FB3: NOVEMBER | FC3: NOVEMBER | FD3: NOVEMBER | FE3: NOVEMBER | FF3: NOVEMBER | FG3: NOVEMBER | FH3: NOVEMBER | FI3: NOVEMBER | FJ3: NOVEMBER | FK3: NOVEMBER | FL3: NOVEMBER | FM3: NOVEMBER | FN3: DESEMBER | FO3: DESEMBER | FP3: DESEMBER | FQ3: DESEMBER | FR3: DESEMBER | FS3: DESEMBER | FT3: DESEMBER | FU3: DESEMBER | FV3: DESEMBER | FW3: DESEMBER | FX3: DESEMBER | FY3: DESEMBER | FZ3: DESEMBER | GA3: DESEMBER | GC3: TW1 | GD3: TW1 | GE3: TW1 | GF3: TW1 | GG3: TW1 | GH3: TW1 | GI3: TW1 | GJ3: TW1 | GK3: TW1 | GL3: TW1 | GM3: TW1 | GN3: TW1 | GO3: TW1 | GP3: TW1 | GR3: TW2 | GS3: TW2 | GT3: TW2 | GU3: TW2 | GV3: TW2 | GW3: TW2 | GX3: TW2 | GY3: TW2 | GZ3: TW2 | HA3: TW2 | HB3: TW2 | HC3: TW2 | HD3: TW2 | HE3: TW2 | HG3: TW3 | HH3: TW3 | HI3: TW3 | HJ3: TW3 | HK3: TW3 | HL3: TW3 | HM3: TW3 | HN3: TW3 | HO3: TW3 | HP3: TW3 | HQ3: TW3 | HR3: TW3 | HS3: TW3 | HT3: TW3 | HV3: TW4 | HW3: TW4 | HX3: TW4 | HY3: TW4 | HZ3: TW4 | IA3: TW4 | IB3: TW4 | IC3: TW4 | ID3: TW4 | IE3: TW4 | IF3: TW4 | IG3: TW4 | IH3: TW4 | II3: TW4
A4: KABUPATEN / KOTA | B4: JUMLAH TOTAL | D4: LAUT / KJA LAUT | F4: TAMBAK | H4: TAMBAK SEDERHANA | J4: KOLAM | L4: MINA PADI | N4: KARAMBA | P4: JAPUNG / KJA TAWAR | R4: JUMLAH TOTAL PER BULAN | T4: LAUT / KJA LAUT | V4: TAMBAK | X4: TAMBAK SEDERHANA | Z4: KOLAM | AB4: MINA PADI | AD4: KARAMBA | AF4: JAPUNG / KJA TAWAR | AH4: JUMLAH TOTAL PER BULAN | AJ4: LAUT / KJA LAUT | AL4: TAMBAK | AN4: TAMBAK SEDERHANA | AP4: KOLAM | AR4: MINA PADI | AT4: KARAMBA | AV4: JAPUNG / KJA TAWAR | AX4: JUMLAH TOTAL PER BULAN | AZ4: LAUT / KJA LAUT | BB4: TAMBAK | BD4: TAMBAK SEDERHANA | BF4: KOLAM | BH4: MINA PADI | BJ4: KARAMBA | BL4: JAPUNG / KJA TAWAR | BN4: JUMLAH TOTAL PER BULAN | BP4: LAUT / KJA LAUT | BR4: TAMBAK | BT4: SEDERHANATAMBAK | BV4: KOLAM | BX4: MINA PADI | BZ4: KARAMBA | CB4: JAPUNG / KJA TAWAR | CD4: JUMLAH TOTAL PER BULAN | CF4: LAUT / KJA LAUT | CH4: TAMBAK | CJ4: TAMBAK SEDERHANA | CL4: KOLAM | CN4: MINA PADI | CP4: KARAMBA | CR4: JAPUNG / KJA TAWAR | CT4: JUMLAH TOTAL PER BULAN | CV4: LAUT / KJA LAUT | CX4: TAMBAK | CZ4: KOLAM | DB4: MINA PADI / SAWAH TAMBAK | DD4: KARAMBA | DF4: JAPUNG / KJA TAWAR | DH4: JUMLAH TOTAL PER BULAN | DJ4: LAUT / KJA LAUT | DL4: TAMBAK | DN4: KOLAM | DP4: MINA PADI / SAWAH TAMBAK | DR4: KARAMBA | DT4: JAPUNG / KJA TAWAR | DV4: JUMLAH TOTAL PER BULAN | DX4: LAUT / KJA LAUT | DZ4: TAMBAK | EB4: KOLAM | ED4: MINA PADI / SAWAH TAMBAK | EF4: KARAMBA | EH4: JAPUNG / KJA TAWAR | EJ4: JUMLAH TOTAL PER BULAN | EL4: LAUT / KJA LAUT | EN4: TAMBAK | EP4: KOLAM | ER4: MINA PADI / SAWAH TAMBAK | ET4: KARAMBA | EV4: JAPUNG / KJA TAWAR | EX4: JUMLAH TOTAL PER BULAN | EZ4: LAUT / KJA LAUT | FB4: TAMBAK | FD4: KOLAM | FF4: MINA PADI / SAWAH TAMBAK | FH4: KARAMBA | FJ4: JAPUNG / KJA TAWAR | FL4: JUMLAH TOTAL PER BULAN | FN4: LAUT / KJA LAUT | FP4: TAMBAK | FR4: KOLAM | FT4: MINA PADI / SAWAH TAMBAK | FV4: KARAMBA | FX4: JAPUNG / KJA TAWAR | FZ4: JUMLAH TOTAL PER BULAN | GC4: LAUT / KJA LAUT | GE4: TAMBAK | GG4: KOLAM | GI4: MINA PADI / SAWAH TAMBAK | GK4: KARAMBA | GM4: JAPUNG / KJA TAWAR | GO4: JUMLAH TOTAL PER BULAN | GR4: LAUT / KJA LAUT | GT4: TAMBAK | GV4: KOLAM | GX4: MINA PADI / SAWAH TAMBAK | GZ4: KARAMBA | HB4: JAPUNG / KJA TAWAR | HD4: JUMLAH TOTAL PER BULAN | HG4: LAUT / KJA LAUT | HI4: TAMBAK | HK4: KOLAM | HM4: MINA PADI / SAWAH TAMBAK | HO4: KARAMBA | HQ4: JAPUNG / KJA TAWAR | HS4: JUMLAH TOTAL PER BULAN | HV4: LAUT / KJA LAUT | HX4: TAMBAK | HZ4: KOLAM | IB4: MINA PADI / SAWAH TAMBAK | ID4: KARAMBA | IF4: JAPUNG / KJA TAWAR | IH4: JUMLAH TOTAL PER BULAN
B5: P | C5: NP | D5: P | E5: NP | F5: P | G5: NP | H5: P | I5: NP | J5: P | K5: NP | L5: P | M5: NP | N5: P | O5: NP | P5: P | Q5: NP | R5: PT1 | S5: NPT1 | T5: P | U5: NP | V5: P | W5: NP | X5: P | Y5: NP | Z5: P | AA5: NP | AB5: P | AC5: NP | AD5: P | AE5: NP | AF5: P | AG5: NP | AH5: PT | AI5: NPT | AJ5: P | AK5: NP | AL5: P | AM5: NP | AN5: P | AO5: NP | AP5: P | AQ5: NP | AR5: P | AS5: NP | AT5: P | AU5: NP | AV5: P | AW5: NP | AX5: PT | AY5: NPT | AZ5: P | BA5: NP | BB5: P | BC5: NP | BD5: P | BE5: NP | BF5: P | BG5: NP | BH5: P | BI5: NP | BJ5: P | BK5: NP | BL5: P | BM5: NP | BN5: PT | BO5: NPT | BP5: P | BQ5: NP | BR5: P | BS5: NP | BT5: P | BU5: NP | BV5: P | BW5: NP | BX5: P | BY5: NP | BZ5: P | CA5: NP | CB5: P | CC5: NP | CD5: PT | CE5: NPT | CF5: P | CG5: NP | CH5: P | CI5: NP | CJ5: P | CK5: NP | CL5: P | CM5: NP | CN5: P | CO5: NP | CP5: P | CQ5: NP | CR5: P | CS5: NP | CT5: PT | CU5: NPT | CV5: P | CW5: NP | CX5: P | CY5: NP | CZ5: P | DA5: NP | DB5: P | DC5: NP | DD5: P | DE5: NP | DF5: P | DG5: NP | DH5: PT | DI5: NPT | DJ5: P | DK5: NP | DL5: P | DM5: NP | DN5: P | DO5: NP | DP5: P | DQ5: NP | DR5: P | DS5: NP | DT5: P | DU5: NP | DV5: PT | DW5: NPT | DX5: P | DY5: NP | DZ5: P | EA5: NP | EB5: P | EC5: NP | ED5: P | EE5: NP | EF5: P | EG5: NP | EH5: P | EI5: NP | EJ5: PT | EK5: NPT | EL5: P | EM5: NP | EN5: P | EO5: NP | EP5: P | EQ5: NP | ER5: P | ES5: NP | ET5: P | EU5: NP | EV5: P | EW5: NP | EX5: PT | EY5: NPT | EZ5: P | FA5: NP | FB5: P | FC5: NP | FD5: P | FE5: NP | FF5: P | FG5: NP | FH5: P | FI5: NP | FJ5: P | FK5: NP | FL5: PT | FM5: NPT | FN5: P | FO5: NP | FP5: P | FQ5: NP | FR5: P | FS5: NP | FT5: P | FU5: NP | FV5: P | FW5: NP | FX5: P | FY5: NP | FZ5: PT | GA5: NPT | GC5: PL | GD5: NPL | GE5: PT | GF5: NPT | GG5: PK | GH5: NPK | GI5: PS | GJ5: NPS | GK5: PM | GL5: NPM | GM5: PJ | GN5: NPJ | GO5: PT | GP5: NPT | GR5: PL | GS5: NPL | GT5: PT | GU5: NPT | GV5: PK | GW5: NPK | GX5: PS | GY5: NPS | GZ5: PM | HA5: NPM | HB5: PJ | HC5: NPJ | HD5: PT | HE5: NPT | HG5: PL | HH5: NPL | HI5: PT | HJ5: NPT | HK5: PK | HL5: NPK | HM5: PS | HN5: NPS | HO5: PM | HP5: NPM | HQ5: PJ | HR5: NPJ | HS5: PT | HT5: NPT | HV5: PL | HW5: NPL | HX5: PT | HY5: NPT | HZ5: PK | IA5: NPK | IB5: PS | IC5: NPS | ID5: PM | IE5: NPM | IF5: PJ | IG5: NPJ | IH5: PT | II5: NPT
B6: (Kg) | C6: (Rp. 000,-) | D6: (Kg) | E6: (Rp. 000,-) | F6: (Kg) | G6: (Rp. 000,-) | H6: (Kg) | I6: (Rp. 000,-) | J6: (Kg) | K6: (Rp. 000,-) | L6: (Kg) | M6: (Rp. 000,-) | N6: (Kg) | O6: (Rp. 000,-) | P6: (Kg) | Q6: (Rp. 000,-) | R6: (Kg) | S6: (Rp. 000,-) | T6: (Kg) | U6: (Rp. 000,-) | V6: (Kg) | W6: (Rp. 000,-) | X6: (Kg) | Y6: (Rp. 000,-) | Z6: (Kg) | AA6: (Rp. 000,-) | AB6: (Kg) | AC6: (Rp. 000,-) | AD6: (Kg) | AE6: (Rp. 000,-) | AF6: (Kg) | AG6: (Rp. 000,-) | AH6: (Kg) | AI6: (Rp. 000,-) | AJ6: (Kg) | AK6: (Rp. 000,-) | AL6: (Kg) | AM6: (Rp. 000,-) | AN6: (Kg) | AO6: (Rp. 000,-) | AP6: (Kg) | AQ6: (Rp. 000,-) | AR6: (Kg) | AS6: (Rp. 000,-) | AT6: (Kg) | AU6: (Rp. 000,-) | AV6: (Kg) | AW6: (Rp. 000,-) | AX6: (Kg) | AY6: (Rp. 000,-) | AZ6: (Kg) | BA6: (Rp. 000,-) | BB6: (Kg) | BC6: (Rp. 000,-) | BD6: (Kg) | BE6: (Rp. 000,-) | BF6: (Kg) | BG6: (Rp. 000,-) | BH6: (Kg) | BI6: (Rp. 000,-) | BJ6: (Kg) | BK6: (Rp. 000,-) | BL6: (Kg) | BM6: (Rp. 000,-) | BN6: (Kg) | BO6: (Rp. 000,-) | BP6: (Kg) | BQ6: (Rp. 000,-) | BR6: (Kg) | BS6: (Rp. 000,-) | BT6: (Kg) | BU6: (Rp. 000,-) | BV6: (Kg) | BW6: (Rp. 000,-) | BX6: (Kg) | BY6: (Rp. 000,-) | BZ6: (Kg) | CA6: (Rp. 000,-) | CB6: (Kg) | CC6: (Rp. 000,-) | CD6: (Kg) | CE6: (Rp. 000,-) | CF6: (Kg) | CG6: (Rp. 000,-) | CH6: (Kg) | CI6: (Rp. 000,-) | CJ6: (Kg) | CK6: (Rp. 000,-) | CL6: (Kg) | CM6: (Rp. 000,-) | CN6: (Kg) | CO6: (Rp. 000,-) | CP6: (Kg) | CQ6: (Rp. 000,-) | CR6: (Kg) | CS6: (Rp. 000,-) | CT6: (Kg) | CU6: (Rp. 000,-) | CV6: (Kg) | CW6: (Rp. 000,-) | CX6: (Kg) | CY6: (Rp. 000,-) | CZ6: (Kg) | DA6: (Rp. 000,-) | DB6: (Kg) | DC6: (Rp. 000,-) | DD6: (Kg) | DE6: (Rp. 000,-) | DF6: (Kg) | DG6: (Rp. 000,-) | DH6: (Kg) | DI6: (Rp. 000,-) | DJ6: (Kg) | DK6: (Rp. 000,-) | DL6: (Kg) | DM6: (Rp. 000,-) | DN6: (Kg) | DO6: (Rp. 000,-) | DP6: (Kg) | DQ6: (Rp. 000,-) | DR6: (Kg) | DS6: (Rp. 000,-) | DT6: (Kg) | DU6: (Rp. 000,-) | DV6: (Kg) | DW6: (Rp. 000,-) | DX6: (Kg) | DY6: (Rp. 000,-) | DZ6: (Kg) | EA6: (Rp. 000,-) | EB6: (Kg) | EC6: (Rp. 000,-) | ED6: (Kg) | EE6: (Rp. 000,-) | EF6: (Kg) | EG6: (Rp. 000,-) | EH6: (Kg) | EI6: (Rp. 000,-) | EJ6: (Kg) | EK6: (Rp. 000,-) | EL6: (Kg) | EM6: (Rp. 000,-) | EN6: (Kg) | EO6: (Rp. 000,-) | EP6: (Kg) | EQ6: (Rp. 000,-) | ER6: (Kg) | ES6: (Rp. 000,-) | ET6: (Kg) | EU6: (Rp. 000,-) | EV6: (Kg) | EW6: (Rp. 000,-) | EX6: (Kg) | EY6: (Rp. 000,-) | EZ6: (Kg) | FA6: (Rp. 000,-) | FB6: (Kg) | FC6: (Rp. 000,-) | FD6: (Kg) | FE6: (Rp. 000,-) | FF6: (Kg) | FG6: (Rp. 000,-) | FH6: (Kg) | FI6: (Rp. 000,-) | FJ6: (Kg) | FK6: (Rp. 000,-) | FL6: (Kg) | FM6: (Rp. 000,-) | FN6: (Kg) | FO6: (Rp. 000,-) | FP6: (Kg) | FQ6: (Rp. 000,-) | FR6: (Kg) | FS6: (Rp. 000,-) | FT6: (Kg) | FU6: (Rp. 000,-) | FV6: (Kg) | FW6: (Rp. 000,-) | FX6: (Kg) | FY6: (Rp. 000,-) | FZ6: (Kg) | GA6: (Rp. 000,-) | GC6: (Kg) | GD6: (Rp. 000,-) | GE6: (Kg) | GF6: (Rp. 000,-) | GG6: (Kg) | GH6: (Rp. 000,-) | GI6: (Kg) | GJ6: (Rp. 000,-) | GK6: (Kg) | GL6: (Rp. 000,-) | GM6: (Kg) | GN6: (Rp. 000,-) | GO6: (Kg) | GP6: (Rp. 000,-) | GR6: (Kg) | GS6: (Rp. 000,-) | GT6: (Kg) | GU6: (Rp. 000,-) | GV6: (Kg) | GW6: (Rp. 000,-) | GX6: (Kg) | GY6: (Rp. 000,-) | GZ6: (Kg) | HA6: (Rp. 000,-) | HB6: (Kg) | HC6: (Rp. 000,-) | HD6: (Kg) | HE6: (Rp. 000,-) | HG6: (Kg) | HH6: (Rp. 000,-) | HI6: (Kg) | HJ6: (Rp. 000,-) | HK6: (Kg) | HL6: (Rp. 000,-) | HM6: (Kg) | HN6: (Rp. 000,-) | HO6: (Kg) | HP6: (Rp. 000,-) | HQ6: (Kg) | HR6: (Rp. 000,-) | HS6: (Kg) | HT6: (Rp. 000,-) | HV6: (Kg) | HW6: (Rp. 000,-) | HX6: (Kg) | HY6: (Rp. 000,-) | HZ6: (Kg) | IA6: (Rp. 000,-) | IB6: (Kg) | IC6: (Rp. 000,-) | ID6: (Kg) | IE6: (Rp. 000,-) | IF6: (Kg) | IG6: (Rp. 000,-) | IH6: (Kg) | II6: (Rp. 000,-)
A7: JUMLAH | B7: =SUM(B8:B45) -> 1.442333e+09 | C7: =SUM(C8:C45) -> 2.153823e+10 | D7: =SUM(D8:D45) -> 47094474 | E7: =SUM(E8:E45) -> 289366046 | F7: =SUM(F8:F45) -> 22313374 | G7: =SUM(G8:G45) -> 7.8496901e+08 | H7: =SUM(H8:H45) -> 0 | I7: =SUM(I8:I45) -> 0 | ... GA7: =SUM(GA8:GA45) -> 1.9134131e+09 | GC7: =SUM(GC8:GC45) -> 156469131 | GD7: =SUM(GD8:GD45) -> 958355908 | GE7: =SUM(GE8:GE45) -> 71273383 | GF7: =SUM(GF8:GF45) -> 2.520146e+09 | GG7: =SUM(GG8:GG45) -> 93157607 | GH7: =SUM(GH8:GH45) -> 1.9007219e+09 | GI7: =SUM(GI8:GI45) -> 5244263 | GJ7: =SUM(GJ8:GJ45) -> 139551385 | ... GP7: =SUM(GP8:GP45) -> 5.603264e+09 | GR7: =SUM(GR8:GR45) -> 1.6955027e+08 | GS7: =SUM(GS8:GS45) -> 7.2965705e+08 | GT7: =SUM(GT8:GT45) -> 67363208 | GU7: =SUM(GU8:GU45) -> 2.3196143e+09 | GV7: =SUM(GV8:GV45) -> 1.061463e+08 | GW7: =SUM(GW8:GW45) -> 2.1994705e+09 | GX7: =SUM(GX8:GX45) -> 4892209 | GY7: =SUM(GY8:GY45) -> 1.2697872e+08 | ... HE7: =SUM(HE8:HE45) -> 5.4400047e+09 | HG7: =SUM(HG8:HG45) -> 227792889 | HH7: =SUM(HH8:HH45) -> 1.1825157e+09 | HI7: =SUM(HI8:HI45) -> 74491898 | HJ7: =SUM(HJ8:HJ45) -> 2.4934956e+09 | HK7: =SUM(HK8:HK45) -> 78438276 | HL7: =SUM(HL8:HL45) -> 1.4661259e+09 | HM7: =SUM(HM8:HM45) -> 2141071 | HN7: =SUM(HN8:HN45) -> 64309236 | ... HT7: =SUM(HT8:HT45) -> 5.2418236e+09 | HV7: =SUM(HV8:HV45) -> 2.2060287e+08 | HW7: =SUM(HW8:HW45) -> 1.1235125e+09 | HX7: =SUM(HX8:HX45) -> 69231143 | HY7: =SUM(HY8:HY45) -> 2.3441474e+09 | HZ7: =SUM(HZ8:HZ45) -> 78921149 | IA7: =SUM(IA8:IA45) -> 1.5926947e+09 | IB7: =SUM(IB8:IB45) -> 4038755 | IC7: =SUM(IC8:IC45) -> 115174730 | ... II7: =SUM(II8:II45) -> 5.2531373e+09
A8: KABUPATEN BANGKALAN | B8: =SUMIF($D$5:$GA$5,$B$5,D8:GA8) -> 15081607 | C8: =SUMIF($D$5:$GA$5,$C$5,D8:GA8) -> 5.4974742e+08 | D8: ='P & NP'!C13 -> 0 | E8: ='P & NP'!D13 -> 0 | F8: ='P & NP'!E13 -> 1499605 | G8: ='P & NP'!F13 -> 51715632 | H8: ='P & NP'!G13 -> 0 | I8: ='P & NP'!H13 -> 0 | J8: ='P & NP'!I13 -> 105800 | K8: ='P & NP'!J13 -> 2377400 | ... Q8: ='P & NP'!P13 -> 0 | R8: =SUM(D8,F8,J8,L8,N8,P8) -> 1605705 | S8: =SUM(E8,G8,K8,M8,O8,Q8) -> 54099032 | T8: ='P & NP'!C51 -> 0 | U8: ='P & NP'!D51 -> 0 | V8: ='P & NP'!E51 -> 1519847 | W8: ='P & NP'!F51 -> 49728962 | X8: ='P & NP'!G51 -> 0 | Y8: ='P & NP'!H51 -> 0 | Z8: ='P & NP'!I51 -> 114350 | AA8: ='P & NP'!J51 -> 2569250 | ... AG8: ='P & NP'!P51 -> 0 | AH8: =SUM(T8,V8,Z8,AB8,AD8,AF8) -> 1634597 | AI8: =SUM(U8,W8,AA8,AC8,AE8,AG8) -> 52306212 | AJ8: ='P & NP'!C89 -> 0 | AK8: ='P & NP'!D89 -> 0 | AL8: ='P & NP'!E89 -> 1596050 | AM8: ='P & NP'!F89 -> 52101740 | AN8: ='P & NP'!G89 -> 0 | AO8: ='P & NP'!H89 -> 0 | AP8: ='P & NP'!I89 -> 118600 | AQ8: ='P & NP'!J89 -> 2665300 | ... AW8: ='P & NP'!P89 -> 0 | AX8: =SUM(AJ8,AL8,AP8,AR8,AT8,AV8) -> 1715250 | AY8: =SUM(AK8,AM8,AQ8,AS8,AU8,AW8) -> 54779040 | AZ8: ='P & NP'!C127 -> 0 | BA8: ='P & NP'!D127 -> 0 | BB8: ='P & NP'!E127 -> 685250 | BC8: ='P & NP'!F127 -> 22405000 | BD8: ='P & NP'!G127 -> 0 | BE8: ='P & NP'!H127 -> 0 | BF8: ='P & NP'!I127 -> 50750 | BG8: ='P & NP'!J127 -> 1140550 | ... BM8: ='P & NP'!P127 -> 0 | BN8: =SUM(AZ8,BB8,BF8,BH8,BJ8,BL8) -> 736500 | BO8: =SUM(BA8,BC8,BG8,BI8,BK8,BM8) -> 23555550 | BP8: ='P & NP'!C165 -> 0 | BQ8: ='P & NP'!D165 -> 0 | BR8: ='P & NP'!E165 -> 620085 | BS8: ='P & NP'!F165 -> 20050910 | BT8: ='P & NP'!G165 -> 0 | BU8: ='P & NP'!H165 -> 0 | BV8: ='P & NP'!I165 -> 46500 | BW8: ='P & NP'!J165 -> 1044500 | ... CC8: ='P & NP'!P165 -> 0 | CD8: =SUM(BP8,BR8,BV8,BX8,BZ8,CB8) -> 666785 | CE8: =SUM(BQ8,BS8,BW8,BY8,CA8,CC8) -> 21099410 | CF8: ='P & NP'!C203 -> 0 | CG8: ='P & NP'!D203 -> 0 | CH8: ='P & NP'!E203 -> 590600 | CI8: ='P & NP'!F203 -> 20069145 | CJ8: ='P & NP'!G203 -> 0 | CK8: ='P & NP'!H203 -> 0 | CL8: ='P & NP'!I203 -> 42300 | CM8: ='P & NP'!J203 -> 950200 | ... CS8: ='P & NP'!P203 -> 0 | CT8: =SUM(CF8,CH8,CL8,CN8,CP8,CR8) -> 633000 | CU8: =SUM(CG8,CI8,CM8,CO8,CQ8,CS8) -> 21021345 | CV8: ='P & NP'!C241 -> 0 | CW8: ='P & NP'!D241 -> 0 | CX8: ='P & NP'!E241 -> 553320 | CY8: ='P & NP'!F241 -> 18713746 | CZ8: ='P & NP'!I241 -> 59300 | DA8: ='P & NP'!J241 -> 1332400 | DB8: ='P & NP'!K241 -> 0 | DC8: ='P & NP'!L241 -> 0 | DD8: ='P & NP'!M241 -> 200 | DE8: ='P & NP'!N241 -> 4000 | DF8: ='P & NP'!O241 -> 0 | DG8: ='P & NP'!P241 -> 0 | DH8: =SUM(CV8,CX8,CZ8,DB8,DD8,DF8) -> 612820 | DI8: =SUM(CW8,CY8,DA8,DC8,DE8,DG8) -> 20050146 | DJ8: ='P & NP'!C279 -> 0 | DK8: ='P & NP'!D279 -> 0 | DL8: ='P & NP'!E279 -> 548500 | DM8: ='P & NP'!F279 -> 19466200 | DN8: ='P & NP'!I279 -> 45200 | DO8: ='P & NP'!J279 -> 1035900 | DP8: ='P & NP'!K279 -> 0 | DQ8: ='P & NP'!L279 -> 0 | DR8: ='P & NP'!M279 -> 300 | DS8: ='P & NP'!N279 -> 6000 | DT8: ='P & NP'!O279 -> 0 | DU8: ='P & NP'!P279 -> 0 | DV8: =SUM(DJ8,DL8,DN8,DP8,DR8,DT8) -> 594000 | DW8: =SUM(DK8,DM8,DO8,DQ8,DS8,DU8) -> 20508100 | DX8: ='P & NP'!C317 -> 0 | DY8: ='P & NP'!D317 -> 0 | DZ8: ='P & NP'!E317 -> 515900 | EA8: ='P & NP'!F317 -> 18494340 | EB8: ='P & NP'!I317 -> 33850 | EC8: ='P & NP'!J317 -> 760350 | ED8: ='P & NP'!K317 -> 0 | EE8: ='P & NP'!L317 -> 0 | EF8: ='P & NP'!M317 -> 200 | EG8: ='P & NP'!N317 -> 4000 | EH8: ='P & NP'!O317 -> 0 | EI8: ='P & NP'!P317 -> 0 | EJ8: =SUM(DX8,DZ8,EB8,ED8,EF8,EH8) -> 549950 | EK8: =SUM(DY8,EA8,EC8,EE8,EG8,EI8) -> 19258690 | EL8: ='P & NP'!C355 -> 0 | EM8: ='P & NP'!D355 -> 0 | EN8: ='P & NP'!E355 -> 1337700 | EO8: ='P & NP'!F355 -> 45079460 | EP8: ='P & NP'!I355 -> 76300 | EQ8: ='P & NP'!J355 -> 1715400 | ER8: ='P & NP'!K355 -> 0 | ES8: ='P & NP'!L355 -> 0 | ET8: ='P & NP'!M355 -> 400 | EU8: ='P & NP'!N355 -> 8000 | EV8: ='P & NP'!O355 -> 0 | EW8: ='P & NP'!P355 -> 0 | EX8: =SUM(EL8,EN8,EP8,ER8,ET8,EV8) -> 1414400 | EY8: =SUM(EM8,EO8,EQ8,ES8,EU8,EW8) -> 46802860 | EZ8: ='P & NP'!C393 -> 0 | FA8: ='P & NP'!D393 -> 0 | FB8: ='P & NP'!E393 -> 1870400 | FC8: ='P & NP'!F393 -> 77566000 | FD8: ='P & NP'!I393 -> 67700 | FE8: ='P & NP'!J393 -> 1521500 | FF8: ='P & NP'!K393 -> 0 | FG8: ='P & NP'!L393 -> 0 | FH8: ='P & NP'!M393 -> 600 | FI8: ='P & NP'!N393 -> 12000 | FJ8: ='P & NP'!O393 -> 0 | FK8: ='P & NP'!P393 -> 0 | FL8: =SUM(EZ8,FB8,FD8,FF8,FH8,FJ8) -> 1938700 | FM8: =SUM(FA8,FC8,FE8,FG8,FI8,FK8) -> 79099500 | FN8: ='P & NP'!C431 -> 0 | FO8: ='P & NP'!D431 -> 0 | FP8: ='P & NP'!E431 -> 2886000 | FQ8: ='P & NP'!F431 -> 135059540 | FR8: ='P & NP'!I431 -> 93100 | FS8: ='P & NP'!J431 -> 2092000 | FT8: ='P & NP'!K431 -> 0 | FU8: ='P & NP'!L431 -> 0 | FV8: ='P & NP'!M431 -> 800 | FW8: ='P & NP'!N431 -> 16000 | FX8: ='P & NP'!O431 -> 0 | FY8: ='P & NP'!P431 -> 0 | FZ8: =SUM(FN8,FP8,FR8,FT8,FV8,FX8) -> 2979900 | GA8: =SUM(FO8,FQ8,FS8,FU8,FW8,FY8) -> 137167540 | GC8: =SUMIF($D$46:$AY$46,$GC$5,D8:AY8) -> 0 | GD8: =SUMIF($D$46:$AY$46,$GD$5,D8:AY8) -> 0 | GE8: =SUMIF($D$46:$AY$46,$GE$5,D8:AY8) -> 4615502 | GF8: =SUMIF($D$46:$AY$46,$GF$5,D8:AY8) -> 1.5354633e+08 | GG8: =SUMIF($D$46:$AY$46,$GG$5,D8:AY8) -> 338750 | GH8: =SUMIF($D$46:$AY$46,$GH$5,D8:AY8) -> 7611950 | GI8: =SUMIF($D$46:$AY$46,$GI$5,D8:AY8) -> 0 | GJ8: =SUMIF($D$46:$AY$46,$GJ$5,D8:AY8) -> 0 | GK8: =SUMIF($D$46:$AY$46,$GK$5,D8:AY8) -> 1300 | GL8: =SUMIF($D$46:$AY$46,$GL$5,D8:AY8) -> 26000 | GM8: =SUMIF($D$46:$AY$46,$GM$5,D8:AY8) -> 0 | GN8: =SUMIF($D$46:$AY$46,$GN$5,D8:AY8) -> 0 | GO8: =SUM(GC8,GE8,GG8,GI8,GK8,GM8) -> 4955552 | GP8: =SUM(GD8,GF8,GH8,GJ8,GL8,GN8) -> 1.6118428e+08 | GR8: =SUMIF($AZ$46:$CU$46,$GR$5,AZ8:CU8) -> 0 | GS8: =SUMIF($AZ$46:$CU$46,$GS$5,AZ8:CU8) -> 0 | GT8: =SUMIF($AZ$46:$CU$46,$GT$5,AZ8:CU8) -> 1895935 | GU8: =SUMIF($AZ$46:$CU$46,$GU$5,AZ8:CU8) -> 62525055 | GV8: =SUMIF($AZ$46:$CU$46,$GV$5,AZ8:CU8) -> 139550 | GW8: =SUMIF($AZ$46:$CU$46,$GW$5,AZ8:CU8) -> 3135250 | GX8: =SUMIF($AZ$46:$CU$46,$GX$5,AZ8:CU8) -> 0 | GY8: =SUMIF($AZ$46:$CU$46,$GY$5,AZ8:CU8) -> 0 | GZ8: =SUMIF($AZ$46:$CU$46,$GZ$5,AZ8:CU8) -> 800 | HA8: =SUMIF($AZ$46:$CU$46,$HA$5,AZ8:CU8) -> 16000 | HB8: =SUMIF($AZ$46:$CU$46,$HB$5,AZ8:CU8) -> 0 | HC8: =SUMIF($AZ$46:$CU$46,$HC$5,AZ8:CU8) -> 0 | HD8: =SUM(GR8,GT8,GV8,GX8,GZ8,HB8) -> 2036285 | HE8: =SUM(GS8,GU8,GW8,GY8,HA8,HC8) -> 65676305 | HG8: =SUMIF($CV$46:$EK$46,$HG$5,CV8:EK8) -> 0 | HH8: =SUMIF($CV$46:$EK$46,$HH$5,CV8:EK8) -> 0 | HI8: =SUMIF($CV$46:$EK$46,$HI$5,CV8:EK8) -> 1617720 | HJ8: =SUMIF($CV$46:$EK$46,$HJ$5,CV8:EK8) -> 56674286 | HK8: =SUMIF($CV$46:$EK$46,$HK$5,CV8:EK8) -> 138350 | HL8: =SUMIF($CV$46:$EK$46,$HL$5,CV8:EK8) -> 3128650 | HM8: =SUMIF($CV$46:$EK$46,$HM$5,CV8:EK8) -> 0 | HN8: =SUMIF($CV$46:$EK$46,$HN$5,CV8:EK8) -> 0 | HO8: =SUMIF($CV$46:$EK$46,$HO$5,CV8:EK8) -> 700 | HP8: =SUMIF($CV$46:$EK$46,$HP$5,CV8:EK8) -> 14000 | HQ8: =SUMIF($CV$46:$EK$46,$HQ$5,CV8:EK8) -> 0 | HR8: =SUMIF($CV$46:$EK$46,$HR$5,CV8:EK8) -> 0 | HS8: =SUM(HG8,HI8,HK8,HM8,HO8,HQ8) -> 1756770 | HT8: =SUM(HH8,HJ8,HL8,HN8,HP8,HR8) -> 59816936 | HV8: =SUMIF($EL$46:$GA$46,$HV$5,EL8:GA8) -> 0 | HW8: =SUMIF($EL$46:$GA$46,$HW$5,EL8:GA8) -> 0 | HX8: =SUMIF($EL$46:$GA$46,$HX$5,EL8:GA8) -> 6094100 | HY8: =SUMIF($EL$46:$GA$46,$HY$5,EL8:GA8) -> 257705000 | HZ8: =SUMIF($EL$46:$GA$46,$HZ$5,EL8:GA8) -> 237100 | IA8: =SUMIF($EL$46:$GA$46,$IA$5,EL8:GA8) -> 5328900 | IB8: =SUMIF($EL$46:$GA$46,$IB$5,EL8:GA8) -> 0 | IC8: =SUMIF($EL$46:$GA$46,$IC$5,EL8:GA8) -> 0 | ID8: =SUMIF($EL$46:$GA$46,$ID$5,EL8:GA8) -> 1800 | IE8: =SUMIF($EL$46:$GA$46,$IE$5,EL8:GA8) -> 36000 | IF8: =SUMIF($EL$46:$GA$46,$IF$5,EL8:GA8) -> 0 | IG8: =SUMIF($EL$46:$GA$46,$IG$5,EL8:GA8) -> 0 | IH8: =SUM(HV8,HX8,HZ8,IB8,ID8,IF8) -> 6333000 | II8: =SUM(HW8,HY8,IA8,IC8,IE8,IG8) -> 263069900
A9: KABUPATEN BANYUWANGI | B9: =SUMIF($D$5:$GA$5,$B$5,D9:GA9) -> 30646435 | C9: =SUMIF($D$5:$GA$5,$C$5,D9:GA9) -> 1257733055 | D9: ='P & NP'!S13 -> 3900 | E9: ='P & NP'!T13 -> 550250 | F9: ='P & NP'!U13 -> 1543690 | G9: ='P & NP'!V13 -> 76939050 | H9: ='P & NP'!W13 -> 0 | I9: ='P & NP'!X13 -> 0 | J9: ='P & NP'!Y13 -> 846770 | K9: ='P & NP'!Z13 -> 17206355 | ... Q9: ='P & NP'!AF13 -> 43900 | R9: =SUM(D9,F9,J9,L9,N9,P9) -> 2406035 | S9: =SUM(E9,G9,K9,M9,O9,Q9) -> 95010830 | T9: ='P & NP'!S51 -> 4380 | U9: ='P & NP'!T51 -> 577300 | V9: ='P & NP'!U51 -> 1593845 | W9: ='P & NP'!V51 -> 79905325 | X9: ='P & NP'!W51 -> 0 | Y9: ='P & NP'!X51 -> 0 | Z9: ='P & NP'!Y51 -> 841220 | AA9: ='P & NP'!Z51 -> 17054465 | ... AG9: ='P & NP'!AF51 -> 52225 | AH9: =SUM(T9,V9,Z9,AB9,AD9,AF9) -> 2451255 | AI9: =SUM(U9,W9,AA9,AC9,AE9,AG9) -> 97853915 | AJ9: ='P & NP'!S89 -> 5150 | AK9: ='P & NP'!T89 -> 635900 | AL9: ='P & NP'!U89 -> 1608090 | AM9: ='P & NP'!V89 -> 79992275 | AN9: ='P & NP'!W89 -> 0 | AO9: ='P & NP'!X89 -> 0 | AP9: ='P & NP'!Y89 -> 820170 | AQ9: ='P & NP'!Z89 -> 16694595 | ... AW9: ='P & NP'!AF89 -> 40050 | AX9: =SUM(AJ9,AL9,AP9,AR9,AT9,AV9) -> 2444880 | AY9: =SUM(AK9,AM9,AQ9,AS9,AU9,AW9) -> 97629645 | AZ9: ='P & NP'!S127 -> 9795 | BA9: ='P & NP'!T127 -> 968075 | BB9: ='P & NP'!U127 -> 1686755 | BC9: ='P & NP'!V127 -> 87732050 | BD9: ='P & NP'!W127 -> 0 | BE9: ='P & NP'!X127 -> 0 | BF9: ='P & NP'!Y127 -> 778410 | BG9: ='P & NP'!Z127 -> 15848220 | ... BM9: ='P & NP'!AF127 -> 54475 | BN9: =SUM(AZ9,BB9,BF9,BH9,BJ9,BL9) -> 2485895 | BO9: =SUM(BA9,BC9,BG9,BI9,BK9,BM9) -> 104838295 | BP9: ='P & NP'!S165 -> 4630 | BQ9: ='P & NP'!T165 -> 509175 | BR9: ='P & NP'!U165 -> 1723220 | BS9: ='P & NP'!V165 -> 89804160 | BT9: ='P & NP'!W165 -> 0 | BU9: ='P & NP'!X165 -> 0 | BV9: ='P & NP'!Y165 -> 804519 | BW9: ='P & NP'!Z165 -> 16393445 | ... CC9: ='P & NP'!AF165 -> 61250 | CD9: =SUM(BP9,BR9,BV9,BX9,BZ9,CB9) -> 2543509 | CE9: =SUM(BQ9,BS9,BW9,BY9,CA9,CC9) -> 107000905 | CF9: ='P & NP'!S203 -> 4045 | CG9: ='P & NP'!T203 -> 483775 | CH9: ='P & NP'!U203 -> 1736715 | CI9: ='P & NP'!V203 -> 90640250 | CJ9: ='P & NP'!W203 -> 0 | CK9: ='P & NP'!X203 -> 0 | CL9: ='P & NP'!Y203 -> 767550 | CM9: ='P & NP'!Z203 -> 15678910 | ... CS9: ='P & NP'!AF203 -> 60000 | CT9: =SUM(CF9,CH9,CL9,CN9,CP9,CR9) -> 2519450 | CU9: =SUM(CG9,CI9,CM9,CO9,CQ9,CS9) -> 107097810 | CV9: ='P & NP'!S241 -> 2615 | CW9: ='P & NP'!T241 -> 353825 | CX9: ='P & NP'!U241 -> 1671820 | CY9: ='P & NP'!V241 -> 91277925 | CZ9: ='P & NP'!Y241 -> 895441 | DA9: ='P & NP'!Z241 -> 18230110 | DB9: ='P & NP'!AA241 -> 5670 | DC9: ='P & NP'!AB241 -> 155550 | DD9: ='P & NP'!AC241 -> 4985 | DE9: ='P & NP'!AD241 -> 136600 | DF9: ='P & NP'!AE241 -> 1615 | DG9: ='P & NP'!AF241 -> 37250 | DH9: =SUM(CV9,CX9,CZ9,DB9,DD9,DF9) -> 2582146 | DI9: =SUM(CW9,CY9,DA9,DC9,DE9,DG9) -> 110191260 | DJ9: ='P & NP'!S279 -> 2260 | DK9: ='P & NP'!T279 -> 276950 | DL9: ='P & NP'!U279 -> 1677680 | DM9: ='P & NP'!V279 -> 91757575 | DN9: ='P & NP'!Y279 -> 850960 | DO9: ='P & NP'!Z279 -> 17334370 | DP9: ='P & NP'!AA279 -> 5830 | DQ9: ='P & NP'!AB279 -> 159275 | DR9: ='P & NP'!AC279 -> 4295 | DS9: ='P & NP'!AD279 -> 117250 | DT9: ='P & NP'!AE279 -> 1530 | DU9: ='P & NP'!AF279 -> 33900 | DV9: =SUM(DJ9,DL9,DN9,DP9,DR9,DT9) -> 2542555 | DW9: =SUM(DK9,DM9,DO9,DQ9,DS9,DU9) -> 109679320 | DX9: ='P & NP'!S317 -> 2205 | DY9: ='P & NP'!T317 -> 237525 | DZ9: ='P & NP'!U317 -> 1691140 | EA9: ='P & NP'!V317 -> 92660225 | EB9: ='P & NP'!Y317 -> 892994 | EC9: ='P & NP'!Z317 -> 18193110 | ED9: ='P & NP'!AA317 -> 5780 | EE9: ='P & NP'!AB317 -> 157375 | EF9: ='P & NP'!AC317 -> 4025 | EG9: ='P & NP'!AD317 -> 109900 | EH9: ='P & NP'!AE317 -> 1505 | EI9: ='P & NP'!AF317 -> 31750 | EJ9: =SUM(DX9,DZ9,EB9,ED9,EF9,EH9) -> 2597649 | EK9: =SUM(DY9,EA9,EC9,EE9,EG9,EI9) -> 111389885 | EL9: ='P & NP'!S355 -> 3165 | EM9: ='P & NP'!T355 -> 381750 | EN9: ='P & NP'!U355 -> 1666265 | EO9: ='P & NP'!V355 -> 82818575 | EP9: ='P & NP'!Y355 -> 988160 | EQ9: ='P & NP'!Z355 -> 20159370 | ER9: ='P & NP'!AA355 -> 5415 | ES9: ='P & NP'!AB355 -> 148575 | ET9: ='P & NP'!AC355 -> 4480 | EU9: ='P & NP'!AD355 -> 123950 | EV9: ='P & NP'!AE355 -> 2145 | EW9: ='P & NP'!AF355 -> 47550 | EX9: =SUM(EL9,EN9,EP9,ER9,ET9,EV9) -> 2669630 | EY9: =SUM(EM9,EO9,EQ9,ES9,EU9,EW9) -> 103679770 | EZ9: ='P & NP'!S393 -> 2975 | FA9: ='P & NP'!T393 -> 351775 | FB9: ='P & NP'!U393 -> 1755495 | FC9: ='P & NP'!V393 -> 87403750 | FD9: ='P & NP'!Y393 -> 959326 | FE9: ='P & NP'!Z393 -> 19575475 | FF9: ='P & NP'!AA393 -> 5405 | FG9: ='P & NP'!AB393 -> 150100 | FH9: ='P & NP'!AC393 -> 4875 | FI9: ='P & NP'!AD393 -> 134700 | FJ9: ='P & NP'!AE393 -> 1975 | FK9: ='P & NP'!AF393 -> 42500 | FL9: =SUM(EZ9,FB9,FD9,FF9,FH9,FJ9) -> 2730051 | FM9: =SUM(FA9,FC9,FE9,FG9,FI9,FK9) -> 107658300 | FN9: ='P & NP'!S431 -> 3140 | FO9: ='P & NP'!T431 -> 395350 | FP9: ='P & NP'!U431 -> 1717675 | FQ9: ='P & NP'!V431 -> 85767450 | FR9: ='P & NP'!Y431 -> 940215 | FS9: ='P & NP'!Z431 -> 19211795 | FT9: ='P & NP'!AA431 -> 5415 | FU9: ='P & NP'!AB431 -> 149475 | FV9: ='P & NP'!AC431 -> 4900 | FW9: ='P & NP'!AD431 -> 136175 | FX9: ='P & NP'!AE431 -> 2035 | FY9: ='P & NP'!AF431 -> 42875 | FZ9: =SUM(FN9,FP9,FR9,FT9,FV9,FX9) -> 2673380 | GA9: =SUM(FO9,FQ9,FS9,FU9,FW9,FY9) -> 105703120 | GC9: =SUMIF($D$46:$AY$46,$GC$5,D9:AY9) -> 13430 | GD9: =SUMIF($D$46:$AY$46,$GD$5,D9:AY9) -> 1763450 | GE9: =SUMIF($D$46:$AY$46,$GE$5,D9:AY9) -> 4745625 | GF9: =SUMIF($D$46:$AY$46,$GF$5,D9:AY9) -> 236836650 | GG9: =SUMIF($D$46:$AY$46,$GG$5,D9:AY9) -> 2508160 | GH9: =SUMIF($D$46:$AY$46,$GH$5,D9:AY9) -> 50955415 | GI9: =SUMIF($D$46:$AY$46,$GI$5,D9:AY9) -> 18740 | GJ9: =SUMIF($D$46:$AY$46,$GJ$5,D9:AY9) -> 510625 | GK9: =SUMIF($D$46:$AY$46,$GK$5,D9:AY9) -> 10610 | GL9: =SUMIF($D$46:$AY$46,$GL$5,D9:AY9) -> 292075 | GM9: =SUMIF($D$46:$AY$46,$GM$5,D9:AY9) -> 5605 | GN9: =SUMIF($D$46:$AY$46,$GN$5,D9:AY9) -> 136175 | GO9: =SUM(GC9,GE9,GG9,GI9,GK9,GM9) -> 7302170 | GP9: =SUM(GD9,GF9,GH9,GJ9,GL9,GN9) -> 290494390 | GR9: =SUMIF($AZ$46:$CU$46,$GR$5,AZ9:CU9) -> 18470 | GS9: =SUMIF($AZ$46:$CU$46,$GS$5,AZ9:CU9) -> 1961025 | GT9: =SUMIF($AZ$46:$CU$46,$GT$5,AZ9:CU9) -> 5146690 | GU9: =SUMIF($AZ$46:$CU$46,$GU$5,AZ9:CU9) -> 268176460 | GV9: =SUMIF($AZ$46:$CU$46,$GV$5,AZ9:CU9) -> 2350479 | GW9: =SUMIF($AZ$46:$CU$46,$GW$5,AZ9:CU9) -> 47920575 | GX9: =SUMIF($AZ$46:$CU$46,$GX$5,AZ9:CU9) -> 15950 | GY9: =SUMIF($AZ$46:$CU$46,$GY$5,AZ9:CU9) -> 436300 | GZ9: =SUMIF($AZ$46:$CU$46,$GZ$5,AZ9:CU9) -> 9645 | HA9: =SUMIF($AZ$46:$CU$46,$HA$5,AZ9:CU9) -> 266925 | HB9: =SUMIF($AZ$46:$CU$46,$HB$5,AZ9:CU9) -> 7620 | HC9: =SUMIF($AZ$46:$CU$46,$HC$5,AZ9:CU9) -> 175725 | HD9: =SUM(GR9,GT9,GV9,GX9,GZ9,HB9) -> 7548854 | HE9: =SUM(GS9,GU9,GW9,GY9,HA9,HC9) -> 318937010 | HG9: =SUMIF($CV$46:$EK$46,$HG$5,CV9:EK9) -> 7080 | HH9: =SUMIF($CV$46:$EK$46,$HH$5,CV9:EK9) -> 868300 | HI9: =SUMIF($CV$46:$EK$46,$HI$5,CV9:EK9) -> 5040640 | HJ9: =SUMIF($CV$46:$EK$46,$HJ$5,CV9:EK9) -> 275695725 | HK9: =SUMIF($CV$46:$EK$46,$HK$5,CV9:EK9) -> 2639395 | HL9: =SUMIF($CV$46:$EK$46,$HL$5,CV9:EK9) -> 53757590 | HM9: =SUMIF($CV$46:$EK$46,$HM$5,CV9:EK9) -> 17280 | HN9: =SUMIF($CV$46:$EK$46,$HN$5,CV9:EK9) -> 472200 | HO9: =SUMIF($CV$46:$EK$46,$HO$5,CV9:EK9) -> 13305 | HP9: =SUMIF($CV$46:$EK$46,$HP$5,CV9:EK9) -> 363750 | HQ9: =SUMIF($CV$46:$EK$46,$HQ$5,CV9:EK9) -> 4650 | HR9: =SUMIF($CV$46:$EK$46,$HR$5,CV9:EK9) -> 102900 | HS9: =SUM(HG9,HI9,HK9,HM9,HO9,HQ9) -> 7722350 | HT9: =SUM(HH9,HJ9,HL9,HN9,HP9,HR9) -> 331260465 | HV9: =SUMIF($EL$46:$GA$46,$HV$5,EL9:GA9) -> 9280 | HW9: =SUMIF($EL$46:$GA$46,$HW$5,EL9:GA9) -> 1128875 | HX9: =SUMIF($EL$46:$GA$46,$HX$5,EL9:GA9) -> 5139435 | HY9: =SUMIF($EL$46:$GA$46,$HY$5,EL9:GA9) -> 255989775 | HZ9: =SUMIF($EL$46:$GA$46,$HZ$5,EL9:GA9) -> 2887701 | IA9: =SUMIF($EL$46:$GA$46,$IA$5,EL9:GA9) -> 58946640 | IB9: =SUMIF($EL$46:$GA$46,$IB$5,EL9:GA9) -> 16235 | IC9: =SUMIF($EL$46:$GA$46,$IC$5,EL9:GA9) -> 448150 | ID9: =SUMIF($EL$46:$GA$46,$ID$5,EL9:GA9) -> 14255 | IE9: =SUMIF($EL$46:$GA$46,$IE$5,EL9:GA9) -> 394825 | IF9: =SUMIF($EL$46:$GA$46,$IF$5,EL9:GA9) -> 6155 | IG9: =SUMIF($EL$46:$GA$46,$IG$5,EL9:GA9) -> 132925 | IH9: =SUM(HV9,HX9,HZ9,IB9,ID9,IF9) -> 8073061 | II9: =SUM(HW9,HY9,IA9,IC9,IE9,IG9) -> 317041190
A10: KABUPATEN BLITAR | B10: =SUMIF($D$5:$GA$5,$B$5,D10:GA10) -> 17736425 | C10: =SUMIF($D$5:$GA$5,$C$5,D10:GA10) -> 414183920 | D10: ='P & NP'!AI13 -> 0 | E10: ='P & NP'!AJ13 -> 0 | F10: ='P & NP'!AK13 -> 34100 | G10: ='P & NP'!AL13 -> 2216500 | H10: ='P & NP'!AM13 -> 0 | I10: ='P & NP'!AN13 -> 0 | J10: ='P & NP'!AO13 -> 1312000 | K10: ='P & NP'!AP13 -> 28693200 | ... Q10: ='P & NP'!AV13 -> 52500 | R10: =SUM(D10,F10,J10,L10,N10,P10) -> 1348300 | S10: =SUM(E10,G10,K10,M10,O10,Q10) -> 30964700 | T10: ='P & NP'!AI51 -> 0 | U10: ='P & NP'!AJ51 -> 0 | V10: ='P & NP'!AK51 -> 35200 | W10: ='P & NP'!AL51 -> 2288000 | X10: ='P & NP'!AM51 -> 0 | Y10: ='P & NP'!AN51 -> 0 | Z10: ='P & NP'!AO51 -> 1331600 | AA10: ='P & NP'!AP51 -> 29130100 | ... AG10: ='P & NP'!AV51 -> 60000 | AH10: =SUM(T10,V10,Z10,AB10,AD10,AF10) -> 1369320 | AI10: =SUM(U10,W10,AA10,AC10,AE10,AG10) -> 31481100 | AJ10: ='P & NP'!AI89 -> 0 | AK10: ='P & NP'!AJ89 -> 0 | AL10: ='P & NP'!AK89 -> 35700 | AM10: ='P & NP'!AL89 -> 2320500 | AN10: ='P & NP'!AM89 -> 0 | AO10: ='P & NP'!AN89 -> 0 | AP10: ='P & NP'!AO89 -> 1382100 | AQ10: ='P & NP'!AP89 -> 30199400 | ... AW10: ='P & NP'!AV89 -> 61440 | AX10: =SUM(AJ10,AL10,AP10,AR10,AT10,AV10) -> 1420560 | AY10: =SUM(AK10,AM10,AQ10,AS10,AU10,AW10) -> 32586140 | AZ10: ='P & NP'!AI127 -> 0 | BA10: ='P & NP'!AJ127 -> 0 | BB10: ='P & NP'!AK127 -> 36200 | BC10: ='P & NP'!AL127 -> 2353000 | BD10: ='P & NP'!AM127 -> 0 | BE10: ='P & NP'!AN127 -> 0 | BF10: ='P & NP'!AO127 -> 1452700 | BG10: ='P & NP'!AP127 -> 31596400 | ... BM10: ='P & NP'!AV127 -> 73200 | BN10: =SUM(AZ10,BB10,BF10,BH10,BJ10,BL10) -> 1492150 | BO10: =SUM(BA10,BC10,BG10,BI10,BK10,BM10) -> 34027400 | BP10: ='P & NP'!AI165 -> 0 | BQ10: ='P & NP'!AJ165 -> 0 | BR10: ='P & NP'!AK165 -> 36700 | BS10: ='P & NP'!AL165 -> 2385500 | BT10: ='P & NP'!AM165 -> 0 | BU10: ='P & NP'!AN165 -> 0 | BV10: ='P & NP'!AO165 -> 1441800 | BW10: ='P & NP'!AP165 -> 31538600 | ... CC10: ='P & NP'!AV165 -> 74640 | CD10: =SUM(BP10,BR10,BV10,BX10,BZ10,CB10) -> 1481800 | CE10: =SUM(BQ10,BS10,BW10,BY10,CA10,CC10) -> 34003300 | CF10: ='P & NP'!AI203 -> 0 | CG10: ='P & NP'!AJ203 -> 0 | CH10: ='P & NP'!AK203 -> 36100 | CI10: ='P & NP'!AL203 -> 2346500 | CJ10: ='P & NP'!AM203 -> 0 | CK10: ='P & NP'!AN203 -> 0 | CL10: ='P & NP'!AO203 -> 1434700 | CM10: ='P & NP'!AP203 -> 31984800 | ... CS10: ='P & NP'!AV203 -> 67920 | CT10: =SUM(CF10,CH10,CL10,CN10,CP10,CR10) -> 1473790 | CU10: =SUM(CG10,CI10,CM10,CO10,CQ10,CS10) -> 34403060 | CV10: ='P & NP'!AI241 -> 0 | CW10: ='P & NP'!AJ241 -> 0 | CX10: ='P & NP'!AK241 -> 37900 | CY10: ='P & NP'!AL241 -> 2463500 | CZ10: ='P & NP'!AO241 -> 1448200 | DA10: ='P & NP'!AP241 -> 32260500 | DB10: ='P & NP'!AQ241 -> 170 | DC10: ='P & NP'!AR241 -> 4080 | DD10: ='P & NP'!AS241 -> 0 | DE10: ='P & NP'!AT241 -> 0 | DF10: ='P & NP'!AU241 -> 2190 | DG10: ='P & NP'!AV241 -> 52560 | DH10: =SUM(CV10,CX10,CZ10,DB10,DD10,DF10) -> 1488460 | DI10: =SUM(CW10,CY10,DA10,DC10,DE10,DG10) -> 34780640 | DJ10: ='P & NP'!AI279 -> 0 | DK10: ='P & NP'!AJ279 -> 0 | DL10: ='P & NP'!AK279 -> 37200 | DM10: ='P & NP'!AL279 -> 2418000 | DN10: ='P & NP'!AO279 -> 1441500 | DO10: ='P & NP'!AP279 -> 32091200 | DP10: ='P & NP'!AQ279 -> 150 | DQ10: ='P & NP'!AR279 -> 3600 | DR10: ='P & NP'!AS279 -> 0 | DS10: ='P & NP'!AT279 -> 0 | DT10: ='P & NP'!AU279 -> 2050 | DU10: ='P & NP'!AV279 -> 49200 | DV10: =SUM(DJ10,DL10,DN10,DP10,DR10,DT10) -> 1480900 | DW10: =SUM(DK10,DM10,DO10,DQ10,DS10,DU10) -> 34562000 | DX10: ='P & NP'!AI317 -> 0 | DY10: ='P & NP'!AJ317 -> 0 | DZ10: ='P & NP'!AK317 -> 37700 | EA10: ='P & NP'!AL317 -> 2450500 | EB10: ='P & NP'!AO317 -> 1270500 | EC10: ='P & NP'!AP317 -> 29154800 | ED10: ='P & NP'!AQ317 -> 150 | EE10: ='P & NP'!AR317 -> 3600 | EF10: ='P & NP'!AS317 -> 0 | EG10: ='P & NP'!AT317 -> 0 | EH10: ='P & NP'!AU317 -> 2150 | EI10: ='P & NP'!AV317 -> 51600 | EJ10: =SUM(DX10,DZ10,EB10,ED10,EF10,EH10) -> 1310500 | EK10: =SUM(DY10,EA10,EC10,EE10,EG10,EI10) -> 31660500 | EL10: ='P & NP'!AI355 -> 0 | EM10: ='P & NP'!AJ355 -> 0 | EN10: ='P & NP'!AK355 -> 36400 | EO10: ='P & NP'!AL355 -> 2366000 | EP10: ='P & NP'!AO355 -> 1530300 | EQ10: ='P & NP'!AP355 -> 34818500 | ER10: ='P & NP'!AQ355 -> 130 | ES10: ='P & NP'!AR355 -> 3120 | ET10: ='P & NP'!AS355 -> 0 | EU10: ='P & NP'!AT355 -> 0 | EV10: ='P & NP'!AU355 -> 2085 | EW10: ='P & NP'!AV355 -> 50040 | EX10: =SUM(EL10,EN10,EP10,ER10,ET10,EV10) -> 1568915 | EY10: =SUM(EM10,EO10,EQ10,ES10,EU10,EW10) -> 37237660 | EZ10: ='P & NP'!AI393 -> 0 | FA10: ='P & NP'!AJ393 -> 0 | FB10: ='P & NP'!AK393 -> 36300 | FC10: ='P & NP'!AL393 -> 2359500 | FD10: ='P & NP'!AO393 -> 1603100 | FE10: ='P & NP'!AP393 -> 36565200 | FF10: ='P & NP'!AQ393 -> 150 | FG10: ='P & NP'!AR393 -> 3600 | FH10: ='P & NP'!AS393 -> 0 | FI10: ='P & NP'!AT393 -> 0 | FJ10: ='P & NP'!AU393 -> 1910 | FK10: ='P & NP'!AV393 -> 45840 | FL10: =SUM(EZ10,FB10,FD10,FF10,FH10,FJ10) -> 1641460 | FM10: =SUM(FA10,FC10,FE10,FG10,FI10,FK10) -> 38974140 | FN10: ='P & NP'!AI431 -> 0 | FO10: ='P & NP'!AJ431 -> 0 | FP10: ='P & NP'!AK431 -> 36600 | FQ10: ='P & NP'!AL431 -> 2379000 | FR10: ='P & NP'!AO431 -> 1621800 | FS10: ='P & NP'!AP431 -> 37079400 | FT10: ='P & NP'!AQ431 -> 100 | FU10: ='P & NP'!AR431 -> 2400 | FV10: ='P & NP'!AS431 -> 0 | FW10: ='P & NP'!AT431 -> 0 | FX10: ='P & NP'!AU431 -> 1770 | FY10: ='P & NP'!AV431 -> 42480 | FZ10: =SUM(FN10,FP10,FR10,FT10,FV10,FX10) -> 1660270 | GA10: =SUM(FO10,FQ10,FS10,FU10,FW10,FY10) -> 39503280 | GC10: =SUMIF($D$46:$AY$46,$GC$5,D10:AY10) -> 0 | GD10: =SUMIF($D$46:$AY$46,$GD$5,D10:AY10) -> 0 | GE10: =SUMIF($D$46:$AY$46,$GE$5,D10:AY10) -> 105000 | GF10: =SUMIF($D$46:$AY$46,$GF$5,D10:AY10) -> 6825000 | GG10: =SUMIF($D$46:$AY$46,$GG$5,D10:AY10) -> 4025700 | GH10: =SUMIF($D$46:$AY$46,$GH$5,D10:AY10) -> 88022700 | GI10: =SUMIF($D$46:$AY$46,$GI$5,D10:AY10) -> 420 | GJ10: =SUMIF($D$46:$AY$46,$GJ$5,D10:AY10) -> 10300 | GK10: =SUMIF($D$46:$AY$46,$GK$5,D10:AY10) -> 0 | GL10: =SUMIF($D$46:$AY$46,$GL$5,D10:AY10) -> 0 | GM10: =SUMIF($D$46:$AY$46,$GM$5,D10:AY10) -> 7060 | GN10: =SUMIF($D$46:$AY$46,$GN$5,D10:AY10) -> 173940 | GO10: =SUM(GC10,GE10,GG10,GI10,GK10,GM10) -> 4138180 | GP10: =SUM(GD10,GF10,GH10,GJ10,GL10,GN10) -> 95031940 | GR10: =SUMIF($AZ$46:$CU$46,$GR$5,AZ10:CU10) -> 0 | GS10: =SUMIF($AZ$46:$CU$46,$GS$5,AZ10:CU10) -> 0 | GT10: =SUMIF($AZ$46:$CU$46,$GT$5,AZ10:CU10) -> 109000 | GU10: =SUMIF($AZ$46:$CU$46,$GU$5,AZ10:CU10) -> 7085000 | GV10: =SUMIF($AZ$46:$CU$46,$GV$5,AZ10:CU10) -> 4329200 | GW10: =SUMIF($AZ$46:$CU$46,$GW$5,AZ10:CU10) -> 95119800 | GX10: =SUMIF($AZ$46:$CU$46,$GX$5,AZ10:CU10) -> 550 | GY10: =SUMIF($AZ$46:$CU$46,$GY$5,AZ10:CU10) -> 13200 | GZ10: =SUMIF($AZ$46:$CU$46,$GZ$5,AZ10:CU10) -> 0 | HA10: =SUMIF($AZ$46:$CU$46,$HA$5,AZ10:CU10) -> 0 | HB10: =SUMIF($AZ$46:$CU$46,$HB$5,AZ10:CU10) -> 8990 | HC10: =SUMIF($AZ$46:$CU$46,$HC$5,AZ10:CU10) -> 215760 | HD10: =SUM(GR10,GT10,GV10,GX10,GZ10,HB10) -> 4447740 | HE10: =SUM(GS10,GU10,GW10,GY10,HA10,HC10) -> 102433760 | HG10: =SUMIF($CV$46:$EK$46,$HG$5,CV10:EK10) -> 0 | HH10: =SUMIF($CV$46:$EK$46,$HH$5,CV10:EK10) -> 0 | HI10: =SUMIF($CV$46:$EK$46,$HI$5,CV10:EK10) -> 112800 | HJ10: =SUMIF($CV$46:$EK$46,$HJ$5,CV10:EK10) -> 7332000 | HK10: =SUMIF($CV$46:$EK$46,$HK$5,CV10:EK10) -> 4160200 | HL10: =SUMIF($CV$46:$EK$46,$HL$5,CV10:EK10) -> 93506500 | HM10: =SUMIF($CV$46:$EK$46,$HM$5,CV10:EK10) -> 470 | HN10: =SUMIF($CV$46:$EK$46,$HN$5,CV10:EK10) -> 11280 | HO10: =SUMIF($CV$46:$EK$46,$HO$5,CV10:EK10) -> 0 | HP10: =SUMIF($CV$46:$EK$46,$HP$5,CV10:EK10) -> 0 | HQ10: =SUMIF($CV$46:$EK$46,$HQ$5,CV10:EK10) -> 6390 | HR10: =SUMIF($CV$46:$EK$46,$HR$5,CV10:EK10) -> 153360 | HS10: =SUM(HG10,HI10,HK10,HM10,HO10,HQ10) -> 4279860 | HT10: =SUM(HH10,HJ10,HL10,HN10,HP10,HR10) -> 101003140 | HV10: =SUMIF($EL$46:$GA$46,$HV$5,EL10:GA10) -> 0 | HW10: =SUMIF($EL$46:$GA$46,$HW$5,EL10:GA10) -> 0 | HX10: =SUMIF($EL$46:$GA$46,$HX$5,EL10:GA10) -> 109300 | HY10: =SUMIF($EL$46:$GA$46,$HY$5,EL10:GA10) -> 7104500 | HZ10: =SUMIF($EL$46:$GA$46,$HZ$5,EL10:GA10) -> 4755200 | IA10: =SUMIF($EL$46:$GA$46,$IA$5,EL10:GA10) -> 108463100 | IB10: =SUMIF($EL$46:$GA$46,$IB$5,EL10:GA10) -> 380 | IC10: =SUMIF($EL$46:$GA$46,$IC$5,EL10:GA10) -> 9120 | ID10: =SUMIF($EL$46:$GA$46,$ID$5,EL10:GA10) -> 0 | IE10: =SUMIF($EL$46:$GA$46,$IE$5,EL10:GA10) -> 0 | IF10: =SUMIF($EL$46:$GA$46,$IF$5,EL10:GA10) -> 5765 | IG10: =SUMIF($EL$46:$GA$46,$IG$5,EL10:GA10) -> 138360 | IH10: =SUM(HV10,HX10,HZ10,IB10,ID10,IF10) -> 4870645 | II10: =SUM(HW10,HY10,IA10,IC10,IE10,IG10) -> 115715080
A11: KABUPATEN BOJONEGORO | B11: =SUMIF($D$5:$GA$5,$B$5,D11:GA11) -> 5384128 | C11: =SUMIF($D$5:$GA$5,$C$5,D11:GA11) -> 1.0786123e+08 | D11: ='P & NP'!AY13 -> 0 | E11: ='P & NP'!AZ13 -> 0 | F11: ='P & NP'!BA13 -> 0 | G11: ='P & NP'!BB13 -> 0 | H11: ='P & NP'!BC13 -> 0 | I11: ='P & NP'!BD13 -> 0 | J11: ='P & NP'!BE13 -> 537648 | K11: ='P & NP'!BF13 -> 10724879 | ... Q11: ='P & NP'!BL13 -> 66721 | R11: =SUM(D11,F11,J11,L11,N11,P11) -> 566063 | S11: =SUM(E11,G11,K11,M11,O11,Q11) -> 11217179 | T11: ='P & NP'!AY51 -> 0 | U11: ='P & NP'!AZ51 -> 0 | V11: ='P & NP'!BA51 -> 0 | W11: ='P & NP'!BB51 -> 0 | X11: ='P & NP'!BC51 -> 0 | Y11: ='P & NP'!BD51 -> 0 | Z11: ='P & NP'!BE51 -> 516246 | AA11: ='P & NP'!BF51 -> 10341892 | ... AG11: ='P & NP'!BL51 -> 72480 | AH11: =SUM(T11,V11,Z11,AB11,AD11,AF11) -> 540145 | AI11: =SUM(U11,W11,AA11,AC11,AE11,AG11) -> 10774344 | AJ11: ='P & NP'!AY89 -> 0 | AK11: ='P & NP'!AZ89 -> 0 | AL11: ='P & NP'!BA89 -> 0 | AM11: ='P & NP'!BB89 -> 0 | AN11: ='P & NP'!BC89 -> 0 | AO11: ='P & NP'!BD89 -> 0 | AP11: ='P & NP'!BE89 -> 488845 | AQ11: ='P & NP'!BF89 -> 9843470 | ... AW11: ='P & NP'!BL89 -> 54730 | AX11: =SUM(AJ11,AL11,AP11,AR11,AT11,AV11) -> 504827 | AY11: =SUM(AK11,AM11,AQ11,AS11,AU11,AW11) -> 10163396 | AZ11: ='P & NP'!AY127 -> 0 | BA11: ='P & NP'!AZ127 -> 0 | BB11: ='P & NP'!BA127 -> 0 | BC11: ='P & NP'!BB127 -> 0 | BD11: ='P & NP'!BC127 -> 0 | BE11: ='P & NP'!BD127 -> 0 | BF11: ='P & NP'!BE127 -> 447886 | BG11: ='P & NP'!BF127 -> 9068208 | ... BM11: ='P & NP'!BL127 -> 46451 | BN11: =SUM(AZ11,BB11,BF11,BH11,BJ11,BL11) -> 460570 | BO11: =SUM(BA11,BC11,BG11,BI11,BK11,BM11) -> 9336227 | BP11: ='P & NP'!AY165 -> 0 | BQ11: ='P & NP'!AZ165 -> 0 | BR11: ='P & NP'!BA165 -> 0 | BS11: ='P & NP'!BB165 -> 0 | BT11: ='P & NP'!BC165 -> 0 | BU11: ='P & NP'!BD165 -> 0 | BV11: ='P & NP'!BE165 -> 412161 | BW11: ='P & NP'!BF165 -> 8371618 | ... CC11: ='P & NP'!BL165 -> 28040 | CD11: =SUM(BP11,BR11,BV11,BX11,BZ11,CB11) -> 422380 | CE11: =SUM(BQ11,BS11,BW11,BY11,CA11,CC11) -> 8592767 | CF11: ='P & NP'!AY203 -> 0 | CG11: ='P & NP'!AZ203 -> 0 | CH11: ='P & NP'!BA203 -> 0 | CI11: ='P & NP'!BB203 -> 0 | CJ11: ='P & NP'!BC203 -> 0 | CK11: ='P & NP'!BD203 -> 0 | CL11: ='P & NP'!BE203 -> 378066 | CM11: ='P & NP'!BF203 -> 7683089 | ... CS11: ='P & NP'!BL203 -> 20675 | CT11: =SUM(CF11,CH11,CL11,CN11,CP11,CR11) -> 383756 | CU11: =SUM(CG11,CI11,CM11,CO11,CQ11,CS11) -> 7815514 | CV11: ='P & NP'!AY241 -> 0 | CW11: ='P & NP'!AZ241 -> 0 | CX11: ='P & NP'!BA241 -> 0 | CY11: ='P & NP'!BB241 -> 0 | CZ11: ='P & NP'!BE241 -> 330496 | DA11: ='P & NP'!BF241 -> 6763176 | DB11: ='P & NP'!BG241 -> 323 | DC11: ='P & NP'!BH241 -> 8075 | DD11: ='P & NP'!BI241 -> 0 | DE11: ='P & NP'!BJ241 -> 0 | DF11: ='P & NP'!BK241 -> 765 | DG11: ='P & NP'!BL241 -> 12645 | DH11: =SUM(CV11,CX11,CZ11,DB11,DD11,DF11) -> 331584 | DI11: =SUM(CW11,CY11,DA11,DC11,DE11,DG11) -> 6783896 | DJ11: ='P & NP'!AY279 -> 0 | DK11: ='P & NP'!AZ279 -> 0 | DL11: ='P & NP'!BA279 -> 0 | DM11: ='P & NP'!BB279 -> 0 | DN11: ='P & NP'!BE279 -> 344298 | DO11: ='P & NP'!BF279 -> 6999497 | DP11: ='P & NP'!BG279 -> 412 | DQ11: ='P & NP'!BH279 -> 10300 | DR11: ='P & NP'!BI279 -> 0 | DS11: ='P & NP'!BJ279 -> 0 | DT11: ='P & NP'!BK279 -> 943 | DU11: ='P & NP'!BL279 -> 16900 | DV11: =SUM(DJ11,DL11,DN11,DP11,DR11,DT11) -> 345653 | DW11: =SUM(DK11,DM11,DO11,DQ11,DS11,DU11) -> 7026697 | DX11: ='P & NP'!AY317 -> 0 | DY11: ='P & NP'!AZ317 -> 0 | DZ11: ='P & NP'!BA317 -> 0 | EA11: ='P & NP'!BB317 -> 0 | EB11: ='P & NP'!BE317 -> 384462 | EC11: ='P & NP'!BF317 -> 7658808.5 | ED11: ='P & NP'!BG317 -> 568 | EE11: ='P & NP'!BH317 -> 14200 | EF11: ='P & NP'!BI317 -> 0 | EG11: ='P & NP'!BJ317 -> 0 | EH11: ='P & NP'!BK317 -> 1555 | EI11: ='P & NP'!BL317 -> 25495 | EJ11: =SUM(DX11,DZ11,EB11,ED11,EF11,EH11) -> 386585 | EK11: =SUM(DY11,EA11,EC11,EE11,EG11,EI11) -> 7698503.5 | EL11: ='P & NP'!AY355 -> 0 | EM11: ='P & NP'!AZ355 -> 0 | EN11: ='P & NP'!BA355 -> 0 | EO11: ='P & NP'!BB355 -> 0 | EP11: ='P & NP'!BE355 -> 418951 | EQ11: ='P & NP'!BF355 -> 8330310 | ER11: ='P & NP'!BG355 -> 846 | ES11: ='P & NP'!BH355 -> 19275 | ET11: ='P & NP'!BI355 -> 0 | EU11: ='P & NP'!BJ355 -> 0 | EV11: ='P & NP'!BK355 -> 2799 | EW11: ='P & NP'!BL355 -> 45577 | EX11: =SUM(EL11,EN11,EP11,ER11,ET11,EV11) -> 422596 | EY11: =SUM(EM11,EO11,EQ11,ES11,EU11,EW11) -> 8395162 | EZ11: ='P & NP'!AY393 -> 0 | FA11: ='P & NP'!AZ393 -> 0 | FB11: ='P & NP'!BA393 -> 0 | FC11: ='P & NP'!BB393 -> 0 | FD11: ='P & NP'!BE393 -> 500677 | FE11: ='P & NP'!BF393 -> 9860077 | FF11: ='P & NP'!BG393 -> 1129 | FG11: ='P & NP'!BH393 -> 26080 | FH11: ='P & NP'!BI393 -> 0 | FI11: ='P & NP'!BJ393 -> 0 | FJ11: ='P & NP'!BK393 -> 3811 | FK11: ='P & NP'!BL393 -> 61485 | FL11: =SUM(EZ11,FB11,FD11,FF11,FH11,FJ11) -> 505617 | FM11: =SUM(FA11,FC11,FE11,FG11,FI11,FK11) -> 9947642 | FN11: ='P & NP'!AY431 -> 0 | FO11: ='P & NP'!AZ431 -> 0 | FP11: ='P & NP'!BA431 -> 0 | FQ11: ='P & NP'!BB431 -> 0 | FR11: ='P & NP'!BE431 -> 508669 | FS11: ='P & NP'!BF431 -> 10011381 | FT11: ='P & NP'!BG431 -> 1117 | FU11: ='P & NP'!BH431 -> 25495 | FV11: ='P & NP'!BI431 -> 0 | FW11: ='P & NP'!BJ431 -> 0 | FX11: ='P & NP'!BK431 -> 4566 | FY11: ='P & NP'!BL431 -> 73024 | FZ11: =SUM(FN11,FP11,FR11,FT11,FV11,FX11) -> 514352 | GA11: =SUM(FO11,FQ11,FS11,FU11,FW11,FY11) -> 10109900 | GC11: =SUMIF($D$46:$AY$46,$GC$5,D11:AY11) -> 0 | GD11: =SUMIF($D$46:$AY$46,$GD$5,D11:AY11) -> 0 | GE11: =SUMIF($D$46:$AY$46,$GE$5,D11:AY11) -> 0 | GF11: =SUMIF($D$46:$AY$46,$GF$5,D11:AY11) -> 0 | GG11: =SUMIF($D$46:$AY$46,$GG$5,D11:AY11) -> 1542739 | GH11: =SUMIF($D$46:$AY$46,$GH$5,D11:AY11) -> 30910241 | GI11: =SUMIF($D$46:$AY$46,$GI$5,D11:AY11) -> 56772 | GJ11: =SUMIF($D$46:$AY$46,$GJ$5,D11:AY11) -> 1050747 | GK11: =SUMIF($D$46:$AY$46,$GK$5,D11:AY11) -> 0 | GL11: =SUMIF($D$46:$AY$46,$GL$5,D11:AY11) -> 0 | GM11: =SUMIF($D$46:$AY$46,$GM$5,D11:AY11) -> 11524 | GN11: =SUMIF($D$46:$AY$46,$GN$5,D11:AY11) -> 193931 | GO11: =SUM(GC11,GE11,GG11,GI11,GK11,GM11) -> 1611035 | GP11: =SUM(GD11,GF11,GH11,GJ11,GL11,GN11) -> 32154919 | GR11: =SUMIF($AZ$46:$CU$46,$GR$5,AZ11:CU11) -> 0 | GS11: =SUMIF($AZ$46:$CU$46,$GS$5,AZ11:CU11) -> 0 | GT11: =SUMIF($AZ$46:$CU$46,$GT$5,AZ11:CU11) -> 0 | GU11: =SUMIF($AZ$46:$CU$46,$GU$5,AZ11:CU11) -> 0 | GV11: =SUMIF($AZ$46:$CU$46,$GV$5,AZ11:CU11) -> 1238113 | GW11: =SUMIF($AZ$46:$CU$46,$GW$5,AZ11:CU11) -> 25122915 | GX11: =SUMIF($AZ$46:$CU$46,$GX$5,AZ11:CU11) -> 23055 | GY11: =SUMIF($AZ$46:$CU$46,$GY$5,AZ11:CU11) -> 526427 | GZ11: =SUMIF($AZ$46:$CU$46,$GZ$5,AZ11:CU11) -> 0 | HA11: =SUMIF($AZ$46:$CU$46,$HA$5,AZ11:CU11) -> 0 | HB11: =SUMIF($AZ$46:$CU$46,$HB$5,AZ11:CU11) -> 5538 | HC11: =SUMIF($AZ$46:$CU$46,$HC$5,AZ11:CU11) -> 95166 | HD11: =SUM(GR11,GT11,GV11,GX11,GZ11,HB11) -> 1266706 | HE11: =SUM(GS11,GU11,GW11,GY11,HA11,HC11) -> 25744508 | HG11: =SUMIF($CV$46:$EK$46,$HG$5,CV11:EK11) -> 0 | HH11: =SUMIF($CV$46:$EK$46,$HH$5,CV11:EK11) -> 0 | HI11: =SUMIF($CV$46:$EK$46,$HI$5,CV11:EK11) -> 0 | HJ11: =SUMIF($CV$46:$EK$46,$HJ$5,CV11:EK11) -> 0 | HK11: =SUMIF($CV$46:$EK$46,$HK$5,CV11:EK11) -> 1059256 | HL11: =SUMIF($CV$46:$EK$46,$HL$5,CV11:EK11) -> 21421482 | HM11: =SUMIF($CV$46:$EK$46,$HM$5,CV11:EK11) -> 1303 | HN11: =SUMIF($CV$46:$EK$46,$HN$5,CV11:EK11) -> 32575 | HO11: =SUMIF($CV$46:$EK$46,$HO$5,CV11:EK11) -> 0 | HP11: =SUMIF($CV$46:$EK$46,$HP$5,CV11:EK11) -> 0 | HQ11: =SUMIF($CV$46:$EK$46,$HQ$5,CV11:EK11) -> 3263 | HR11: =SUMIF($CV$46:$EK$46,$HR$5,CV11:EK11) -> 55040 | HS11: =SUM(HG11,HI11,HK11,HM11,HO11,HQ11) -> 1063822 | HT11: =SUM(HH11,HJ11,HL11,HN11,HP11,HR11) -> 21509096 | HV11: =SUMIF($EL$46:$GA$46,$HV$5,EL11:GA11) -> 0 | HW11: =SUMIF($EL$46:$GA$46,$HW$5,EL11:GA11) -> 0 | HX11: =SUMIF($EL$46:$GA$46,$HX$5,EL11:GA11) -> 0 | HY11: =SUMIF($EL$46:$GA$46,$HY$5,EL11:GA11) -> 0 | HZ11: =SUMIF($EL$46:$GA$46,$HZ$5,EL11:GA11) -> 1428297 | IA11: =SUMIF($EL$46:$GA$46,$IA$5,EL11:GA11) -> 28201768 | IB11: =SUMIF($EL$46:$GA$46,$IB$5,EL11:GA11) -> 3092 | IC11: =SUMIF($EL$46:$GA$46,$IC$5,EL11:GA11) -> 70850 | ID11: =SUMIF($EL$46:$GA$46,$ID$5,EL11:GA11) -> 0 | IE11: =SUMIF($EL$46:$GA$46,$IE$5,EL11:GA11) -> 0 | IF11: =SUMIF($EL$46:$GA$46,$IF$5,EL11:GA11) -> 11176 | IG11: =SUMIF($EL$46:$GA$46,$IG$5,EL11:GA11) -> 180086 | IH11: =SUM(HV11,HX11,HZ11,IB11,ID11,IF11) -> 1442565 | II11: =SUM(HW11,HY11,IA11,IC11,IE11,IG11) -> 28452704
A12: KABUPATEN BONDOWOSO | B12: =SUMIF($D$5:$GA$5,$B$5,D12:GA12) -> 849316 | C12: =SUMIF($D$5:$GA$5,$C$5,D12:GA12) -> 18251469 | D12: ='P & NP'!BO13 -> 0 | E12: ='P & NP'!BP13 -> 0 | F12: ='P & NP'!BQ13 -> 0 | G12: ='P & NP'!BR13 -> 0 | H12: ='P & NP'!BS13 -> 0 | I12: ='P & NP'!BT13 -> 0 | J12: ='P & NP'!BU13 -> 75492 | K12: ='P & NP'!BV13 -> 1625994 | ... Q12: ='P & NP'!CB13 -> 0 | R12: =SUM(D12,F12,J12,L12,N12,P12) -> 75492 | S12: =SUM(E12,G12,K12,M12,O12,Q12) -> 1625994 | T12: ='P & NP'!BO51 -> 0 | U12: ='P & NP'!BP51 -> 0 | V12: ='P & NP'!BQ51 -> 0 | W12: ='P & NP'!BR51 -> 0 | X12: ='P & NP'!BS51 -> 0 | Y12: ='P & NP'!BT51 -> 0 | Z12: ='P & NP'!BU51 -> 72229 | AA12: ='P & NP'!BV51 -> 1545611 | ... AG12: ='P & NP'!CB51 -> 0 | AH12: =SUM(T12,V12,Z12,AB12,AD12,AF12) -> 72229 | AI12: =SUM(U12,W12,AA12,AC12,AE12,AG12) -> 1545611 | AJ12: ='P & NP'!BO89 -> 0 | AK12: ='P & NP'!BP89 -> 0 | AL12: ='P & NP'!BQ89 -> 0 | AM12: ='P & NP'!BR89 -> 0 | AN12: ='P & NP'!BS89 -> 0 | AO12: ='P & NP'!BT89 -> 0 | AP12: ='P & NP'!BU89 -> 78873 | AQ12: ='P & NP'!BV89 -> 1699424 | ... AW12: ='P & NP'!CB89 -> 0 | AX12: =SUM(AJ12,AL12,AP12,AR12,AT12,AV12) -> 78873 | AY12: =SUM(AK12,AM12,AQ12,AS12,AU12,AW12) -> 1699424 | AZ12: ='P & NP'!BO127 -> 0 | BA12: ='P & NP'!BP127 -> 0 | BB12: ='P & NP'!BQ127 -> 0 | BC12: ='P & NP'!BR127 -> 0 | BD12: ='P & NP'!BS127 -> 0 | BE12: ='P & NP'!BT127 -> 0 | BF12: ='P & NP'!BU127 -> 70170 | BG12: ='P & NP'!BV127 -> 1504428 | ... BM12: ='P & NP'!CB127 -> 0 | BN12: =SUM(AZ12,BB12,BF12,BH12,BJ12,BL12) -> 70170 | BO12: =SUM(BA12,BC12,BG12,BI12,BK12,BM12) -> 1504428 | BP12: ='P & NP'!BO165 -> 0 | BQ12: ='P & NP'!BP165 -> 0 | BR12: ='P & NP'!BQ165 -> 0 | BS12: ='P & NP'!BR165 -> 0 | BT12: ='P & NP'!BS165 -> 0 | BU12: ='P & NP'!BT165 -> 0 | BV12: ='P & NP'!BU165 -> 66314 | BW12: ='P & NP'!BV165 -> 1423961 | ... CC12: ='P & NP'!CB165 -> 0 | CD12: =SUM(BP12,BR12,BV12,BX12,BZ12,CB12) -> 66314 | CE12: =SUM(BQ12,BS12,BW12,BY12,CA12,CC12) -> 1423961 | CF12: ='P & NP'!BO203 -> 0 | CG12: ='P & NP'!BP203 -> 0 | CH12: ='P & NP'!BQ203 -> 0 | CI12: ='P & NP'!BR203 -> 0 | CJ12: ='P & NP'!BS203 -> 0 | CK12: ='P & NP'!BT203 -> 0 | CL12: ='P & NP'!BU203 -> 70069 | CM12: ='P & NP'!BV203 -> 1503581 | ... CS12: ='P & NP'!CB203 -> 0 | CT12: =SUM(CF12,CH12,CL12,CN12,CP12,CR12) -> 70069 | CU12: =SUM(CG12,CI12,CM12,CO12,CQ12,CS12) -> 1503581 | CV12: ='P & NP'!BO241 -> 0 | CW12: ='P & NP'!BP241 -> 0 | CX12: ='P & NP'!BQ241 -> 0 | CY12: ='P & NP'!BR241 -> 0 | CZ12: ='P & NP'!BU241 -> 67283 | DA12: ='P & NP'!BV241 -> 1442655 | DB12: ='P & NP'!BW241 -> 0 | DC12: ='P & NP'!BX241 -> 0 | DD12: ='P & NP'!BY241 -> 0 | DE12: ='P & NP'!BZ241 -> 0 | DF12: ='P & NP'!CA241 -> 0 | DG12: ='P & NP'!CB241 -> 0 | DH12: =SUM(CV12,CX12,CZ12,DB12,DD12,DF12) -> 67283 | DI12: =SUM(CW12,CY12,DA12,DC12,DE12,DG12) -> 1442655 | DJ12: ='P & NP'!BO279 -> 0 | DK12: ='P & NP'!BP279 -> 0 | DL12: ='P & NP'!BQ279 -> 0 | DM12: ='P & NP'!BR279 -> 0 | DN12: ='P & NP'!BU279 -> 69232 | DO12: ='P & NP'!BV279 -> 1488475 | DP12: ='P & NP'!BW279 -> 0 | DQ12: ='P & NP'!BX279 -> 0 | DR12: ='P & NP'!BY279 -> 0 | DS12: ='P & NP'!BZ279 -> 0 | DT12: ='P & NP'!CA279 -> 0 | DU12: ='P & NP'!CB279 -> 0 | DV12: =SUM(DJ12,DL12,DN12,DP12,DR12,DT12) -> 69232 | DW12: =SUM(DK12,DM12,DO12,DQ12,DS12,DU12) -> 1488475 | DX12: ='P & NP'!BO317 -> 0 | DY12: ='P & NP'!BP317 -> 0 | DZ12: ='P & NP'!BQ317 -> 0 | EA12: ='P & NP'!BR317 -> 0 | EB12: ='P & NP'!BU317 -> 66202 | EC12: ='P & NP'!BV317 -> 1421964 | ED12: ='P & NP'!BW317 -> 0 | EE12: ='P & NP'!BX317 -> 0 | EF12: ='P & NP'!BY317 -> 0 | EG12: ='P & NP'!BZ317 -> 0 | EH12: ='P & NP'!CA317 -> 0 | EI12: ='P & NP'!CB317 -> 0 | EJ12: =SUM(DX12,DZ12,EB12,ED12,EF12,EH12) -> 66202 | EK12: =SUM(DY12,EA12,EC12,EE12,EG12,EI12) -> 1421964 | EL12: ='P & NP'!BO355 -> 0 | EM12: ='P & NP'!BP355 -> 0 | EN12: ='P & NP'!BQ355 -> 0 | EO12: ='P & NP'!BR355 -> 0 | EP12: ='P & NP'!BU355 -> 67037 | EQ12: ='P & NP'!BV355 -> 1437315 | ER12: ='P & NP'!BW355 -> 0 | ES12: ='P & NP'!BX355 -> 0 | ET12: ='P & NP'!BY355 -> 0 | EU12: ='P & NP'!BZ355 -> 0 | EV12: ='P & NP'!CA355 -> 0 | EW12: ='P & NP'!CB355 -> 0 | EX12: =SUM(EL12,EN12,EP12,ER12,ET12,EV12) -> 67037 | EY12: =SUM(EM12,EO12,EQ12,ES12,EU12,EW12) -> 1437315 | EZ12: ='P & NP'!BO393 -> 0 | FA12: ='P & NP'!BP393 -> 0 | FB12: ='P & NP'!BQ393 -> 0 | FC12: ='P & NP'!BR393 -> 0 | FD12: ='P & NP'!BU393 -> 67907 | FE12: ='P & NP'!BV393 -> 1458717 | FF12: ='P & NP'!BW393 -> 0 | FG12: ='P & NP'!BX393 -> 0 | FH12: ='P & NP'!BY393 -> 0 | FI12: ='P & NP'!BZ393 -> 0 | FJ12: ='P & NP'!CA393 -> 0 | FK12: ='P & NP'!CB393 -> 0 | FL12: =SUM(EZ12,FB12,FD12,FF12,FH12,FJ12) -> 67907 | FM12: =SUM(FA12,FC12,FE12,FG12,FI12,FK12) -> 1458717 | FN12: ='P & NP'!BO431 -> 0 | FO12: ='P & NP'!BP431 -> 0 | FP12: ='P & NP'!BQ431 -> 0 | FQ12: ='P & NP'!BR431 -> 0 | FR12: ='P & NP'!BU431 -> 78508 | FS12: ='P & NP'!BV431 -> 1699344 | FT12: ='P & NP'!BW431 -> 0 | FU12: ='P & NP'!BX431 -> 0 | FV12: ='P & NP'!BY431 -> 0 | FW12: ='P & NP'!BZ431 -> 0 | FX12: ='P & NP'!CA431 -> 0 | FY12: ='P & NP'!CB431 -> 0 | FZ12: =SUM(FN12,FP12,FR12,FT12,FV12,FX12) -> 78508 | GA12: =SUM(FO12,FQ12,FS12,FU12,FW12,FY12) -> 1699344 | GC12: =SUMIF($D$46:$AY$46,$GC$5,D12:AY12) -> 0 | GD12: =SUMIF($D$46:$AY$46,$GD$5,D12:AY12) -> 0 | GE12: =SUMIF($D$46:$AY$46,$GE$5,D12:AY12) -> 0 | GF12: =SUMIF($D$46:$AY$46,$GF$5,D12:AY12) -> 0 | GG12: =SUMIF($D$46:$AY$46,$GG$5,D12:AY12) -> 226594 | GH12: =SUMIF($D$46:$AY$46,$GH$5,D12:AY12) -> 4871029 | GI12: =SUMIF($D$46:$AY$46,$GI$5,D12:AY12) -> 0 | GJ12: =SUMIF($D$46:$AY$46,$GJ$5,D12:AY12) -> 0 | GK12: =SUMIF($D$46:$AY$46,$GK$5,D12:AY12) -> 0 | GL12: =SUMIF($D$46:$AY$46,$GL$5,D12:AY12) -> 0 | GM12: =SUMIF($D$46:$AY$46,$GM$5,D12:AY12) -> 0 | GN12: =SUMIF($D$46:$AY$46,$GN$5,D12:AY12) -> 0 | GO12: =SUM(GC12,GE12,GG12,GI12,GK12,GM12) -> 226594 | GP12: =SUM(GD12,GF12,GH12,GJ12,GL12,GN12) -> 4871029 | GR12: =SUMIF($AZ$46:$CU$46,$GR$5,AZ12:CU12) -> 0 | GS12: =SUMIF($AZ$46:$CU$46,$GS$5,AZ12:CU12) -> 0 | GT12: =SUMIF($AZ$46:$CU$46,$GT$5,AZ12:CU12) -> 0 | GU12: =SUMIF($AZ$46:$CU$46,$GU$5,AZ12:CU12) -> 0 | GV12: =SUMIF($AZ$46:$CU$46,$GV$5,AZ12:CU12) -> 206553 | GW12: =SUMIF($AZ$46:$CU$46,$GW$5,AZ12:CU12) -> 4431970 | GX12: =SUMIF($AZ$46:$CU$46,$GX$5,AZ12:CU12) -> 0 | GY12: =SUMIF($AZ$46:$CU$46,$GY$5,AZ12:CU12) -> 0 | GZ12: =SUMIF($AZ$46:$CU$46,$GZ$5,AZ12:CU12) -> 0 | HA12: =SUMIF($AZ$46:$CU$46,$HA$5,AZ12:CU12) -> 0 | HB12: =SUMIF($AZ$46:$CU$46,$HB$5,AZ12:CU12) -> 0 | HC12: =SUMIF($AZ$46:$CU$46,$HC$5,AZ12:CU12) -> 0 | HD12: =SUM(GR12,GT12,GV12,GX12,GZ12,HB12) -> 206553 | HE12: =SUM(GS12,GU12,GW12,GY12,HA12,HC12) -> 4431970 | HG12: =SUMIF($CV$46:$EK$46,$HG$5,CV12:EK12) -> 0 | HH12: =SUMIF($CV$46:$EK$46,$HH$5,CV12:EK12) -> 0 | HI12: =SUMIF($CV$46:$EK$46,$HI$5,CV12:EK12) -> 0 | HJ12: =SUMIF($CV$46:$EK$46,$HJ$5,CV12:EK12) -> 0 | HK12: =SUMIF($CV$46:$EK$46,$HK$5,CV12:EK12) -> 202717 | HL12: =SUMIF($CV$46:$EK$46,$HL$5,CV12:EK12) -> 4353094 | HM12: =SUMIF($CV$46:$EK$46,$HM$5,CV12:EK12) -> 0 | HN12: =SUMIF($CV$46:$EK$46,$HN$5,CV12:EK12) -> 0 | HO12: =SUMIF($CV$46:$EK$46,$HO$5,CV12:EK12) -> 0 | HP12: =SUMIF($CV$46:$EK$46,$HP$5,CV12:EK12) -> 0 | HQ12: =SUMIF($CV$46:$EK$46,$HQ$5,CV12:EK12) -> 0 | HR12: =SUMIF($CV$46:$EK$46,$HR$5,CV12:EK12) -> 0 | HS12: =SUM(HG12,HI12,HK12,HM12,HO12,HQ12) -> 202717 | HT12: =SUM(HH12,HJ12,HL12,HN12,HP12,HR12) -> 4353094 | HV12: =SUMIF($EL$46:$GA$46,$HV$5,EL12:GA12) -> 0 | HW12: =SUMIF($EL$46:$GA$46,$HW$5,EL12:GA12) -> 0 | HX12: =SUMIF($EL$46:$GA$46,$HX$5,EL12:GA12) -> 0 | HY12: =SUMIF($EL$46:$GA$46,$HY$5,EL12:GA12) -> 0 | HZ12: =SUMIF($EL$46:$GA$46,$HZ$5,EL12:GA12) -> 213452 | IA12: =SUMIF($EL$46:$GA$46,$IA$5,EL12:GA12) -> 4595376 | IB12: =SUMIF($EL$46:$GA$46,$IB$5,EL12:GA12) -> 0 | IC12: =SUMIF($EL$46:$GA$46,$IC$5,EL12:GA12) -> 0 | ID12: =SUMIF($EL$46:$GA$46,$ID$5,EL12:GA12) -> 0 | IE12: =SUMIF($EL$46:$GA$46,$IE$5,EL12:GA12) -> 0 | IF12: =SUMIF($EL$46:$GA$46,$IF$5,EL12:GA12) -> 0 | IG12: =SUMIF($EL$46:$GA$46,$IG$5,EL12:GA12) -> 0 | IH12: =SUM(HV12,HX12,HZ12,IB12,ID12,IF12) -> 213452 | II12: =SUM(HW12,HY12,IA12,IC12,IE12,IG12) -> 4595376
A13: KABUPATEN GRESIK | B13: =SUMIF($D$5:$GA$5,$B$5,D13:GA13) -> 1.6043907e+08 | C13: =SUMIF($D$5:$GA$5,$C$5,D13:GA13) -> 3.5449557e+09 | D13: ='P & NP'!CE13 -> 154755 | E13: ='P & NP'!CF13 -> 773776 | F13: ='P & NP'!CG13 -> 7132948.8 | G13: ='P & NP'!CH13 -> 2.0111525e+08 | H13: ='P & NP'!CI13 -> 0 | I13: ='P & NP'!CJ13 -> 0 | J13: ='P & NP'!CK13 -> 4756013 | K13: ='P & NP'!CL13 -> 84122911 | ... Q13: ='P & NP'!CR13 -> 0 | R13: =SUM(D13,F13,J13,L13,N13,P13) -> 12043717 | S13: =SUM(E13,G13,K13,M13,O13,Q13) -> 2.8601194e+08 | T13: ='P & NP'!CE51 -> 424871 | U13: ='P & NP'!CF51 -> 1699483 | V13: ='P & NP'!CG51 -> 7147479.6 | W13: ='P & NP'!CH51 -> 204225544 | X13: ='P & NP'!CI51 -> 0 | Y13: ='P & NP'!CJ51 -> 0 | Z13: ='P & NP'!CK51 -> 6566421 | AA13: ='P & NP'!CL51 -> 104948869 | ... AG13: ='P & NP'!CR51 -> 0 | AH13: =SUM(T13,V13,Z13,AB13,AD13,AF13) -> 14138772 | AI13: =SUM(U13,W13,AA13,AC13,AE13,AG13) -> 310873896 | AJ13: ='P & NP'!CE89 -> 598742 | AK13: ='P & NP'!CF89 -> 2394967 | AL13: ='P & NP'!CG89 -> 8335551 | AM13: ='P & NP'!CH89 -> 243942062 | AN13: ='P & NP'!CI89 -> 0 | AO13: ='P & NP'!CJ89 -> 0 | AP13: ='P & NP'!CK89 -> 5727627 | AQ13: ='P & NP'!CL89 -> 94620593 | ... AW13: ='P & NP'!CR89 -> 0 | AX13: =SUM(AJ13,AL13,AP13,AR13,AT13,AV13) -> 14661920 | AY13: =SUM(AK13,AM13,AQ13,AS13,AU13,AW13) -> 3.4095762e+08 | AZ13: ='P & NP'!CE127 -> 231117 | BA13: ='P & NP'!CF127 -> 1155587 | BB13: ='P & NP'!CG127 -> 7335629.7 | BC13: ='P & NP'!CH127 -> 224289914 | BD13: ='P & NP'!CI127 -> 0 | BE13: ='P & NP'!CJ127 -> 0 | BF13: ='P & NP'!CK127 -> 6047893 | BG13: ='P & NP'!CL127 -> 1.1271939e+08 | ... BM13: ='P & NP'!CR127 -> 0 | BN13: =SUM(AZ13,BB13,BF13,BH13,BJ13,BL13) -> 13614640 | BO13: =SUM(BA13,BC13,BG13,BI13,BK13,BM13) -> 3.3816489e+08 | BP13: ='P & NP'!CE165 -> 532414 | BQ13: ='P & NP'!CF165 -> 2662069 | BR13: ='P & NP'!CG165 -> 6853241.2 | BS13: ='P & NP'!CH165 -> 205415892 | BT13: ='P & NP'!CI165 -> 0 | BU13: ='P & NP'!CJ165 -> 0 | BV13: ='P & NP'!CK165 -> 5705445 | BW13: ='P & NP'!CL165 -> 101585822 | ... CC13: ='P & NP'!CR165 -> 0 | CD13: =SUM(BP13,BR13,BV13,BX13,BZ13,CB13) -> 13091100 | CE13: =SUM(BQ13,BS13,BW13,BY13,CA13,CC13) -> 309663783 | CF13: ='P & NP'!CE203 -> 643975.69 | CG13: ='P & NP'!CF203 -> 3219878.5 | CH13: ='P & NP'!CG203 -> 6698547.9 | CI13: ='P & NP'!CH203 -> 2.0654741e+08 | CJ13: ='P & NP'!CI203 -> 0 | CK13: ='P & NP'!CJ203 -> 0 | CL13: ='P & NP'!CK203 -> 6795756.5 | CM13: ='P & NP'!CL203 -> 1.0379836e+08 | ... CS13: ='P & NP'!CR203 -> 0 | CT13: =SUM(CF13,CH13,CL13,CN13,CP13,CR13) -> 14138280 | CU13: =SUM(CG13,CI13,CM13,CO13,CQ13,CS13) -> 3.1356565e+08 | CV13: ='P & NP'!CE241 -> 904887 | CW13: ='P & NP'!CF241 -> 3619548.1 | CX13: ='P & NP'!CG241 -> 6480550.3 | CY13: ='P & NP'!CH241 -> 1.8854166e+08 | CZ13: ='P & NP'!CK241 -> 5181923 | DA13: ='P & NP'!CL241 -> 82867186 | DB13: ='P & NP'!CM241 -> 0 | DC13: ='P & NP'!CN241 -> 0 | DD13: ='P & NP'!CO241 -> 0 | DE13: ='P & NP'!CP241 -> 0 | DF13: ='P & NP'!CQ241 -> 0 | DG13: ='P & NP'!CR241 -> 0 | DH13: =SUM(CV13,CX13,CZ13,DB13,DD13,DF13) -> 12567360 | DI13: =SUM(CW13,CY13,DA13,DC13,DE13,DG13) -> 2.7502839e+08 | DJ13: ='P & NP'!CE279 -> 1868475 | DK13: ='P & NP'!CF279 -> 7473898 | DL13: ='P & NP'!CG279 -> 6410932 | DM13: ='P & NP'!CH279 -> 193685689 | DN13: ='P & NP'!CK279 -> 4811596 | DO13: ='P & NP'!CL279 -> 82547961 | DP13: ='P & NP'!CM279 -> 0 | DQ13: ='P & NP'!CN279 -> 0 | DR13: ='P & NP'!CO279 -> 0 | DS13: ='P & NP'!CP279 -> 0 | DT13: ='P & NP'!CQ279 -> 0 | DU13: ='P & NP'!CR279 -> 0 | DV13: =SUM(DJ13,DL13,DN13,DP13,DR13,DT13) -> 13091003 | DW13: =SUM(DK13,DM13,DO13,DQ13,DS13,DU13) -> 283707548 | DX13: ='P & NP'!CE317 -> 1910940 | DY13: ='P & NP'!CF317 -> 7643760 | DZ13: ='P & NP'!CG317 -> 7149253 | EA13: ='P & NP'!CH317 -> 206553527 | EB13: ='P & NP'!CK317 -> 5282728 | EC13: ='P & NP'!CL317 -> 83501775 | ED13: ='P & NP'!CM317 -> 0 | EE13: ='P & NP'!CN317 -> 0 | EF13: ='P & NP'!CO317 -> 0 | EG13: ='P & NP'!CP317 -> 0 | EH13: ='P & NP'!CQ317 -> 0 | EI13: ='P & NP'!CR317 -> 0 | EJ13: =SUM(DX13,DZ13,EB13,ED13,EF13,EH13) -> 14342921 | EK13: =SUM(DY13,EA13,EC13,EE13,EG13,EI13) -> 297699062 | EL13: ='P & NP'!CE355 -> 3111508.6 | EM13: ='P & NP'!CF355 -> 9334525.9 | EN13: ='P & NP'!CG355 -> 6567503.8 | EO13: ='P & NP'!CH355 -> 1.6812278e+08 | EP13: ='P & NP'!CK355 -> 4982909.6 | EQ13: ='P & NP'!CL355 -> 87254034 | ER13: ='P & NP'!CM355 -> 0 | ES13: ='P & NP'!CN355 -> 0 | ET13: ='P & NP'!CO355 -> 0 | EU13: ='P & NP'!CP355 -> 0 | EV13: ='P & NP'!CQ355 -> 0 | EW13: ='P & NP'!CR355 -> 0 | EX13: =SUM(EL13,EN13,EP13,ER13,ET13,EV13) -> 14661922 | EY13: =SUM(EM13,EO13,EQ13,ES13,EU13,EW13) -> 2.6471134e+08 | EZ13: ='P & NP'!CE393 -> 1767741 | FA13: ='P & NP'!CF393 -> 7070964.1 | FB13: ='P & NP'!CG393 -> 6075891.9 | FC13: ='P & NP'!CH393 -> 1.6712153e+08 | FD13: ='P & NP'!CK393 -> 4200087.1 | FE13: ='P & NP'!CL393 -> 84889666 | FF13: ='P & NP'!CM393 -> 0 | FG13: ='P & NP'!CN393 -> 0 | FH13: ='P & NP'!CO393 -> 0 | FI13: ='P & NP'!CP393 -> 0 | FJ13: ='P & NP'!CQ393 -> 0 | FK13: ='P & NP'!CR393 -> 0 | FL13: =SUM(EZ13,FB13,FD13,FF13,FH13,FJ13) -> 12043720 | FM13: =SUM(FA13,FC13,FE13,FG13,FI13,FK13) -> 2.5908216e+08 | FN13: ='P & NP'!CE431 -> 1591252.6 | FO13: ='P & NP'!CF431 -> 6365010 | FP13: ='P & NP'!CG431 -> 6258431.6 | FQ13: ='P & NP'!CH431 -> 175700609 | FR13: ='P & NP'!CK431 -> 4194035.6 | FS13: ='P & NP'!CL431 -> 83423825 | FT13: ='P & NP'!CM431 -> 0 | FU13: ='P & NP'!CN431 -> 0 | FV13: ='P & NP'!CO431 -> 0 | FW13: ='P & NP'!CP431 -> 0 | FX13: ='P & NP'!CQ431 -> 0 | FY13: ='P & NP'!CR431 -> 0 | FZ13: =SUM(FN13,FP13,FR13,FT13,FV13,FX13) -> 12043720 | GA13: =SUM(FO13,FQ13,FS13,FU13,FW13,FY13) -> 2.6548944e+08 | GC13: =SUMIF($D$46:$AY$46,$GC$5,D13:AY13) -> 1178368 | GD13: =SUMIF($D$46:$AY$46,$GD$5,D13:AY13) -> 4868226 | GE13: =SUMIF($D$46:$AY$46,$GE$5,D13:AY13) -> 22615979 | GF13: =SUMIF($D$46:$AY$46,$GF$5,D13:AY13) -> 6.4928286e+08 | GG13: =SUMIF($D$46:$AY$46,$GG$5,D13:AY13) -> 17050061 | GH13: =SUMIF($D$46:$AY$46,$GH$5,D13:AY13) -> 2.8369237e+08 | GI13: =SUMIF($D$46:$AY$46,$GI$5,D13:AY13) -> 0 | GJ13: =SUMIF($D$46:$AY$46,$GJ$5,D13:AY13) -> 0 | GK13: =SUMIF($D$46:$AY$46,$GK$5,D13:AY13) -> 0 | GL13: =SUMIF($D$46:$AY$46,$GL$5,D13:AY13) -> 0 | GM13: =SUMIF($D$46:$AY$46,$GM$5,D13:AY13) -> 0 | GN13: =SUMIF($D$46:$AY$46,$GN$5,D13:AY13) -> 0 | GO13: =SUM(GC13,GE13,GG13,GI13,GK13,GM13) -> 40844408 | GP13: =SUM(GD13,GF13,GH13,GJ13,GL13,GN13) -> 9.3784346e+08 | GR13: =SUMIF($AZ$46:$CU$46,$GR$5,AZ13:CU13) -> 1407506.7 | GS13: =SUMIF($AZ$46:$CU$46,$GS$5,AZ13:CU13) -> 7037534.5 | GT13: =SUMIF($AZ$46:$CU$46,$GT$5,AZ13:CU13) -> 20887419 | GU13: =SUMIF($AZ$46:$CU$46,$GU$5,AZ13:CU13) -> 6.3625321e+08 | GV13: =SUMIF($AZ$46:$CU$46,$GV$5,AZ13:CU13) -> 18549095 | GW13: =SUMIF($AZ$46:$CU$46,$GW$5,AZ13:CU13) -> 3.1810358e+08 | GX13: =SUMIF($AZ$46:$CU$46,$GX$5,AZ13:CU13) -> 0 | GY13: =SUMIF($AZ$46:$CU$46,$GY$5,AZ13:CU13) -> 0 | GZ13: =SUMIF($AZ$46:$CU$46,$GZ$5,AZ13:CU13) -> 0 | HA13: =SUMIF($AZ$46:$CU$46,$HA$5,AZ13:CU13) -> 0 | HB13: =SUMIF($AZ$46:$CU$46,$HB$5,AZ13:CU13) -> 0 | HC13: =SUMIF($AZ$46:$CU$46,$HC$5,AZ13:CU13) -> 0 | HD13: =SUM(GR13,GT13,GV13,GX13,GZ13,HB13) -> 40844020 | HE13: =SUM(GS13,GU13,GW13,GY13,HA13,HC13) -> 9.6139432e+08 | HG13: =SUMIF($CV$46:$EK$46,$HG$5,CV13:EK13) -> 4684302 | HH13: =SUMIF($CV$46:$EK$46,$HH$5,CV13:EK13) -> 18737206 | HI13: =SUMIF($CV$46:$EK$46,$HI$5,CV13:EK13) -> 20040735 | HJ13: =SUMIF($CV$46:$EK$46,$HJ$5,CV13:EK13) -> 5.8878087e+08 | HK13: =SUMIF($CV$46:$EK$46,$HK$5,CV13:EK13) -> 15276247 | HL13: =SUMIF($CV$46:$EK$46,$HL$5,CV13:EK13) -> 2.4891692e+08 | HM13: =SUMIF($CV$46:$EK$46,$HM$5,CV13:EK13) -> 0 | HN13: =SUMIF($CV$46:$EK$46,$HN$5,CV13:EK13) -> 0 | HO13: =SUMIF($CV$46:$EK$46,$HO$5,CV13:EK13) -> 0 | HP13: =SUMIF($CV$46:$EK$46,$HP$5,CV13:EK13) -> 0 | HQ13: =SUMIF($CV$46:$EK$46,$HQ$5,CV13:EK13) -> 0 | HR13: =SUMIF($CV$46:$EK$46,$HR$5,CV13:EK13) -> 0 | HS13: =SUM(HG13,HI13,HK13,HM13,HO13,HQ13) -> 40001284 | HT13: =SUM(HH13,HJ13,HL13,HN13,HP13,HR13) -> 8.56435e+08 | HV13: =SUMIF($EL$46:$GA$46,$HV$5,EL13:GA13) -> 6470502.2 | HW13: =SUMIF($EL$46:$GA$46,$HW$5,EL13:GA13) -> 22770500 | HX13: =SUMIF($EL$46:$GA$46,$HX$5,EL13:GA13) -> 18901827 | HY13: =SUMIF($EL$46:$GA$46,$HY$5,EL13:GA13) -> 5.1094492e+08 | HZ13: =SUMIF($EL$46:$GA$46,$HZ$5,EL13:GA13) -> 13377032 | IA13: =SUMIF($EL$46:$GA$46,$IA$5,EL13:GA13) -> 2.5556752e+08 | IB13: =SUMIF($EL$46:$GA$46,$IB$5,EL13:GA13) -> 0 | IC13: =SUMIF($EL$46:$GA$46,$IC$5,EL13:GA13) -> 0 | ID13: =SUMIF($EL$46:$GA$46,$ID$5,EL13:GA13) -> 0 | IE13: =SUMIF($EL$46:$GA$46,$IE$5,EL13:GA13) -> 0 | IF13: =SUMIF($EL$46:$GA$46,$IF$5,EL13:GA13) -> 0 | IG13: =SUMIF($EL$46:$GA$46,$IG$5,EL13:GA13) -> 0 | IH13: =SUM(HV13,HX13,HZ13,IB13,ID13,IF13) -> 38749362 | II13: =SUM(HW13,HY13,IA13,IC13,IE13,IG13) -> 7.8928294e+08
A14: KABUPATEN JEMBER | B14: =SUMIF($D$5:$GA$5,$B$5,D14:GA14) -> 16410715 | C14: =SUMIF($D$5:$GA$5,$C$5,D14:GA14) -> 5.0908062e+08 | D14: ='P & NP'!CU13 -> 0 | E14: ='P & NP'!CV13 -> 0 | F14: ='P & NP'!CW13 -> 120610 | G14: ='P & NP'!CX13 -> 8327750 | H14: ='P & NP'!CY13 -> 0 | I14: ='P & NP'!CZ13 -> 0 | J14: ='P & NP'!DA13 -> 1088540 | K14: ='P & NP'!DB13 -> 23446470 | ... Q14: ='P & NP'!DH13 -> 0 | R14: =SUM(D14,F14,J14,L14,N14,P14) -> 1209760 | S14: =SUM(E14,G14,K14,M14,O14,Q14) -> 31791470 | T14: ='P & NP'!CU51 -> 0 | U14: ='P & NP'!CV51 -> 0 | V14: ='P & NP'!CW51 -> 128180 | W14: ='P & NP'!CX51 -> 9464650 | X14: ='P & NP'!CY51 -> 0 | Y14: ='P & NP'!CZ51 -> 0 | Z14: ='P & NP'!DA51 -> 1459700 | AA14: ='P & NP'!DB51 -> 32283970 | ... AG14: ='P & NP'!DH51 -> 0 | AH14: =SUM(T14,V14,Z14,AB14,AD14,AF14) -> 1588360 | AI14: =SUM(U14,W14,AA14,AC14,AE14,AG14) -> 41762360 | AJ14: ='P & NP'!CU89 -> 0 | AK14: ='P & NP'!CV89 -> 0 | AL14: ='P & NP'!CW89 -> 119765 | AM14: ='P & NP'!CX89 -> 7703971 | AN14: ='P & NP'!CY89 -> 0 | AO14: ='P & NP'!CZ89 -> 0 | AP14: ='P & NP'!DA89 -> 1295793 | AQ14: ='P & NP'!DB89 -> 29069938 | ... AW14: ='P & NP'!DH89 -> 0 | AX14: =SUM(AJ14,AL14,AP14,AR14,AT14,AV14) -> 1430868 | AY14: =SUM(AK14,AM14,AQ14,AS14,AU14,AW14) -> 37172169 | AZ14: ='P & NP'!CU127 -> 0 | BA14: ='P & NP'!CV127 -> 0 | BB14: ='P & NP'!CW127 -> 280758 | BC14: ='P & NP'!CX127 -> 15345300 | BD14: ='P & NP'!CY127 -> 0 | BE14: ='P & NP'!CZ127 -> 0 | BF14: ='P & NP'!DA127 -> 849526 | BG14: ='P & NP'!DB127 -> 18726692 | ... BM14: ='P & NP'!DH127 -> 0 | BN14: =SUM(AZ14,BB14,BF14,BH14,BJ14,BL14) -> 1133003 | BO14: =SUM(BA14,BC14,BG14,BI14,BK14,BM14) -> 34132614 | BP14: ='P & NP'!CU165 -> 0 | BQ14: ='P & NP'!CV165 -> 0 | BR14: ='P & NP'!CW165 -> 326774 | BS14: ='P & NP'!CX165 -> 21083889 | BT14: ='P & NP'!CY165 -> 0 | BU14: ='P & NP'!CZ165 -> 0 | BV14: ='P & NP'!DA165 -> 764289 | BW14: ='P & NP'!DB165 -> 16696818 | ... CC14: ='P & NP'!DH165 -> 0 | CD14: =SUM(BP14,BR14,BV14,BX14,BZ14,CB14) -> 1093578 | CE14: =SUM(BQ14,BS14,BW14,BY14,CA14,CC14) -> 37836780 | CF14: ='P & NP'!CU203 -> 0 | CG14: ='P & NP'!CV203 -> 0 | CH14: ='P & NP'!CW203 -> 292311 | CI14: ='P & NP'!CX203 -> 18845190 | CJ14: ='P & NP'!CY203 -> 0 | CK14: ='P & NP'!CZ203 -> 0 | CL14: ='P & NP'!DA203 -> 811113 | CM14: ='P & NP'!DB203 -> 17930556 | ... CS14: ='P & NP'!DH203 -> 0 | CT14: =SUM(CF14,CH14,CL14,CN14,CP14,CR14) -> 1105544 | CU14: =SUM(CG14,CI14,CM14,CO14,CQ14,CS14) -> 36826196 | CV14: ='P & NP'!CU241 -> 0 | CW14: ='P & NP'!CV241 -> 0 | CX14: ='P & NP'!CW241 -> 450460 | CY14: ='P & NP'!CX241 -> 29046451 | CZ14: ='P & NP'!DA241 -> 955080 | DA14: ='P & NP'!DB241 -> 21097020 | DB14: ='P & NP'!DC241 -> 1930.0004 | DC14: ='P & NP'!DD241 -> 44390.009 | DD14: ='P & NP'!DE241 -> 0 | DE14: ='P & NP'!DF241 -> 0 | DF14: ='P & NP'!DG241 -> 0 | DG14: ='P & NP'!DH241 -> 0 | DH14: =SUM(CV14,CX14,CZ14,DB14,DD14,DF14) -> 1407470 | DI14: =SUM(CW14,CY14,DA14,DC14,DE14,DG14) -> 50187861 | DJ14: ='P & NP'!CU279 -> 0 | DK14: ='P & NP'!CV279 -> 0 | DL14: ='P & NP'!CW279 -> 455424.97 | DM14: ='P & NP'!CX279 -> 24866593 | DN14: ='P & NP'!DA279 -> 1054810 | DO14: ='P & NP'!DB279 -> 23299660 | DP14: ='P & NP'!DC279 -> 1815 | DQ14: ='P & NP'!DD279 -> 38120 | DR14: ='P & NP'!DE279 -> 0 | DS14: ='P & NP'!DF279 -> 0 | DT14: ='P & NP'!DG279 -> 0 | DU14: ='P & NP'!DH279 -> 0 | DV14: =SUM(DJ14,DL14,DN14,DP14,DR14,DT14) -> 1512050 | DW14: =SUM(DK14,DM14,DO14,DQ14,DS14,DU14) -> 48204373 | DX14: ='P & NP'!CU317 -> 0 | DY14: ='P & NP'!CV317 -> 0 | DZ14: ='P & NP'!CW317 -> 455424.97 | EA14: ='P & NP'!CX317 -> 24877014 | EB14: ='P & NP'!DA317 -> 1012095 | EC14: ='P & NP'!DB317 -> 22265845 | ED14: ='P & NP'!DC317 -> 1800 | EE14: ='P & NP'!DD317 -> 41400 | EF14: ='P & NP'!DE317 -> 0 | EG14: ='P & NP'!DF317 -> 0 | EH14: ='P & NP'!DG317 -> 0 | EI14: ='P & NP'!DH317 -> 0 | EJ14: =SUM(DX14,DZ14,EB14,ED14,EF14,EH14) -> 1469320 | EK14: =SUM(DY14,EA14,EC14,EE14,EG14,EI14) -> 47184259 | EL14: ='P & NP'!CU355 -> 0 | EM14: ='P & NP'!CV355 -> 0 | EN14: ='P & NP'!CW355 -> 422800 | EO14: ='P & NP'!CX355 -> 25175136 | EP14: ='P & NP'!DA355 -> 938779.53 | EQ14: ='P & NP'!DB355 -> 20282510 | ER14: ='P & NP'!DC355 -> 545 | ES14: ='P & NP'!DD355 -> 12625 | ET14: ='P & NP'!DE355 -> 0 | EU14: ='P & NP'!DF355 -> 0 | EV14: ='P & NP'!DG355 -> 0 | EW14: ='P & NP'!DH355 -> 0 | EX14: =SUM(EL14,EN14,EP14,ER14,ET14,EV14) -> 1362124.5 | EY14: =SUM(EM14,EO14,EQ14,ES14,EU14,EW14) -> 45470271 | EZ14: ='P & NP'!CU393 -> 0 | FA14: ='P & NP'!CV393 -> 0 | FB14: ='P & NP'!CW393 -> 427305 | FC14: ='P & NP'!CX393 -> 25439494 | FD14: ='P & NP'!DA393 -> 906660 | FE14: ='P & NP'!DB393 -> 19804745 | FF14: ='P & NP'!DC393 -> 1470 | FG14: ='P & NP'!DD393 -> 36750 | FH14: ='P & NP'!DE393 -> 0 | FI14: ='P & NP'!DF393 -> 0 | FJ14: ='P & NP'!DG393 -> 0 | FK14: ='P & NP'!DH393 -> 0 | FL14: =SUM(EZ14,FB14,FD14,FF14,FH14,FJ14) -> 1335435 | FM14: =SUM(FA14,FC14,FE14,FG14,FI14,FK14) -> 45280989 | FN14: ='P & NP'!CU431 -> 0 | FO14: ='P & NP'!CV431 -> 0 | FP14: ='P & NP'!CW431 -> 458255 | FQ14: ='P & NP'!CX431 -> 25030425 | FR14: ='P & NP'!DA431 -> 1300540 | FS14: ='P & NP'!DB431 -> 28090648 | FT14: ='P & NP'!DC431 -> 4408 | FU14: ='P & NP'!DD431 -> 110200 | FV14: ='P & NP'!DE431 -> 0 | FW14: ='P & NP'!DF431 -> 0 | FX14: ='P & NP'!DG431 -> 0 | FY14: ='P & NP'!DH431 -> 0 | FZ14: =SUM(FN14,FP14,FR14,FT14,FV14,FX14) -> 1763203 | GA14: =SUM(FO14,FQ14,FS14,FU14,FW14,FY14) -> 53231273 | GC14: =SUMIF($D$46:$AY$46,$GC$5,D14:AY14) -> 0 | GD14: =SUMIF($D$46:$AY$46,$GD$5,D14:AY14) -> 0 | GE14: =SUMIF($D$46:$AY$46,$GE$5,D14:AY14) -> 368555 | GF14: =SUMIF($D$46:$AY$46,$GF$5,D14:AY14) -> 25496371 | GG14: =SUMIF($D$46:$AY$46,$GG$5,D14:AY14) -> 3844033 | GH14: =SUMIF($D$46:$AY$46,$GH$5,D14:AY14) -> 84800378 | GI14: =SUMIF($D$46:$AY$46,$GI$5,D14:AY14) -> 16400 | GJ14: =SUMIF($D$46:$AY$46,$GJ$5,D14:AY14) -> 429250 | GK14: =SUMIF($D$46:$AY$46,$GK$5,D14:AY14) -> 0 | GL14: =SUMIF($D$46:$AY$46,$GL$5,D14:AY14) -> 0 | GM14: =SUMIF($D$46:$AY$46,$GM$5,D14:AY14) -> 0 | GN14: =SUMIF($D$46:$AY$46,$GN$5,D14:AY14) -> 0 | GO14: =SUM(GC14,GE14,GG14,GI14,GK14,GM14) -> 4228988 | GP14: =SUM(GD14,GF14,GH14,GJ14,GL14,GN14) -> 1.10726e+08 | GR14: =SUMIF($AZ$46:$CU$46,$GR$5,AZ14:CU14) -> 0 | GS14: =SUMIF($AZ$46:$CU$46,$GS$5,AZ14:CU14) -> 0 | GT14: =SUMIF($AZ$46:$CU$46,$GT$5,AZ14:CU14) -> 899843 | GU14: =SUMIF($AZ$46:$CU$46,$GU$5,AZ14:CU14) -> 55274379 | GV14: =SUMIF($AZ$46:$CU$46,$GV$5,AZ14:CU14) -> 2424928 | GW14: =SUMIF($AZ$46:$CU$46,$GW$5,AZ14:CU14) -> 53354066 | GX14: =SUMIF($AZ$46:$CU$46,$GX$5,AZ14:CU14) -> 7354 | GY14: =SUMIF($AZ$46:$CU$46,$GY$5,AZ14:CU14) -> 167145.01 | GZ14: =SUMIF($AZ$46:$CU$46,$GZ$5,AZ14:CU14) -> 0 | HA14: =SUMIF($AZ$46:$CU$46,$HA$5,AZ14:CU14) -> 0 | HB14: =SUMIF($AZ$46:$CU$46,$HB$5,AZ14:CU14) -> 0 | HC14: =SUMIF($AZ$46:$CU$46,$HC$5,AZ14:CU14) -> 0 | HD14: =SUM(GR14,GT14,GV14,GX14,GZ14,HB14) -> 3332125 | HE14: =SUM(GS14,GU14,GW14,GY14,HA14,HC14) -> 1.0879559e+08 | HG14: =SUMIF($CV$46:$EK$46,$HG$5,CV14:EK14) -> 0 | HH14: =SUMIF($CV$46:$EK$46,$HH$5,CV14:EK14) -> 0 | HI14: =SUMIF($CV$46:$EK$46,$HI$5,CV14:EK14) -> 1361309.9 | HJ14: =SUMIF($CV$46:$EK$46,$HJ$5,CV14:EK14) -> 78790059 | HK14: =SUMIF($CV$46:$EK$46,$HK$5,CV14:EK14) -> 3021985 | HL14: =SUMIF($CV$46:$EK$46,$HL$5,CV14:EK14) -> 66662525 | HM14: =SUMIF($CV$46:$EK$46,$HM$5,CV14:EK14) -> 5545.0004 | HN14: =SUMIF($CV$46:$EK$46,$HN$5,CV14:EK14) -> 123910.01 | HO14: =SUMIF($CV$46:$EK$46,$HO$5,CV14:EK14) -> 0 | HP14: =SUMIF($CV$46:$EK$46,$HP$5,CV14:EK14) -> 0 | HQ14: =SUMIF($CV$46:$EK$46,$HQ$5,CV14:EK14) -> 0 | HR14: =SUMIF($CV$46:$EK$46,$HR$5,CV14:EK14) -> 0 | HS14: =SUM(HG14,HI14,HK14,HM14,HO14,HQ14) -> 4388839.9 | HT14: =SUM(HH14,HJ14,HL14,HN14,HP14,HR14) -> 1.4557649e+08 | HV14: =SUMIF($EL$46:$GA$46,$HV$5,EL14:GA14) -> 0 | HW14: =SUMIF($EL$46:$GA$46,$HW$5,EL14:GA14) -> 0 | HX14: =SUMIF($EL$46:$GA$46,$HX$5,EL14:GA14) -> 1308360 | HY14: =SUMIF($EL$46:$GA$46,$HY$5,EL14:GA14) -> 75645056 | HZ14: =SUMIF($EL$46:$GA$46,$HZ$5,EL14:GA14) -> 3145979.5 | IA14: =SUMIF($EL$46:$GA$46,$IA$5,EL14:GA14) -> 68177903 | IB14: =SUMIF($EL$46:$GA$46,$IB$5,EL14:GA14) -> 6423 | IC14: =SUMIF($EL$46:$GA$46,$IC$5,EL14:GA14) -> 159575 | ID14: =SUMIF($EL$46:$GA$46,$ID$5,EL14:GA14) -> 0 | IE14: =SUMIF($EL$46:$GA$46,$IE$5,EL14:GA14) -> 0 | IF14: =SUMIF($EL$46:$GA$46,$IF$5,EL14:GA14) -> 0 | IG14: =SUMIF($EL$46:$GA$46,$IG$5,EL14:GA14) -> 0 | IH14: =SUM(HV14,HX14,HZ14,IB14,ID14,IF14) -> 4460762.5 | II14: =SUM(HW14,HY14,IA14,IC14,IE14,IG14) -> 1.4398253e+08
A15: KABUPATEN JOMBANG | B15: =SUMIF($D$5:$GA$5,$B$5,D15:GA15) -> 14792000 | C15: =SUMIF($D$5:$GA$5,$C$5,D15:GA15) -> 269622700 | D15: ='P & NP'!DK13 -> 0 | E15: ='P & NP'!DL13 -> 0 | F15: ='P & NP'!DM13 -> 0 | G15: ='P & NP'!DN13 -> 0 | H15: ='P & NP'!DO13 -> 0 | I15: ='P & NP'!DP13 -> 0 | J15: ='P & NP'!DQ13 -> 1333200 | K15: ='P & NP'!DR13 -> 23789000 | ... Q15: ='P & NP'!DX13 -> 0 | R15: =SUM(D15,F15,J15,L15,N15,P15) -> 1333200 | S15: =SUM(E15,G15,K15,M15,O15,Q15) -> 23789000 | T15: ='P & NP'!DK51 -> 0 | U15: ='P & NP'!DL51 -> 0 | V15: ='P & NP'!DM51 -> 0 | W15: ='P & NP'!DN51 -> 0 | X15: ='P & NP'!DO51 -> 0 | Y15: ='P & NP'!DP51 -> 0 | Z15: ='P & NP'!DQ51 -> 1244800 | AA15: ='P & NP'!DR51 -> 22208700 | ... AG15: ='P & NP'!DX51 -> 0 | AH15: =SUM(T15,V15,Z15,AB15,AD15,AF15) -> 1244800 | AI15: =SUM(U15,W15,AA15,AC15,AE15,AG15) -> 22208700 | AJ15: ='P & NP'!DK89 -> 0 | AK15: ='P & NP'!DL89 -> 0 | AL15: ='P & NP'!DM89 -> 0 | AM15: ='P & NP'!DN89 -> 0 | AN15: ='P & NP'!DO89 -> 0 | AO15: ='P & NP'!DP89 -> 0 | AP15: ='P & NP'!DQ89 -> 1267700 | AQ15: ='P & NP'!DR89 -> 22457050 | ... AW15: ='P & NP'!DX89 -> 0 | AX15: =SUM(AJ15,AL15,AP15,AR15,AT15,AV15) -> 1267700 | AY15: =SUM(AK15,AM15,AQ15,AS15,AU15,AW15) -> 22457050 | AZ15: ='P & NP'!DK127 -> 0 | BA15: ='P & NP'!DL127 -> 0 | BB15: ='P & NP'!DM127 -> 0 | BC15: ='P & NP'!DN127 -> 0 | BD15: ='P & NP'!DO127 -> 0 | BE15: ='P & NP'!DP127 -> 0 | BF15: ='P & NP'!DQ127 -> 1349700 | BG15: ='P & NP'!DR127 -> 24186750 | ... BM15: ='P & NP'!DX127 -> 0 | BN15: =SUM(AZ15,BB15,BF15,BH15,BJ15,BL15) -> 1349700 | BO15: =SUM(BA15,BC15,BG15,BI15,BK15,BM15) -> 24186750 | BP15: ='P & NP'!DK165 -> 0 | BQ15: ='P & NP'!DL165 -> 0 | BR15: ='P & NP'!DM165 -> 0 | BS15: ='P & NP'!DN165 -> 0 | BT15: ='P & NP'!DO165 -> 0 | BU15: ='P & NP'!DP165 -> 0 | BV15: ='P & NP'!DQ165 -> 1228600 | BW15: ='P & NP'!DR165 -> 21882900 | ... CC15: ='P & NP'!DX165 -> 0 | CD15: =SUM(BP15,BR15,BV15,BX15,BZ15,CB15) -> 1228600 | CE15: =SUM(BQ15,BS15,BW15,BY15,CA15,CC15) -> 21882900 | CF15: ='P & NP'!DK203 -> 0 | CG15: ='P & NP'!DL203 -> 0 | CH15: ='P & NP'!DM203 -> 0 | CI15: ='P & NP'!DN203 -> 0 | CJ15: ='P & NP'!DO203 -> 0 | CK15: ='P & NP'!DP203 -> 0 | CL15: ='P & NP'!DQ203 -> 1149500 | CM15: ='P & NP'!DR203 -> 20470100 | ... CS15: ='P & NP'!DX203 -> 0 | CT15: =SUM(CF15,CH15,CL15,CN15,CP15,CR15) -> 1149500 | CU15: =SUM(CG15,CI15,CM15,CO15,CQ15,CS15) -> 20470100 | CV15: ='P & NP'!DK241 -> 0 | CW15: ='P & NP'!DL241 -> 0 | CX15: ='P & NP'!DM241 -> 0 | CY15: ='P & NP'!DN241 -> 0 | CZ15: ='P & NP'!DQ241 -> 1242300 | DA15: ='P & NP'!DR241 -> 22275000 | DB15: ='P & NP'!DS241 -> 0 | DC15: ='P & NP'!DT241 -> 0 | DD15: ='P & NP'!DU241 -> 0 | DE15: ='P & NP'!DV241 -> 0 | DF15: ='P & NP'!DW241 -> 0 | DG15: ='P & NP'!DX241 -> 0 | DH15: =SUM(CV15,CX15,CZ15,DB15,DD15,DF15) -> 1242300 | DI15: =SUM(CW15,CY15,DA15,DC15,DE15,DG15) -> 22275000 | DJ15: ='P & NP'!DK279 -> 0 | DK15: ='P & NP'!DL279 -> 0 | DL15: ='P & NP'!DM279 -> 0 | DM15: ='P & NP'!DN279 -> 0 | DN15: ='P & NP'!DQ279 -> 1101200 | DO15: ='P & NP'!DR279 -> 19798100 | DP15: ='P & NP'!DS279 -> 0 | DQ15: ='P & NP'!DT279 -> 0 | DR15: ='P & NP'!DU279 -> 0 | DS15: ='P & NP'!DV279 -> 0 | DT15: ='P & NP'!DW279 -> 0 | DU15: ='P & NP'!DX279 -> 0 | DV15: =SUM(DJ15,DL15,DN15,DP15,DR15,DT15) -> 1101200 | DW15: =SUM(DK15,DM15,DO15,DQ15,DS15,DU15) -> 19798100 | DX15: ='P & NP'!DK317 -> 0 | DY15: ='P & NP'!DL317 -> 0 | DZ15: ='P & NP'!DM317 -> 0 | EA15: ='P & NP'!DN317 -> 0 | EB15: ='P & NP'!DQ317 -> 1208400 | EC15: ='P & NP'!DR317 -> 21758000 | ED15: ='P & NP'!DS317 -> 0 | EE15: ='P & NP'!DT317 -> 0 | EF15: ='P & NP'!DU317 -> 0 | EG15: ='P & NP'!DV317 -> 0 | EH15: ='P & NP'!DW317 -> 0 | EI15: ='P & NP'!DX317 -> 0 | EJ15: =SUM(DX15,DZ15,EB15,ED15,EF15,EH15) -> 1208400 | EK15: =SUM(DY15,EA15,EC15,EE15,EG15,EI15) -> 21758000 | EL15: ='P & NP'!DK355 -> 0 | EM15: ='P & NP'!DL355 -> 0 | EN15: ='P & NP'!DM355 -> 0 | EO15: ='P & NP'!DN355 -> 0 | EP15: ='P & NP'!DQ355 -> 1188800 | EQ15: ='P & NP'!DR355 -> 22684700 | ER15: ='P & NP'!DS355 -> 0 | ES15: ='P & NP'!DT355 -> 0 | ET15: ='P & NP'!DU355 -> 0 | EU15: ='P & NP'!DV355 -> 0 | EV15: ='P & NP'!DW355 -> 0 | EW15: ='P & NP'!DX355 -> 0 | EX15: =SUM(EL15,EN15,EP15,ER15,ET15,EV15) -> 1188800 | EY15: =SUM(EM15,EO15,EQ15,ES15,EU15,EW15) -> 22684700 | EZ15: ='P & NP'!DK393 -> 0 | FA15: ='P & NP'!DL393 -> 0 | FB15: ='P & NP'!DM393 -> 0 | FC15: ='P & NP'!DN393 -> 0 | FD15: ='P & NP'!DQ393 -> 1185100 | FE15: ='P & NP'!DR393 -> 23052450 | FF15: ='P & NP'!DS393 -> 0 | FG15: ='P & NP'!DT393 -> 0 | FH15: ='P & NP'!DU393 -> 0 | FI15: ='P & NP'!DV393 -> 0 | FJ15: ='P & NP'!DW393 -> 0 | FK15: ='P & NP'!DX393 -> 0 | FL15: =SUM(EZ15,FB15,FD15,FF15,FH15,FJ15) -> 1185100 | FM15: =SUM(FA15,FC15,FE15,FG15,FI15,FK15) -> 23052450 | FN15: ='P & NP'!DK431 -> 0 | FO15: ='P & NP'!DL431 -> 0 | FP15: ='P & NP'!DM431 -> 0 | FQ15: ='P & NP'!DN431 -> 0 | FR15: ='P & NP'!DQ431 -> 1292700 | FS15: ='P & NP'!DR431 -> 25059950 | FT15: ='P & NP'!DS431 -> 0 | FU15: ='P & NP'!DT431 -> 0 | FV15: ='P & NP'!DU431 -> 0 | FW15: ='P & NP'!DV431 -> 0 | FX15: ='P & NP'!DW431 -> 0 | FY15: ='P & NP'!DX431 -> 0 | FZ15: =SUM(FN15,FP15,FR15,FT15,FV15,FX15) -> 1292700 | GA15: =SUM(FO15,FQ15,FS15,FU15,FW15,FY15) -> 25059950 | GC15: =SUMIF($D$46:$AY$46,$GC$5,D15:AY15) -> 0 | GD15: =SUMIF($D$46:$AY$46,$GD$5,D15:AY15) -> 0 | GE15: =SUMIF($D$46:$AY$46,$GE$5,D15:AY15) -> 0 | GF15: =SUMIF($D$46:$AY$46,$GF$5,D15:AY15) -> 0 | GG15: =SUMIF($D$46:$AY$46,$GG$5,D15:AY15) -> 3845700 | GH15: =SUMIF($D$46:$AY$46,$GH$5,D15:AY15) -> 68454750 | GI15: =SUMIF($D$46:$AY$46,$GI$5,D15:AY15) -> 0 | GJ15: =SUMIF($D$46:$AY$46,$GJ$5,D15:AY15) -> 0 | GK15: =SUMIF($D$46:$AY$46,$GK$5,D15:AY15) -> 0 | GL15: =SUMIF($D$46:$AY$46,$GL$5,D15:AY15) -> 0 | GM15: =SUMIF($D$46:$AY$46,$GM$5,D15:AY15) -> 0 | GN15: =SUMIF($D$46:$AY$46,$GN$5,D15:AY15) -> 0 | GO15: =SUM(GC15,GE15,GG15,GI15,GK15,GM15) -> 3845700 | GP15: =SUM(GD15,GF15,GH15,GJ15,GL15,GN15) -> 68454750 | GR15: =SUMIF($AZ$46:$CU$46,$GR$5,AZ15:CU15) -> 0 | GS15: =SUMIF($AZ$46:$CU$46,$GS$5,AZ15:CU15) -> 0 | GT15: =SUMIF($AZ$46:$CU$46,$GT$5,AZ15:CU15) -> 0 | GU15: =SUMIF($AZ$46:$CU$46,$GU$5,AZ15:CU15) -> 0 | GV15: =SUMIF($AZ$46:$CU$46,$GV$5,AZ15:CU15) -> 3727800 | GW15: =SUMIF($AZ$46:$CU$46,$GW$5,AZ15:CU15) -> 66539750 | GX15: =SUMIF($AZ$46:$CU$46,$GX$5,AZ15:CU15) -> 0 | GY15: =SUMIF($AZ$46:$CU$46,$GY$5,AZ15:CU15) -> 0 | GZ15: =SUMIF($AZ$46:$CU$46,$GZ$5,AZ15:CU15) -> 0 | HA15: =SUMIF($AZ$46:$CU$46,$HA$5,AZ15:CU15) -> 0 | HB15: =SUMIF($AZ$46:$CU$46,$HB$5,AZ15:CU15) -> 0 | HC15: =SUMIF($AZ$46:$CU$46,$HC$5,AZ15:CU15) -> 0 | HD15: =SUM(GR15,GT15,GV15,GX15,GZ15,HB15) -> 3727800 | HE15: =SUM(GS15,GU15,GW15,GY15,HA15,HC15) -> 66539750 | HG15: =SUMIF($CV$46:$EK$46,$HG$5,CV15:EK15) -> 0 | HH15: =SUMIF($CV$46:$EK$46,$HH$5,CV15:EK15) -> 0 | HI15: =SUMIF($CV$46:$EK$46,$HI$5,CV15:EK15) -> 0 | HJ15: =SUMIF($CV$46:$EK$46,$HJ$5,CV15:EK15) -> 0 | HK15: =SUMIF($CV$46:$EK$46,$HK$5,CV15:EK15) -> 3551900 | HL15: =SUMIF($CV$46:$EK$46,$HL$5,CV15:EK15) -> 63831100 | HM15: =SUMIF($CV$46:$EK$46,$HM$5,CV15:EK15) -> 0 | HN15: =SUMIF($CV$46:$EK$46,$HN$5,CV15:EK15) -> 0 | HO15: =SUMIF($CV$46:$EK$46,$HO$5,CV15:EK15) -> 0 | HP15: =SUMIF($CV$46:$EK$46,$HP$5,CV15:EK15) -> 0 | HQ15: =SUMIF($CV$46:$EK$46,$HQ$5,CV15:EK15) -> 0 | HR15: =SUMIF($CV$46:$EK$46,$HR$5,CV15:EK15) -> 0 | HS15: =SUM(HG15,HI15,HK15,HM15,HO15,HQ15) -> 3551900 | HT15: =SUM(HH15,HJ15,HL15,HN15,HP15,HR15) -> 63831100 | HV15: =SUMIF($EL$46:$GA$46,$HV$5,EL15:GA15) -> 0 | HW15: =SUMIF($EL$46:$GA$46,$HW$5,EL15:GA15) -> 0 | HX15: =SUMIF($EL$46:$GA$46,$HX$5,EL15:GA15) -> 0 | HY15: =SUMIF($EL$46:$GA$46,$HY$5,EL15:GA15) -> 0 | HZ15: =SUMIF($EL$46:$GA$46,$HZ$5,EL15:GA15) -> 3666600 | IA15: =SUMIF($EL$46:$GA$46,$IA$5,EL15:GA15) -> 70797100 | IB15: =SUMIF($EL$46:$GA$46,$IB$5,EL15:GA15) -> 0 | IC15: =SUMIF($EL$46:$GA$46,$IC$5,EL15:GA15) -> 0 | ID15: =SUMIF($EL$46:$GA$46,$ID$5,EL15:GA15) -> 0 | IE15: =SUMIF($EL$46:$GA$46,$IE$5,EL15:GA15) -> 0 | IF15: =SUMIF($EL$46:$GA$46,$IF$5,EL15:GA15) -> 0 | IG15: =SUMIF($EL$46:$GA$46,$IG$5,EL15:GA15) -> 0 | IH15: =SUM(HV15,HX15,HZ15,IB15,ID15,IF15) -> 3666600 | II15: =SUM(HW15,HY15,IA15,IC15,IE15,IG15) -> 70797100
A16: KABUPATEN KEDIRI | B16: =SUMIF($D$5:$GA$5,$B$5,D16:GA16) -> 25514275 | C16: =SUMIF($D$5:$GA$5,$C$5,D16:GA16) -> 482643365 | D16: ='P & NP'!EA13 -> 0 | E16: ='P & NP'!EB13 -> 0 | F16: ='P & NP'!EC13 -> 0 | G16: ='P & NP'!ED13 -> 0 | H16: ='P & NP'!EE13 -> 0 | I16: ='P & NP'!EF13 -> 0 | J16: ='P & NP'!EG13 -> 2088550 | K16: ='P & NP'!EH13 -> 39429650 | ... Q16: ='P & NP'!EN13 -> 0 | R16: =SUM(D16,F16,J16,L16,N16,P16) -> 2088550 | S16: =SUM(E16,G16,K16,M16,O16,Q16) -> 39429650 | T16: ='P & NP'!EA51 -> 0 | U16: ='P & NP'!EB51 -> 0 | V16: ='P & NP'!EC51 -> 0 | W16: ='P & NP'!ED51 -> 0 | X16: ='P & NP'!EE51 -> 0 | Y16: ='P & NP'!EF51 -> 0 | Z16: ='P & NP'!EG51 -> 2135320 | AA16: ='P & NP'!EH51 -> 40174720 | ... AG16: ='P & NP'!EN51 -> 0 | AH16: =SUM(T16,V16,Z16,AB16,AD16,AF16) -> 2135320 | AI16: =SUM(U16,W16,AA16,AC16,AE16,AG16) -> 40174720 | AJ16: ='P & NP'!EA89 -> 0 | AK16: ='P & NP'!EB89 -> 0 | AL16: ='P & NP'!EC89 -> 0 | AM16: ='P & NP'!ED89 -> 0 | AN16: ='P & NP'!EE89 -> 0 | AO16: ='P & NP'!EF89 -> 0 | AP16: ='P & NP'!EG89 -> 2193250 | AQ16: ='P & NP'!EH89 -> 40848750 | ... AW16: ='P & NP'!EN89 -> 0 | AX16: =SUM(AJ16,AL16,AP16,AR16,AT16,AV16) -> 2193250 | AY16: =SUM(AK16,AM16,AQ16,AS16,AU16,AW16) -> 40848750 | AZ16: ='P & NP'!EA127 -> 0 | BA16: ='P & NP'!EB127 -> 0 | BB16: ='P & NP'!EC127 -> 0 | BC16: ='P & NP'!ED127 -> 0 | BD16: ='P & NP'!EE127 -> 0 | BE16: ='P & NP'!EF127 -> 0 | BF16: ='P & NP'!EG127 -> 2124380 | BG16: ='P & NP'!EH127 -> 39836580 | ... BM16: ='P & NP'!EN127 -> 0 | BN16: =SUM(AZ16,BB16,BF16,BH16,BJ16,BL16) -> 2124380 | BO16: =SUM(BA16,BC16,BG16,BI16,BK16,BM16) -> 39836580 | BP16: ='P & NP'!EA165 -> 0 | BQ16: ='P & NP'!EB165 -> 0 | BR16: ='P & NP'!EC165 -> 0 | BS16: ='P & NP'!ED165 -> 0 | BT16: ='P & NP'!EE165 -> 0 | BU16: ='P & NP'!EF165 -> 0 | BV16: ='P & NP'!EG165 -> 2363345 | BW16: ='P & NP'!EH165 -> 44285395 | ... CC16: ='P & NP'!EN165 -> 0 | CD16: =SUM(BP16,BR16,BV16,BX16,BZ16,CB16) -> 2363345 | CE16: =SUM(BQ16,BS16,BW16,BY16,CA16,CC16) -> 44285395 | CF16: ='P & NP'!EA203 -> 0 | CG16: ='P & NP'!EB203 -> 0 | CH16: ='P & NP'!EC203 -> 0 | CI16: ='P & NP'!ED203 -> 0 | CJ16: ='P & NP'!EE203 -> 0 | CK16: ='P & NP'!EF203 -> 0 | CL16: ='P & NP'!EG203 -> 2429395 | CM16: ='P & NP'!EH203 -> 45419385 | ... CS16: ='P & NP'!EN203 -> 0 | CT16: =SUM(CF16,CH16,CL16,CN16,CP16,CR16) -> 2429395 | CU16: =SUM(CG16,CI16,CM16,CO16,CQ16,CS16) -> 45419385 | CV16: ='P & NP'!EA241 -> 0 | CW16: ='P & NP'!EB241 -> 0 | CX16: ='P & NP'!EC241 -> 0 | CY16: ='P & NP'!ED241 -> 0 | CZ16: ='P & NP'!EG241 -> 2040430 | DA16: ='P & NP'!EH241 -> 38336050 | DB16: ='P & NP'!EI241 -> 0 | DC16: ='P & NP'!EJ241 -> 0 | DD16: ='P & NP'!EK241 -> 0 | DE16: ='P & NP'!EL241 -> 0 | DF16: ='P & NP'!EM241 -> 0 | DG16: ='P & NP'!EN241 -> 0 | DH16: =SUM(CV16,CX16,CZ16,DB16,DD16,DF16) -> 2040430 | DI16: =SUM(CW16,CY16,DA16,DC16,DE16,DG16) -> 38336050 | DJ16: ='P & NP'!EA279 -> 0 | DK16: ='P & NP'!EB279 -> 0 | DL16: ='P & NP'!EC279 -> 0 | DM16: ='P & NP'!ED279 -> 0 | DN16: ='P & NP'!EG279 -> 2054940 | DO16: ='P & NP'!EH279 -> 38622540 | DP16: ='P & NP'!EI279 -> 0 | DQ16: ='P & NP'!EJ279 -> 0 | DR16: ='P & NP'!EK279 -> 0 | DS16: ='P & NP'!EL279 -> 0 | DT16: ='P & NP'!EM279 -> 0 | DU16: ='P & NP'!EN279 -> 0 | DV16: =SUM(DJ16,DL16,DN16,DP16,DR16,DT16) -> 2054940 | DW16: =SUM(DK16,DM16,DO16,DQ16,DS16,DU16) -> 38622540 | DX16: ='P & NP'!EA317 -> 0 | DY16: ='P & NP'!EB317 -> 0 | DZ16: ='P & NP'!EC317 -> 0 | EA16: ='P & NP'!ED317 -> 0 | EB16: ='P & NP'!EG317 -> 2003415 | EC16: ='P & NP'!EH317 -> 37785225 | ED16: ='P & NP'!EI317 -> 0 | EE16: ='P & NP'!EJ317 -> 0 | EF16: ='P & NP'!EK317 -> 0 | EG16: ='P & NP'!EL317 -> 0 | EH16: ='P & NP'!EM317 -> 0 | EI16: ='P & NP'!EN317 -> 0 | EJ16: =SUM(DX16,DZ16,EB16,ED16,EF16,EH16) -> 2003415 | EK16: =SUM(DY16,EA16,EC16,EE16,EG16,EI16) -> 37785225 | EL16: ='P & NP'!EA355 -> 0 | EM16: ='P & NP'!EB355 -> 0 | EN16: ='P & NP'!EC355 -> 0 | EO16: ='P & NP'!ED355 -> 0 | EP16: ='P & NP'!EG355 -> 1917725 | EQ16: ='P & NP'!EH355 -> 36995615 | ER16: ='P & NP'!EI355 -> 0 | ES16: ='P & NP'!EJ355 -> 0 | ET16: ='P & NP'!EK355 -> 0 | EU16: ='P & NP'!EL355 -> 0 | EV16: ='P & NP'!EM355 -> 0 | EW16: ='P & NP'!EN355 -> 0 | EX16: =SUM(EL16,EN16,EP16,ER16,ET16,EV16) -> 1917725 | EY16: =SUM(EM16,EO16,EQ16,ES16,EU16,EW16) -> 36995615 | EZ16: ='P & NP'!EA393 -> 0 | FA16: ='P & NP'!EB393 -> 0 | FB16: ='P & NP'!EC393 -> 0 | FC16: ='P & NP'!ED393 -> 0 | FD16: ='P & NP'!EG393 -> 2044945 | FE16: ='P & NP'!EH393 -> 39656375 | FF16: ='P & NP'!EI393 -> 0 | FG16: ='P & NP'!EJ393 -> 0 | FH16: ='P & NP'!EK393 -> 0 | FI16: ='P & NP'!EL393 -> 0 | FJ16: ='P & NP'!EM393 -> 0 | FK16: ='P & NP'!EN393 -> 0 | FL16: =SUM(EZ16,FB16,FD16,FF16,FH16,FJ16) -> 2044945 | FM16: =SUM(FA16,FC16,FE16,FG16,FI16,FK16) -> 39656375 | FN16: ='P & NP'!EA431 -> 0 | FO16: ='P & NP'!EB431 -> 0 | FP16: ='P & NP'!EC431 -> 0 | FQ16: ='P & NP'!ED431 -> 0 | FR16: ='P & NP'!EG431 -> 2118580 | FS16: ='P & NP'!EH431 -> 41253080 | FT16: ='P & NP'!EI431 -> 0 | FU16: ='P & NP'!EJ431 -> 0 | FV16: ='P & NP'!EK431 -> 0 | FW16: ='P & NP'!EL431 -> 0 | FX16: ='P & NP'!EM431 -> 0 | FY16: ='P & NP'!EN431 -> 0 | FZ16: =SUM(FN16,FP16,FR16,FT16,FV16,FX16) -> 2118580 | GA16: =SUM(FO16,FQ16,FS16,FU16,FW16,FY16) -> 41253080 | GC16: =SUMIF($D$46:$AY$46,$GC$5,D16:AY16) -> 0 | GD16: =SUMIF($D$46:$AY$46,$GD$5,D16:AY16) -> 0 | GE16: =SUMIF($D$46:$AY$46,$GE$5,D16:AY16) -> 0 | GF16: =SUMIF($D$46:$AY$46,$GF$5,D16:AY16) -> 0 | GG16: =SUMIF($D$46:$AY$46,$GG$5,D16:AY16) -> 6417120 | GH16: =SUMIF($D$46:$AY$46,$GH$5,D16:AY16) -> 120453120 | GI16: =SUMIF($D$46:$AY$46,$GI$5,D16:AY16) -> 0 | GJ16: =SUMIF($D$46:$AY$46,$GJ$5,D16:AY16) -> 0 | GK16: =SUMIF($D$46:$AY$46,$GK$5,D16:AY16) -> 0 | GL16: =SUMIF($D$46:$AY$46,$GL$5,D16:AY16) -> 0 | GM16: =SUMIF($D$46:$AY$46,$GM$5,D16:AY16) -> 0 | GN16: =SUMIF($D$46:$AY$46,$GN$5,D16:AY16) -> 0 | GO16: =SUM(GC16,GE16,GG16,GI16,GK16,GM16) -> 6417120 | GP16: =SUM(GD16,GF16,GH16,GJ16,GL16,GN16) -> 120453120 | GR16: =SUMIF($AZ$46:$CU$46,$GR$5,AZ16:CU16) -> 0 | GS16: =SUMIF($AZ$46:$CU$46,$GS$5,AZ16:CU16) -> 0 | GT16: =SUMIF($AZ$46:$CU$46,$GT$5,AZ16:CU16) -> 0 | GU16: =SUMIF($AZ$46:$CU$46,$GU$5,AZ16:CU16) -> 0 | GV16: =SUMIF($AZ$46:$CU$46,$GV$5,AZ16:CU16) -> 6917120 | GW16: =SUMIF($AZ$46:$CU$46,$GW$5,AZ16:CU16) -> 129541360 | GX16: =SUMIF($AZ$46:$CU$46,$GX$5,AZ16:CU16) -> 0 | GY16: =SUMIF($AZ$46:$CU$46,$GY$5,AZ16:CU16) -> 0 | GZ16: =SUMIF($AZ$46:$CU$46,$GZ$5,AZ16:CU16) -> 0 | HA16: =SUMIF($AZ$46:$CU$46,$HA$5,AZ16:CU16) -> 0 | HB16: =SUMIF($AZ$46:$CU$46,$HB$5,AZ16:CU16) -> 0 | HC16: =SUMIF($AZ$46:$CU$46,$HC$5,AZ16:CU16) -> 0 | HD16: =SUM(GR16,GT16,GV16,GX16,GZ16,HB16) -> 6917120 | HE16: =SUM(GS16,GU16,GW16,GY16,HA16,HC16) -> 129541360 | HG16: =SUMIF($CV$46:$EK$46,$HG$5,CV16:EK16) -> 0 | HH16: =SUMIF($CV$46:$EK$46,$HH$5,CV16:EK16) -> 0 | HI16: =SUMIF($CV$46:$EK$46,$HI$5,CV16:EK16) -> 0 | HJ16: =SUMIF($CV$46:$EK$46,$HJ$5,CV16:EK16) -> 0 | HK16: =SUMIF($CV$46:$EK$46,$HK$5,CV16:EK16) -> 6098785 | HL16: =SUMIF($CV$46:$EK$46,$HL$5,CV16:EK16) -> 114743815 | HM16: =SUMIF($CV$46:$EK$46,$HM$5,CV16:EK16) -> 0 | HN16: =SUMIF($CV$46:$EK$46,$HN$5,CV16:EK16) -> 0 | HO16: =SUMIF($CV$46:$EK$46,$HO$5,CV16:EK16) -> 0 | HP16: =SUMIF($CV$46:$EK$46,$HP$5,CV16:EK16) -> 0 | HQ16: =SUMIF($CV$46:$EK$46,$HQ$5,CV16:EK16) -> 0 | HR16: =SUMIF($CV$46:$EK$46,$HR$5,CV16:EK16) -> 0 | HS16: =SUM(HG16,HI16,HK16,HM16,HO16,HQ16) -> 6098785 | HT16: =SUM(HH16,HJ16,HL16,HN16,HP16,HR16) -> 114743815 | HV16: =SUMIF($EL$46:$GA$46,$HV$5,EL16:GA16) -> 0 | HW16: =SUMIF($EL$46:$GA$46,$HW$5,EL16:GA16) -> 0 | HX16: =SUMIF($EL$46:$GA$46,$HX$5,EL16:GA16) -> 0 | HY16: =SUMIF($EL$46:$GA$46,$HY$5,EL16:GA16) -> 0 | HZ16: =SUMIF($EL$46:$GA$46,$HZ$5,EL16:GA16) -> 6081250 | IA16: =SUMIF($EL$46:$GA$46,$IA$5,EL16:GA16) -> 117905070 | IB16: =SUMIF($EL$46:$GA$46,$IB$5,EL16:GA16) -> 0 | IC16: =SUMIF($EL$46:$GA$46,$IC$5,EL16:GA16) -> 0 | ID16: =SUMIF($EL$46:$GA$46,$ID$5,EL16:GA16) -> 0 | IE16: =SUMIF($EL$46:$GA$46,$IE$5,EL16:GA16) -> 0 | IF16: =SUMIF($EL$46:$GA$46,$IF$5,EL16:GA16) -> 0 | IG16: =SUMIF($EL$46:$GA$46,$IG$5,EL16:GA16) -> 0 | IH16: =SUM(HV16,HX16,HZ16,IB16,ID16,IF16) -> 6081250 | II16: =SUM(HW16,HY16,IA16,IC16,IE16,IG16) -> 117905070
A17: KABUPATEN LAMONGAN | B17: =SUMIF($D$5:$GA$5,$B$5,D17:GA17) -> 46941847 | C17: =SUMIF($D$5:$GA$5,$C$5,D17:GA17) -> 1429853525 | D17: ='P & NP'!EQ13 -> 0 | E17: ='P & NP'!ER13 -> 0 | F17: ='P & NP'!ES13 -> 437042 | G17: ='P & NP'!ET13 -> 27213910 | H17: ='P & NP'!EU13 -> 0 | I17: ='P & NP'!EV13 -> 0 | J17: ='P & NP'!EW13 -> 2492356 | K17: ='P & NP'!EX13 -> 85435687 | ... Q17: ='P & NP'!FD13 -> 8125 | R17: =SUM(D17,F17,J17,L17,N17,P17) -> 2935830 | S17: =SUM(E17,G17,K17,M17,O17,Q17) -> 112792076 | T17: ='P & NP'!EQ51 -> 0 | U17: ='P & NP'!ER51 -> 0 | V17: ='P & NP'!ES51 -> 499479 | W17: ='P & NP'!ET51 -> 31101675 | X17: ='P & NP'!EU51 -> 0 | Y17: ='P & NP'!EV51 -> 0 | Z17: ='P & NP'!EW51 -> 3744265 | AA17: ='P & NP'!EX51 -> 117362481 | ... AG17: ='P & NP'!FD51 -> 11375 | AH17: =SUM(T17,V17,Z17,AB17,AD17,AF17) -> 4251231 | AI17: =SUM(U17,W17,AA17,AC17,AE17,AG17) -> 148630235 | AJ17: ='P & NP'!EQ89 -> 0 | AK17: ='P & NP'!ER89 -> 0 | AL17: ='P & NP'!ES89 -> 312174 | AM17: ='P & NP'!ET89 -> 19438560 | AN17: ='P & NP'!EU89 -> 0 | AO17: ='P & NP'!EV89 -> 0 | AP17: ='P & NP'!EW89 -> 6455657 | AQ17: ='P & NP'!EX89 -> 189050942 | ... AW17: ='P & NP'!FD89 -> 13025 | AX17: =SUM(AJ17,AL17,AP17,AR17,AT17,AV17) -> 6773719 | AY17: =SUM(AK17,AM17,AQ17,AS17,AU17,AW17) -> 208620601 | AZ17: ='P & NP'!EQ127 -> 0 | BA17: ='P & NP'!ER127 -> 0 | BB17: ='P & NP'!ES127 -> 559417 | BC17: ='P & NP'!ET127 -> 35602837 | BD17: ='P & NP'!EU127 -> 0 | BE17: ='P & NP'!EV127 -> 0 | BF17: ='P & NP'!EW127 -> 7972332 | BG17: ='P & NP'!EX127 -> 211537821 | ... BM17: ='P & NP'!FD127 -> 9945 | BN17: =SUM(AZ17,BB17,BF17,BH17,BJ17,BL17) -> 8545468 | BO17: =SUM(BA17,BC17,BG17,BI17,BK17,BM17) -> 247370821 | BP17: ='P & NP'!EQ165 -> 0 | BQ17: ='P & NP'!ER165 -> 0 | BR17: ='P & NP'!ES165 -> 543432 | BS17: ='P & NP'!ET165 -> 34585597 | BT17: ='P & NP'!EU165 -> 0 | BU17: ='P & NP'!EV165 -> 0 | BV17: ='P & NP'!EW165 -> 13117302 | BW17: ='P & NP'!EX165 -> 324143464 | ... CC17: ='P & NP'!FD165 -> 11375 | CD17: =SUM(BP17,BR17,BV17,BX17,BZ17,CB17) -> 13676414 | CE17: =SUM(BQ17,BS17,BW17,BY17,CA17,CC17) -> 358992121 | CF17: ='P & NP'!EQ203 -> 0 | CG17: ='P & NP'!ER203 -> 0 | CH17: ='P & NP'!ES203 -> 495482 | CI17: ='P & NP'!ET203 -> 31533909 | CJ17: ='P & NP'!EU203 -> 0 | CK17: ='P & NP'!EV203 -> 0 | CL17: ='P & NP'!EW203 -> 5452742 | CM17: ='P & NP'!EX203 -> 133465749 | ... CS17: ='P & NP'!FD203 -> 7111 | CT17: =SUM(CF17,CH17,CL17,CN17,CP17,CR17) -> 5958024 | CU17: =SUM(CG17,CI17,CM17,CO17,CQ17,CS17) -> 165164070 | CV17: ='P & NP'!EQ241 -> 0 | CW17: ='P & NP'!ER241 -> 0 | CX17: ='P & NP'!ES241 -> 331642 | CY17: ='P & NP'!ET241 -> 18832540 | CZ17: ='P & NP'!EW241 -> 1294108 | DA17: ='P & NP'!EX241 -> 34248085 | DB17: ='P & NP'!EY241 -> 0 | DC17: ='P & NP'!EZ241 -> 0 | DD17: ='P & NP'!FA241 -> 5552 | DE17: ='P & NP'!FB241 -> 94384 | DF17: ='P & NP'!FC241 -> 599 | DG17: ='P & NP'!FD241 -> 11980 | DH17: =SUM(CV17,CX17,CZ17,DB17,DD17,DF17) -> 1631901 | DI17: =SUM(CW17,CY17,DA17,DC17,DE17,DG17) -> 53186989 | DJ17: ='P & NP'!EQ279 -> 0 | DK17: ='P & NP'!ER279 -> 0 | DL17: ='P & NP'!ES279 -> 316965 | DM17: ='P & NP'!ET279 -> 17213027 | DN17: ='P & NP'!EW279 -> 488781 | DO17: ='P & NP'!EX279 -> 12224969 | DP17: ='P & NP'!EY279 -> 0 | DQ17: ='P & NP'!EZ279 -> 0 | DR17: ='P & NP'!FA279 -> 3331 | DS17: ='P & NP'!FB279 -> 66620 | DT17: ='P & NP'!FC279 -> 360 | DU17: ='P & NP'!FD279 -> 7920 | DV17: =SUM(DJ17,DL17,DN17,DP17,DR17,DT17) -> 809437 | DW17: =SUM(DK17,DM17,DO17,DQ17,DS17,DU17) -> 29512536 | DX17: ='P & NP'!EQ317 -> 0 | DY17: ='P & NP'!ER317 -> 0 | DZ17: ='P & NP'!ES317 -> 315373 | EA17: ='P & NP'!ET317 -> 17562087 | EB17: ='P & NP'!EW317 -> 256143 | EC17: ='P & NP'!EX317 -> 6347854 | ED17: ='P & NP'!EY317 -> 0 | EE17: ='P & NP'!EZ317 -> 0 | EF17: ='P & NP'!FA317 -> 2221 | EG17: ='P & NP'!FB317 -> 44420 | EH17: ='P & NP'!FC317 -> 238 | EI17: ='P & NP'!FD317 -> 5236 | EJ17: =SUM(DX17,DZ17,EB17,ED17,EF17,EH17) -> 573975 | EK17: =SUM(DY17,EA17,EC17,EE17,EG17,EI17) -> 23959597 | EL17: ='P & NP'!EQ355 -> 0 | EM17: ='P & NP'!ER355 -> 0 | EN17: ='P & NP'!ES355 -> 366414 | EO17: ='P & NP'!ET355 -> 21467220 | EP17: ='P & NP'!EW355 -> 171737 | EQ17: ='P & NP'!EX355 -> 4155216 | ER17: ='P & NP'!EY355 -> 0 | ES17: ='P & NP'!EZ355 -> 0 | ET17: ='P & NP'!FA355 -> 2217 | EU17: ='P & NP'!FB355 -> 39906 | EV17: ='P & NP'!FC355 -> 159 | EW17: ='P & NP'!FD355 -> 3180 | EX17: =SUM(EL17,EN17,EP17,ER17,ET17,EV17) -> 540527 | EY17: =SUM(EM17,EO17,EQ17,ES17,EU17,EW17) -> 25665522 | EZ17: ='P & NP'!EQ393 -> 0 | FA17: ='P & NP'!ER393 -> 0 | FB17: ='P & NP'!ES393 -> 341275 | FC17: ='P & NP'!ET393 -> 20245310 | FD17: ='P & NP'!EW393 -> 201618 | FE17: ='P & NP'!EX393 -> 4955249 | FF17: ='P & NP'!EY393 -> 0 | FG17: ='P & NP'!EZ393 -> 0 | FH17: ='P & NP'!FA393 -> 2374 | FI17: ='P & NP'!FB393 -> 42732 | FJ17: ='P & NP'!FC393 -> 170 | FK17: ='P & NP'!FD393 -> 3400 | FL17: =SUM(EZ17,FB17,FD17,FF17,FH17,FJ17) -> 545437 | FM17: =SUM(FA17,FC17,FE17,FG17,FI17,FK17) -> 25246691 | FN17: ='P & NP'!EQ431 -> 0 | FO17: ='P & NP'!ER431 -> 0 | FP17: ='P & NP'!ES431 -> 362582 | FQ17: ='P & NP'!ET431 -> 21723000 | FR17: ='P & NP'!EW431 -> 334283 | FS17: ='P & NP'!EX431 -> 8934520 | FT17: ='P & NP'!EY431 -> 0 | FU17: ='P & NP'!EZ431 -> 0 | FV17: ='P & NP'!FA431 -> 2817 | FW17: ='P & NP'!FB431 -> 50706 | FX17: ='P & NP'!FC431 -> 202 | FY17: ='P & NP'!FD431 -> 4040 | FZ17: =SUM(FN17,FP17,FR17,FT17,FV17,FX17) -> 699884 | GA17: =SUM(FO17,FQ17,FS17,FU17,FW17,FY17) -> 30712266 | GC17: =SUMIF($D$46:$AY$46,$GC$5,D17:AY17) -> 0 | GD17: =SUMIF($D$46:$AY$46,$GD$5,D17:AY17) -> 0 | GE17: =SUMIF($D$46:$AY$46,$GE$5,D17:AY17) -> 1248695 | GF17: =SUMIF($D$46:$AY$46,$GF$5,D17:AY17) -> 77754145 | GG17: =SUMIF($D$46:$AY$46,$GG$5,D17:AY17) -> 12692278 | GH17: =SUMIF($D$46:$AY$46,$GH$5,D17:AY17) -> 391849110 | GI17: =SUMIF($D$46:$AY$46,$GI$5,D17:AY17) -> 0 | GJ17: =SUMIF($D$46:$AY$46,$GJ$5,D17:AY17) -> 0 | GK17: =SUMIF($D$46:$AY$46,$GK$5,D17:AY17) -> 18506 | GL17: =SUMIF($D$46:$AY$46,$GL$5,D17:AY17) -> 407132 | GM17: =SUMIF($D$46:$AY$46,$GM$5,D17:AY17) -> 1301 | GN17: =SUMIF($D$46:$AY$46,$GN$5,D17:AY17) -> 32525 | GO17: =SUM(GC17,GE17,GG17,GI17,GK17,GM17) -> 13960780 | GP17: =SUM(GD17,GF17,GH17,GJ17,GL17,GN17) -> 470042912 | GR17: =SUMIF($AZ$46:$CU$46,$GR$5,AZ17:CU17) -> 0 | GS17: =SUMIF($AZ$46:$CU$46,$GS$5,AZ17:CU17) -> 0 | GT17: =SUMIF($AZ$46:$CU$46,$GT$5,AZ17:CU17) -> 1598331 | GU17: =SUMIF($AZ$46:$CU$46,$GU$5,AZ17:CU17) -> 101722343 | GV17: =SUMIF($AZ$46:$CU$46,$GV$5,AZ17:CU17) -> 26542376 | GW17: =SUMIF($AZ$46:$CU$46,$GW$5,AZ17:CU17) -> 669147034 | GX17: =SUMIF($AZ$46:$CU$46,$GX$5,AZ17:CU17) -> 0 | GY17: =SUMIF($AZ$46:$CU$46,$GY$5,AZ17:CU17) -> 0 | GZ17: =SUMIF($AZ$46:$CU$46,$GZ$5,AZ17:CU17) -> 37012 | HA17: =SUMIF($AZ$46:$CU$46,$HA$5,AZ17:CU17) -> 629204 | HB17: =SUMIF($AZ$46:$CU$46,$HB$5,AZ17:CU17) -> 2187 | HC17: =SUMIF($AZ$46:$CU$46,$HC$5,AZ17:CU17) -> 28431 | HD17: =SUM(GR17,GT17,GV17,GX17,GZ17,HB17) -> 28179906 | HE17: =SUM(GS17,GU17,GW17,GY17,HA17,HC17) -> 771527012 | HG17: =SUMIF($CV$46:$EK$46,$HG$5,CV17:EK17) -> 0 | HH17: =SUMIF($CV$46:$EK$46,$HH$5,CV17:EK17) -> 0 | HI17: =SUMIF($CV$46:$EK$46,$HI$5,CV17:EK17) -> 963980 | HJ17: =SUMIF($CV$46:$EK$46,$HJ$5,CV17:EK17) -> 53607654 | HK17: =SUMIF($CV$46:$EK$46,$HK$5,CV17:EK17) -> 2039032 | HL17: =SUMIF($CV$46:$EK$46,$HL$5,CV17:EK17) -> 52820908 | HM17: =SUMIF($CV$46:$EK$46,$HM$5,CV17:EK17) -> 0 | HN17: =SUMIF($CV$46:$EK$46,$HN$5,CV17:EK17) -> 0 | HO17: =SUMIF($CV$46:$EK$46,$HO$5,CV17:EK17) -> 11104 | HP17: =SUMIF($CV$46:$EK$46,$HP$5,CV17:EK17) -> 205424 | HQ17: =SUMIF($CV$46:$EK$46,$HQ$5,CV17:EK17) -> 1197 | HR17: =SUMIF($CV$46:$EK$46,$HR$5,CV17:EK17) -> 25136 | HS17: =SUM(HG17,HI17,HK17,HM17,HO17,HQ17) -> 3015313 | HT17: =SUM(HH17,HJ17,HL17,HN17,HP17,HR17) -> 106659122 | HV17: =SUMIF($EL$46:$GA$46,$HV$5,EL17:GA17) -> 0 | HW17: =SUMIF($EL$46:$GA$46,$HW$5,EL17:GA17) -> 0 | HX17: =SUMIF($EL$46:$GA$46,$HX$5,EL17:GA17) -> 1070271 | HY17: =SUMIF($EL$46:$GA$46,$HY$5,EL17:GA17) -> 63435530 | HZ17: =SUMIF($EL$46:$GA$46,$HZ$5,EL17:GA17) -> 707638 | IA17: =SUMIF($EL$46:$GA$46,$IA$5,EL17:GA17) -> 18044985 | IB17: =SUMIF($EL$46:$GA$46,$IB$5,EL17:GA17) -> 0 | IC17: =SUMIF($EL$46:$GA$46,$IC$5,EL17:GA17) -> 0 | ID17: =SUMIF($EL$46:$GA$46,$ID$5,EL17:GA17) -> 7408 | IE17: =SUMIF($EL$46:$GA$46,$IE$5,EL17:GA17) -> 133344 | IF17: =SUMIF($EL$46:$GA$46,$IF$5,EL17:GA17) -> 531 | IG17: =SUMIF($EL$46:$GA$46,$IG$5,EL17:GA17) -> 10620 | IH17: =SUM(HV17,HX17,HZ17,IB17,ID17,IF17) -> 1785848 | II17: =SUM(HW17,HY17,IA17,IC17,IE17,IG17) -> 81624479
A18: KABUPATEN LUMAJANG | B18: =SUMIF($D$5:$GA$5,$B$5,D18:GA18) -> 5111596.4 | C18: =SUMIF($D$5:$GA$5,$C$5,D18:GA18) -> 1.8467193e+08 | D18: ='P & NP'!FG13 -> 0 | E18: ='P & NP'!FH13 -> 0 | F18: ='P & NP'!FI13 -> 125000 | G18: ='P & NP'!FJ13 -> 7500000 | H18: ='P & NP'!FK13 -> 0 | I18: ='P & NP'!FL13 -> 0 | J18: ='P & NP'!FM13 -> 232000 | K18: ='P & NP'!FN13 -> 6041635 | ... Q18: ='P & NP'!FT13 -> 2250000 | R18: =SUM(D18,F18,J18,L18,N18,P18) -> 432000 | S18: =SUM(E18,G18,K18,M18,O18,Q18) -> 15791635 | T18: ='P & NP'!FG51 -> 0 | U18: ='P & NP'!FH51 -> 0 | V18: ='P & NP'!FI51 -> 120000 | W18: ='P & NP'!FJ51 -> 7200000 | X18: ='P & NP'!FK51 -> 0 | Y18: ='P & NP'!FL51 -> 0 | Z18: ='P & NP'!FM51 -> 220000 | AA18: ='P & NP'!FN51 -> 5696214 | ... AG18: ='P & NP'!FT51 -> 2250000 | AH18: =SUM(T18,V18,Z18,AB18,AD18,AF18) -> 415000 | AI18: =SUM(U18,W18,AA18,AC18,AE18,AG18) -> 15146214 | AJ18: ='P & NP'!FG89 -> 0 | AK18: ='P & NP'!FH89 -> 0 | AL18: ='P & NP'!FI89 -> 140000 | AM18: ='P & NP'!FJ89 -> 8400000 | AN18: ='P & NP'!FK89 -> 0 | AO18: ='P & NP'!FL89 -> 0 | AP18: ='P & NP'!FM89 -> 240000.4 | AQ18: ='P & NP'!FN89 -> 6228198 | ... AW18: ='P & NP'!FT89 -> 2550000 | AX18: =SUM(AJ18,AL18,AP18,AR18,AT18,AV18) -> 465000.4 | AY18: =SUM(AK18,AM18,AQ18,AS18,AU18,AW18) -> 17178198 | AZ18: ='P & NP'!FG127 -> 0 | BA18: ='P & NP'!FH127 -> 0 | BB18: ='P & NP'!FI127 -> 120000 | BC18: ='P & NP'!FJ127 -> 7200000 | BD18: ='P & NP'!FK127 -> 0 | BE18: ='P & NP'!FL127 -> 0 | BF18: ='P & NP'!FM127 -> 230122 | BG18: ='P & NP'!FN127 -> 5821855 | ... BM18: ='P & NP'!FT127 -> 2250360 | BN18: =SUM(AZ18,BB18,BF18,BH18,BJ18,BL18) -> 425134 | BO18: =SUM(BA18,BC18,BG18,BI18,BK18,BM18) -> 15272215 | BP18: ='P & NP'!FG165 -> 0 | BQ18: ='P & NP'!FH165 -> 0 | BR18: ='P & NP'!FI165 -> 127000 | BS18: ='P & NP'!FJ165 -> 7620000 | BT18: ='P & NP'!FK165 -> 0 | BU18: ='P & NP'!FL165 -> 0 | BV18: ='P & NP'!FM165 -> 225600 | BW18: ='P & NP'!FN165 -> 5663131 | ... CC18: ='P & NP'!FT165 -> 2108190 | CD18: =SUM(BP18,BR18,BV18,BX18,BZ18,CB18) -> 422873 | CE18: =SUM(BQ18,BS18,BW18,BY18,CA18,CC18) -> 15391321 | CF18: ='P & NP'!FG203 -> 0 | CG18: ='P & NP'!FH203 -> 0 | CH18: ='P & NP'!FI203 -> 123000 | CI18: ='P & NP'!FJ203 -> 7380000 | CJ18: ='P & NP'!FK203 -> 0 | CK18: ='P & NP'!FL203 -> 0 | CL18: ='P & NP'!FM203 -> 223510 | CM18: ='P & NP'!FN203 -> 5593626 | ... CS18: ='P & NP'!FT203 -> 2064000 | CT18: =SUM(CF18,CH18,CL18,CN18,CP18,CR18) -> 415310 | CU18: =SUM(CG18,CI18,CM18,CO18,CQ18,CS18) -> 15037626 | CV18: ='P & NP'!FG241 -> 0 | CW18: ='P & NP'!FH241 -> 0 | CX18: ='P & NP'!FI241 -> 117000 | CY18: ='P & NP'!FJ241 -> 7020000 | CZ18: ='P & NP'!FM241 -> 225071 | DA18: ='P & NP'!FN241 -> 5612381 | DB18: ='P & NP'!FO241 -> 0 | DC18: ='P & NP'!FP241 -> 0 | DD18: ='P & NP'!FQ241 -> 0 | DE18: ='P & NP'!FR241 -> 0 | DF18: ='P & NP'!FS241 -> 63360 | DG18: ='P & NP'!FT241 -> 1774080 | DH18: =SUM(CV18,CX18,CZ18,DB18,DD18,DF18) -> 405431 | DI18: =SUM(CW18,CY18,DA18,DC18,DE18,DG18) -> 14406461 | DJ18: ='P & NP'!FG279 -> 0 | DK18: ='P & NP'!FH279 -> 0 | DL18: ='P & NP'!FI279 -> 125000 | DM18: ='P & NP'!FJ279 -> 7500000 | DN18: ='P & NP'!FM279 -> 232389 | DO18: ='P & NP'!FN279 -> 5839823 | DP18: ='P & NP'!FO279 -> 0 | DQ18: ='P & NP'!FP279 -> 0 | DR18: ='P & NP'!FQ279 -> 0 | DS18: ='P & NP'!FR279 -> 0 | DT18: ='P & NP'!FS279 -> 77465 | DU18: ='P & NP'!FT279 -> 2169020 | DV18: =SUM(DJ18,DL18,DN18,DP18,DR18,DT18) -> 434854 | DW18: =SUM(DK18,DM18,DO18,DQ18,DS18,DU18) -> 15508843 | DX18: ='P & NP'!FG317 -> 0 | DY18: ='P & NP'!FH317 -> 0 | DZ18: ='P & NP'!FI317 -> 118000 | EA18: ='P & NP'!FJ317 -> 7080000 | EB18: ='P & NP'!FM317 -> 222808 | EC18: ='P & NP'!FN317 -> 5623691 | ED18: ='P & NP'!FO317 -> 0 | EE18: ='P & NP'!FP317 -> 0 | EF18: ='P & NP'!FQ317 -> 0 | EG18: ='P & NP'!FR317 -> 0 | EH18: ='P & NP'!FS317 -> 69800 | EI18: ='P & NP'!FT317 -> 1954400 | EJ18: =SUM(DX18,DZ18,EB18,ED18,EF18,EH18) -> 410608 | EK18: =SUM(DY18,EA18,EC18,EE18,EG18,EI18) -> 14658091 | EL18: ='P & NP'!FG355 -> 0 | EM18: ='P & NP'!FH355 -> 0 | EN18: ='P & NP'!FI355 -> 120000 | EO18: ='P & NP'!FJ355 -> 7200000 | EP18: ='P & NP'!FM355 -> 224413 | EQ18: ='P & NP'!FN355 -> 5627285 | ER18: ='P & NP'!FO355 -> 0 | ES18: ='P & NP'!FP355 -> 0 | ET18: ='P & NP'!FQ355 -> 0 | EU18: ='P & NP'!FR355 -> 0 | EV18: ='P & NP'!FS355 -> 72000 | EW18: ='P & NP'!FT355 -> 2016000 | EX18: =SUM(EL18,EN18,EP18,ER18,ET18,EV18) -> 416413 | EY18: =SUM(EM18,EO18,EQ18,ES18,EU18,EW18) -> 14843285 | EZ18: ='P & NP'!FG393 -> 0 | FA18: ='P & NP'!FH393 -> 0 | FB18: ='P & NP'!FI393 -> 115000 | FC18: ='P & NP'!FJ393 -> 6900000 | FD18: ='P & NP'!FM393 -> 206067 | FE18: ='P & NP'!FN393 -> 5143275 | FF18: ='P & NP'!FO393 -> 0 | FG18: ='P & NP'!FP393 -> 0 | FH18: ='P & NP'!FQ393 -> 0 | FI18: ='P & NP'!FR393 -> 0 | FJ18: ='P & NP'!FS393 -> 68386 | FK18: ='P & NP'!FT393 -> 1914808 | FL18: =SUM(EZ18,FB18,FD18,FF18,FH18,FJ18) -> 389453 | FM18: =SUM(FA18,FC18,FE18,FG18,FI18,FK18) -> 13958083 | FN18: ='P & NP'!FG431 -> 0 | FO18: ='P & NP'!FH431 -> 0 | FP18: ='P & NP'!FI431 -> 140000 | FQ18: ='P & NP'!FJ431 -> 8400000 | FR18: ='P & NP'!FM431 -> 254520 | FS18: ='P & NP'!FN431 -> 6529962.5 | FT18: ='P & NP'!FO431 -> 0 | FU18: ='P & NP'!FP431 -> 0 | FV18: ='P & NP'!FQ431 -> 0 | FW18: ='P & NP'!FR431 -> 0 | FX18: ='P & NP'!FS431 -> 85000 | FY18: ='P & NP'!FT431 -> 2550000 | FZ18: =SUM(FN18,FP18,FR18,FT18,FV18,FX18) -> 479520 | GA18: =SUM(FO18,FQ18,FS18,FU18,FW18,FY18) -> 17479962 | GC18: =SUMIF($D$46:$AY$46,$GC$5,D18:AY18) -> 0 | GD18: =SUMIF($D$46:$AY$46,$GD$5,D18:AY18) -> 0 | GE18: =SUMIF($D$46:$AY$46,$GE$5,D18:AY18) -> 385000 | GF18: =SUMIF($D$46:$AY$46,$GF$5,D18:AY18) -> 23100000 | GG18: =SUMIF($D$46:$AY$46,$GG$5,D18:AY18) -> 692000.4 | GH18: =SUMIF($D$46:$AY$46,$GH$5,D18:AY18) -> 17966047 | GI18: =SUMIF($D$46:$AY$46,$GI$5,D18:AY18) -> 0 | GJ18: =SUMIF($D$46:$AY$46,$GJ$5,D18:AY18) -> 0 | GK18: =SUMIF($D$46:$AY$46,$GK$5,D18:AY18) -> 0 | GL18: =SUMIF($D$46:$AY$46,$GL$5,D18:AY18) -> 0 | GM18: =SUMIF($D$46:$AY$46,$GM$5,D18:AY18) -> 235000 | GN18: =SUMIF($D$46:$AY$46,$GN$5,D18:AY18) -> 7050000 | GO18: =SUM(GC18,GE18,GG18,GI18,GK18,GM18) -> 1312000.4 | GP18: =SUM(GD18,GF18,GH18,GJ18,GL18,GN18) -> 48116047 | GR18: =SUMIF($AZ$46:$CU$46,$GR$5,AZ18:CU18) -> 0 | GS18: =SUMIF($AZ$46:$CU$46,$GS$5,AZ18:CU18) -> 0 | GT18: =SUMIF($AZ$46:$CU$46,$GT$5,AZ18:CU18) -> 370000 | GU18: =SUMIF($AZ$46:$CU$46,$GU$5,AZ18:CU18) -> 22200000 | GV18: =SUMIF($AZ$46:$CU$46,$GV$5,AZ18:CU18) -> 679232 | GW18: =SUMIF($AZ$46:$CU$46,$GW$5,AZ18:CU18) -> 17078612 | GX18: =SUMIF($AZ$46:$CU$46,$GX$5,AZ18:CU18) -> 0 | GY18: =SUMIF($AZ$46:$CU$46,$GY$5,AZ18:CU18) -> 0 | GZ18: =SUMIF($AZ$46:$CU$46,$GZ$5,AZ18:CU18) -> 0 | HA18: =SUMIF($AZ$46:$CU$46,$HA$5,AZ18:CU18) -> 0 | HB18: =SUMIF($AZ$46:$CU$46,$HB$5,AZ18:CU18) -> 214085 | HC18: =SUMIF($AZ$46:$CU$46,$HC$5,AZ18:CU18) -> 6422550 | HD18: =SUM(GR18,GT18,GV18,GX18,GZ18,HB18) -> 1263317 | HE18: =SUM(GS18,GU18,GW18,GY18,HA18,HC18) -> 45701162 | HG18: =SUMIF($CV$46:$EK$46,$HG$5,CV18:EK18) -> 0 | HH18: =SUMIF($CV$46:$EK$46,$HH$5,CV18:EK18) -> 0 | HI18: =SUMIF($CV$46:$EK$46,$HI$5,CV18:EK18) -> 360000 | HJ18: =SUMIF($CV$46:$EK$46,$HJ$5,CV18:EK18) -> 21600000 | HK18: =SUMIF($CV$46:$EK$46,$HK$5,CV18:EK18) -> 680268 | HL18: =SUMIF($CV$46:$EK$46,$HL$5,CV18:EK18) -> 17075895 | HM18: =SUMIF($CV$46:$EK$46,$HM$5,CV18:EK18) -> 0 | HN18: =SUMIF($CV$46:$EK$46,$HN$5,CV18:EK18) -> 0 | HO18: =SUMIF($CV$46:$EK$46,$HO$5,CV18:EK18) -> 0 | HP18: =SUMIF($CV$46:$EK$46,$HP$5,CV18:EK18) -> 0 | HQ18: =SUMIF($CV$46:$EK$46,$HQ$5,CV18:EK18) -> 210625 | HR18: =SUMIF($CV$46:$EK$46,$HR$5,CV18:EK18) -> 5897500 | HS18: =SUM(HG18,HI18,HK18,HM18,HO18,HQ18) -> 1250893 | HT18: =SUM(HH18,HJ18,HL18,HN18,HP18,HR18) -> 44573395 | HV18: =SUMIF($EL$46:$GA$46,$HV$5,EL18:GA18) -> 0 | HW18: =SUMIF($EL$46:$GA$46,$HW$5,EL18:GA18) -> 0 | HX18: =SUMIF($EL$46:$GA$46,$HX$5,EL18:GA18) -> 375000 | HY18: =SUMIF($EL$46:$GA$46,$HY$5,EL18:GA18) -> 22500000 | HZ18: =SUMIF($EL$46:$GA$46,$HZ$5,EL18:GA18) -> 685000 | IA18: =SUMIF($EL$46:$GA$46,$IA$5,EL18:GA18) -> 17300522 | IB18: =SUMIF($EL$46:$GA$46,$IB$5,EL18:GA18) -> 0 | IC18: =SUMIF($EL$46:$GA$46,$IC$5,EL18:GA18) -> 0 | ID18: =SUMIF($EL$46:$GA$46,$ID$5,EL18:GA18) -> 0 | IE18: =SUMIF($EL$46:$GA$46,$IE$5,EL18:GA18) -> 0 | IF18: =SUMIF($EL$46:$GA$46,$IF$5,EL18:GA18) -> 225386 | IG18: =SUMIF($EL$46:$GA$46,$IG$5,EL18:GA18) -> 6480808 | IH18: =SUM(HV18,HX18,HZ18,IB18,ID18,IF18) -> 1285386 | II18: =SUM(HW18,HY18,IA18,IC18,IE18,IG18) -> 46281330
A19: KABUPATEN MADIUN | B19: =SUMIF($D$5:$GA$5,$B$5,D19:GA19) -> 3850100 | C19: =SUMIF($D$5:$GA$5,$C$5,D19:GA19) -> 79363625 | D19: ='P & NP'!FW13 -> 0 | E19: ='P & NP'!FX13 -> 0 | F19: ='P & NP'!FY13 -> 0 | G19: ='P & NP'!FZ13 -> 0 | H19: ='P & NP'!GA13 -> 0 | I19: ='P & NP'!GB13 -> 0 | J19: ='P & NP'!GC13 -> 322950 | K19: ='P & NP'!GD13 -> 6605450 | ... Q19: ='P & NP'!GJ13 -> 0 | R19: =SUM(D19,F19,J19,L19,N19,P19) -> 322950 | S19: =SUM(E19,G19,K19,M19,O19,Q19) -> 6605450 | T19: ='P & NP'!FW51 -> 0 | U19: ='P & NP'!FX51 -> 0 | V19: ='P & NP'!FY51 -> 0 | W19: ='P & NP'!FZ51 -> 0 | X19: ='P & NP'!GA51 -> 0 | Y19: ='P & NP'!GB51 -> 0 | Z19: ='P & NP'!GC51 -> 319050 | AA19: ='P & NP'!GD51 -> 6477500 | ... AG19: ='P & NP'!GJ51 -> 0 | AH19: =SUM(T19,V19,Z19,AB19,AD19,AF19) -> 319050 | AI19: =SUM(U19,W19,AA19,AC19,AE19,AG19) -> 6477500 | AJ19: ='P & NP'!FW89 -> 0 | AK19: ='P & NP'!FX89 -> 0 | AL19: ='P & NP'!FY89 -> 0 | AM19: ='P & NP'!FZ89 -> 0 | AN19: ='P & NP'!GA89 -> 0 | AO19: ='P & NP'!GB89 -> 0 | AP19: ='P & NP'!GC89 -> 341300 | AQ19: ='P & NP'!GD89 -> 7121500 | ... AW19: ='P & NP'!GJ89 -> 0 | AX19: =SUM(AJ19,AL19,AP19,AR19,AT19,AV19) -> 341300 | AY19: =SUM(AK19,AM19,AQ19,AS19,AU19,AW19) -> 7121500 | AZ19: ='P & NP'!FW127 -> 0 | BA19: ='P & NP'!FX127 -> 0 | BB19: ='P & NP'!FY127 -> 0 | BC19: ='P & NP'!FZ127 -> 0 | BD19: ='P & NP'!GA127 -> 0 | BE19: ='P & NP'!GB127 -> 0 | BF19: ='P & NP'!GC127 -> 349100 | BG19: ='P & NP'!GD127 -> 7145750 | ... BM19: ='P & NP'!GJ127 -> 0 | BN19: =SUM(AZ19,BB19,BF19,BH19,BJ19,BL19) -> 349100 | BO19: =SUM(BA19,BC19,BG19,BI19,BK19,BM19) -> 7145750 | BP19: ='P & NP'!FW165 -> 0 | BQ19: ='P & NP'!FX165 -> 0 | BR19: ='P & NP'!FY165 -> 0 | BS19: ='P & NP'!FZ165 -> 0 | BT19: ='P & NP'!GA165 -> 0 | BU19: ='P & NP'!GB165 -> 0 | BV19: ='P & NP'!GC165 -> 314600 | BW19: ='P & NP'!GD165 -> 6625500 | ... CC19: ='P & NP'!GJ165 -> 0 | CD19: =SUM(BP19,BR19,BV19,BX19,BZ19,CB19) -> 314600 | CE19: =SUM(BQ19,BS19,BW19,BY19,CA19,CC19) -> 6625500 | CF19: ='P & NP'!FW203 -> 0 | CG19: ='P & NP'!FX203 -> 0 | CH19: ='P & NP'!FY203 -> 0 | CI19: ='P & NP'!FZ203 -> 0 | CJ19: ='P & NP'!GA203 -> 0 | CK19: ='P & NP'!GB203 -> 0 | CL19: ='P & NP'!GC203 -> 327100 | CM19: ='P & NP'!GD203 -> 6904375 | ... CS19: ='P & NP'!GJ203 -> 0 | CT19: =SUM(CF19,CH19,CL19,CN19,CP19,CR19) -> 327100 | CU19: =SUM(CG19,CI19,CM19,CO19,CQ19,CS19) -> 6904375 | CV19: ='P & NP'!FW241 -> 0 | CW19: ='P & NP'!FX241 -> 0 | CX19: ='P & NP'!FY241 -> 0 | CY19: ='P & NP'!FZ241 -> 0 | CZ19: ='P & NP'!GC241 -> 287550 | DA19: ='P & NP'!GD241 -> 5767625 | DB19: ='P & NP'!GE241 -> 0 | DC19: ='P & NP'!GF241 -> 0 | DD19: ='P & NP'!GG241 -> 0 | DE19: ='P & NP'!GH241 -> 0 | DF19: ='P & NP'!GI241 -> 0 | DG19: ='P & NP'!GJ241 -> 0 | DH19: =SUM(CV19,CX19,CZ19,DB19,DD19,DF19) -> 287550 | DI19: =SUM(CW19,CY19,DA19,DC19,DE19,DG19) -> 5767625 | DJ19: ='P & NP'!FW279 -> 0 | DK19: ='P & NP'!FX279 -> 0 | DL19: ='P & NP'!FY279 -> 0 | DM19: ='P & NP'!FZ279 -> 0 | DN19: ='P & NP'!GC279 -> 296450 | DO19: ='P & NP'!GD279 -> 5942125 | DP19: ='P & NP'!GE279 -> 0 | DQ19: ='P & NP'!GF279 -> 0 | DR19: ='P & NP'!GG279 -> 0 | DS19: ='P & NP'!GH279 -> 0 | DT19: ='P & NP'!GI279 -> 0 | DU19: ='P & NP'!GJ279 -> 0 | DV19: =SUM(DJ19,DL19,DN19,DP19,DR19,DT19) -> 296450 | DW19: =SUM(DK19,DM19,DO19,DQ19,DS19,DU19) -> 5942125 | DX19: ='P & NP'!FW317 -> 0 | DY19: ='P & NP'!FX317 -> 0 | DZ19: ='P & NP'!FY317 -> 0 | EA19: ='P & NP'!FZ317 -> 0 | EB19: ='P & NP'!GC317 -> 297450 | EC19: ='P & NP'!GD317 -> 5957750 | ED19: ='P & NP'!GE317 -> 0 | EE19: ='P & NP'!GF317 -> 0 | EF19: ='P & NP'!GG317 -> 0 | EG19: ='P & NP'!GH317 -> 0 | EH19: ='P & NP'!GI317 -> 0 | EI19: ='P & NP'!GJ317 -> 0 | EJ19: =SUM(DX19,DZ19,EB19,ED19,EF19,EH19) -> 297450 | EK19: =SUM(DY19,EA19,EC19,EE19,EG19,EI19) -> 5957750 | EL19: ='P & NP'!FW355 -> 0 | EM19: ='P & NP'!FX355 -> 0 | EN19: ='P & NP'!FY355 -> 0 | EO19: ='P & NP'!FZ355 -> 0 | EP19: ='P & NP'!GC355 -> 326550 | EQ19: ='P & NP'!GD355 -> 6770050 | ER19: ='P & NP'!GE355 -> 0 | ES19: ='P & NP'!GF355 -> 0 | ET19: ='P & NP'!GG355 -> 0 | EU19: ='P & NP'!GH355 -> 0 | EV19: ='P & NP'!GI355 -> 0 | EW19: ='P & NP'!GJ355 -> 0 | EX19: =SUM(EL19,EN19,EP19,ER19,ET19,EV19) -> 326550 | EY19: =SUM(EM19,EO19,EQ19,ES19,EU19,EW19) -> 6770050 | EZ19: ='P & NP'!FW393 -> 0 | FA19: ='P & NP'!FX393 -> 0 | FB19: ='P & NP'!FY393 -> 0 | FC19: ='P & NP'!FZ393 -> 0 | FD19: ='P & NP'!GC393 -> 328750 | FE19: ='P & NP'!GD393 -> 6860000 | FF19: ='P & NP'!GE393 -> 0 | FG19: ='P & NP'!GF393 -> 0 | FH19: ='P & NP'!GG393 -> 0 | FI19: ='P & NP'!GH393 -> 0 | FJ19: ='P & NP'!GI393 -> 0 | FK19: ='P & NP'!GJ393 -> 0 | FL19: =SUM(EZ19,FB19,FD19,FF19,FH19,FJ19) -> 328750 | FM19: =SUM(FA19,FC19,FE19,FG19,FI19,FK19) -> 6860000 | FN19: ='P & NP'!FW431 -> 0 | FO19: ='P & NP'!FX431 -> 0 | FP19: ='P & NP'!FY431 -> 0 | FQ19: ='P & NP'!FZ431 -> 0 | FR19: ='P & NP'!GC431 -> 339250 | FS19: ='P & NP'!GD431 -> 7186000 | FT19: ='P & NP'!GE431 -> 0 | FU19: ='P & NP'!GF431 -> 0 | FV19: ='P & NP'!GG431 -> 0 | FW19: ='P & NP'!GH431 -> 0 | FX19: ='P & NP'!GI431 -> 0 | FY19: ='P & NP'!GJ431 -> 0 | FZ19: =SUM(FN19,FP19,FR19,FT19,FV19,FX19) -> 339250 | GA19: =SUM(FO19,FQ19,FS19,FU19,FW19,FY19) -> 7186000 | GC19: =SUMIF($D$46:$AY$46,$GC$5,D19:AY19) -> 0 | GD19: =SUMIF($D$46:$AY$46,$GD$5,D19:AY19) -> 0 | GE19: =SUMIF($D$46:$AY$46,$GE$5,D19:AY19) -> 0 | GF19: =SUMIF($D$46:$AY$46,$GF$5,D19:AY19) -> 0 | GG19: =SUMIF($D$46:$AY$46,$GG$5,D19:AY19) -> 983300 | GH19: =SUMIF($D$46:$AY$46,$GH$5,D19:AY19) -> 20204450 | GI19: =SUMIF($D$46:$AY$46,$GI$5,D19:AY19) -> 0 | GJ19: =SUMIF($D$46:$AY$46,$GJ$5,D19:AY19) -> 0 | GK19: =SUMIF($D$46:$AY$46,$GK$5,D19:AY19) -> 0 | GL19: =SUMIF($D$46:$AY$46,$GL$5,D19:AY19) -> 0 | GM19: =SUMIF($D$46:$AY$46,$GM$5,D19:AY19) -> 0 | GN19: =SUMIF($D$46:$AY$46,$GN$5,D19:AY19) -> 0 | GO19: =SUM(GC19,GE19,GG19,GI19,GK19,GM19) -> 983300 | GP19: =SUM(GD19,GF19,GH19,GJ19,GL19,GN19) -> 20204450 | GR19: =SUMIF($AZ$46:$CU$46,$GR$5,AZ19:CU19) -> 0 | GS19: =SUMIF($AZ$46:$CU$46,$GS$5,AZ19:CU19) -> 0 | GT19: =SUMIF($AZ$46:$CU$46,$GT$5,AZ19:CU19) -> 0 | GU19: =SUMIF($AZ$46:$CU$46,$GU$5,AZ19:CU19) -> 0 | GV19: =SUMIF($AZ$46:$CU$46,$GV$5,AZ19:CU19) -> 990800 | GW19: =SUMIF($AZ$46:$CU$46,$GW$5,AZ19:CU19) -> 20675625 | GX19: =SUMIF($AZ$46:$CU$46,$GX$5,AZ19:CU19) -> 0 | GY19: =SUMIF($AZ$46:$CU$46,$GY$5,AZ19:CU19) -> 0 | GZ19: =SUMIF($AZ$46:$CU$46,$GZ$5,AZ19:CU19) -> 0 | HA19: =SUMIF($AZ$46:$CU$46,$HA$5,AZ19:CU19) -> 0 | HB19: =SUMIF($AZ$46:$CU$46,$HB$5,AZ19:CU19) -> 0 | HC19: =SUMIF($AZ$46:$CU$46,$HC$5,AZ19:CU19) -> 0 | HD19: =SUM(GR19,GT19,GV19,GX19,GZ19,HB19) -> 990800 | HE19: =SUM(GS19,GU19,GW19,GY19,HA19,HC19) -> 20675625 | HG19: =SUMIF($CV$46:$EK$46,$HG$5,CV19:EK19) -> 0 | HH19: =SUMIF($CV$46:$EK$46,$HH$5,CV19:EK19) -> 0 | HI19: =SUMIF($CV$46:$EK$46,$HI$5,CV19:EK19) -> 0 | HJ19: =SUMIF($CV$46:$EK$46,$HJ$5,CV19:EK19) -> 0 | HK19: =SUMIF($CV$46:$EK$46,$HK$5,CV19:EK19) -> 881450 | HL19: =SUMIF($CV$46:$EK$46,$HL$5,CV19:EK19) -> 17667500 | HM19: =SUMIF($CV$46:$EK$46,$HM$5,CV19:EK19) -> 0 | HN19: =SUMIF($CV$46:$EK$46,$HN$5,CV19:EK19) -> 0 | HO19: =SUMIF($CV$46:$EK$46,$HO$5,CV19:EK19) -> 0 | HP19: =SUMIF($CV$46:$EK$46,$HP$5,CV19:EK19) -> 0 | HQ19: =SUMIF($CV$46:$EK$46,$HQ$5,CV19:EK19) -> 0 | HR19: =SUMIF($CV$46:$EK$46,$HR$5,CV19:EK19) -> 0 | HS19: =SUM(HG19,HI19,HK19,HM19,HO19,HQ19) -> 881450 | HT19: =SUM(HH19,HJ19,HL19,HN19,HP19,HR19) -> 17667500 | HV19: =SUMIF($EL$46:$GA$46,$HV$5,EL19:GA19) -> 0 | HW19: =SUMIF($EL$46:$GA$46,$HW$5,EL19:GA19) -> 0 | HX19: =SUMIF($EL$46:$GA$46,$HX$5,EL19:GA19) -> 0 | HY19: =SUMIF($EL$46:$GA$46,$HY$5,EL19:GA19) -> 0 | HZ19: =SUMIF($EL$46:$GA$46,$HZ$5,EL19:GA19) -> 994550 | IA19: =SUMIF($EL$46:$GA$46,$IA$5,EL19:GA19) -> 20816050 | IB19: =SUMIF($EL$46:$GA$46,$IB$5,EL19:GA19) -> 0 | IC19: =SUMIF($EL$46:$GA$46,$IC$5,EL19:GA19) -> 0 | ID19: =SUMIF($EL$46:$GA$46,$ID$5,EL19:GA19) -> 0 | IE19: =SUMIF($EL$46:$GA$46,$IE$5,EL19:GA19) -> 0 | IF19: =SUMIF($EL$46:$GA$46,$IF$5,EL19:GA19) -> 0 | IG19: =SUMIF($EL$46:$GA$46,$IG$5,EL19:GA19) -> 0 | IH19: =SUM(HV19,HX19,HZ19,IB19,ID19,IF19) -> 994550 | II19: =SUM(HW19,HY19,IA19,IC19,IE19,IG19) -> 20816050
A20: KABUPATEN MAGETAN | B20: =SUMIF($D$5:$GA$5,$B$5,D20:GA20) -> 1860280 | C20: =SUMIF($D$5:$GA$5,$C$5,D20:GA20) -> 36139155 | D20: ='P & NP'!GM13 -> 0 | E20: ='P & NP'!GN13 -> 0 | F20: ='P & NP'!GO13 -> 0 | G20: ='P & NP'!GP13 -> 0 | H20: ='P & NP'!GQ13 -> 0 | I20: ='P & NP'!GR13 -> 0 | J20: ='P & NP'!GS13 -> 152950 | K20: ='P & NP'!GT13 -> 2966925 | ... Q20: ='P & NP'!GZ13 -> 4050 | R20: =SUM(D20,F20,J20,L20,N20,P20) -> 153100 | S20: =SUM(E20,G20,K20,M20,O20,Q20) -> 2970975 | T20: ='P & NP'!GM51 -> 0 | U20: ='P & NP'!GN51 -> 0 | V20: ='P & NP'!GO51 -> 0 | W20: ='P & NP'!GP51 -> 0 | X20: ='P & NP'!GQ51 -> 0 | Y20: ='P & NP'!GR51 -> 0 | Z20: ='P & NP'!GS51 -> 159600 | AA20: ='P & NP'!GT51 -> 3115900 | ... AG20: ='P & NP'!GZ51 -> 4650 | AH20: =SUM(T20,V20,Z20,AB20,AD20,AF20) -> 159770 | AI20: =SUM(U20,W20,AA20,AC20,AE20,AG20) -> 3120550 | AJ20: ='P & NP'!GM89 -> 0 | AK20: ='P & NP'!GN89 -> 0 | AL20: ='P & NP'!GO89 -> 0 | AM20: ='P & NP'!GP89 -> 0 | AN20: ='P & NP'!GQ89 -> 0 | AO20: ='P & NP'!GR89 -> 0 | AP20: ='P & NP'!GS89 -> 170500 | AQ20: ='P & NP'!GT89 -> 3359150 | ... AW20: ='P & NP'!GZ89 -> 5850 | AX20: =SUM(AJ20,AL20,AP20,AR20,AT20,AV20) -> 170710 | AY20: =SUM(AK20,AM20,AQ20,AS20,AU20,AW20) -> 3365000 | AZ20: ='P & NP'!GM127 -> 0 | BA20: ='P & NP'!GN127 -> 0 | BB20: ='P & NP'!GO127 -> 0 | BC20: ='P & NP'!GP127 -> 0 | BD20: ='P & NP'!GQ127 -> 0 | BE20: ='P & NP'!GR127 -> 0 | BF20: ='P & NP'!GS127 -> 160550 | BG20: ='P & NP'!GT127 -> 3141200 | ... BM20: ='P & NP'!GZ127 -> 4100 | BN20: =SUM(AZ20,BB20,BF20,BH20,BJ20,BL20) -> 160700 | BO20: =SUM(BA20,BC20,BG20,BI20,BK20,BM20) -> 3145300 | BP20: ='P & NP'!GM165 -> 0 | BQ20: ='P & NP'!GN165 -> 0 | BR20: ='P & NP'!GO165 -> 0 | BS20: ='P & NP'!GP165 -> 0 | BT20: ='P & NP'!GQ165 -> 0 | BU20: ='P & NP'!GR165 -> 0 | BV20: ='P & NP'!GS165 -> 162150 | BW20: ='P & NP'!GT165 -> 3157050 | ... CC20: ='P & NP'!GZ165 -> 3830 | CD20: =SUM(BP20,BR20,BV20,BX20,BZ20,CB20) -> 162290 | CE20: =SUM(BQ20,BS20,BW20,BY20,CA20,CC20) -> 3160880 | CF20: ='P & NP'!GM203 -> 0 | CG20: ='P & NP'!GN203 -> 0 | CH20: ='P & NP'!GO203 -> 0 | CI20: ='P & NP'!GP203 -> 0 | CJ20: ='P & NP'!GQ203 -> 0 | CK20: ='P & NP'!GR203 -> 0 | CL20: ='P & NP'!GS203 -> 160600 | CM20: ='P & NP'!GT203 -> 3133350 | ... CS20: ='P & NP'!GZ203 -> 2920 | CT20: =SUM(CF20,CH20,CL20,CN20,CP20,CR20) -> 160710 | CU20: =SUM(CG20,CI20,CM20,CO20,CQ20,CS20) -> 3136270 | CV20: ='P & NP'!GM241 -> 0 | CW20: ='P & NP'!GN241 -> 0 | CX20: ='P & NP'!GO241 -> 0 | CY20: ='P & NP'!GP241 -> 0 | CZ20: ='P & NP'!GS241 -> 148100 | DA20: ='P & NP'!GT241 -> 2873900 | DB20: ='P & NP'!GU241 -> 0 | DC20: ='P & NP'!GV241 -> 0 | DD20: ='P & NP'!GW241 -> 0 | DE20: ='P & NP'!GX241 -> 0 | DF20: ='P & NP'!GY241 -> 110 | DG20: ='P & NP'!GZ241 -> 3150 | DH20: =SUM(CV20,CX20,CZ20,DB20,DD20,DF20) -> 148210 | DI20: =SUM(CW20,CY20,DA20,DC20,DE20,DG20) -> 2877050 | DJ20: ='P & NP'!GM279 -> 0 | DK20: ='P & NP'!GN279 -> 0 | DL20: ='P & NP'!GO279 -> 0 | DM20: ='P & NP'!GP279 -> 0 | DN20: ='P & NP'!GS279 -> 143500 | DO20: ='P & NP'!GT279 -> 2798000 | DP20: ='P & NP'!GU279 -> 0 | DQ20: ='P & NP'!GV279 -> 0 | DR20: ='P & NP'!GW279 -> 0 | DS20: ='P & NP'!GX279 -> 0 | DT20: ='P & NP'!GY279 -> 150 | DU20: ='P & NP'!GZ279 -> 4325 | DV20: =SUM(DJ20,DL20,DN20,DP20,DR20,DT20) -> 143650 | DW20: =SUM(DK20,DM20,DO20,DQ20,DS20,DU20) -> 2802325 | DX20: ='P & NP'!GM317 -> 0 | DY20: ='P & NP'!GN317 -> 0 | DZ20: ='P & NP'!GO317 -> 0 | EA20: ='P & NP'!GP317 -> 0 | EB20: ='P & NP'!GS317 -> 139000 | EC20: ='P & NP'!GT317 -> 2665550 | ED20: ='P & NP'!GU317 -> 0 | EE20: ='P & NP'!GV317 -> 0 | EF20: ='P & NP'!GW317 -> 0 | EG20: ='P & NP'!GX317 -> 0 | EH20: ='P & NP'!GY317 -> 130 | EI20: ='P & NP'!GZ317 -> 3660 | EJ20: =SUM(DX20,DZ20,EB20,ED20,EF20,EH20) -> 139130 | EK20: =SUM(DY20,EA20,EC20,EE20,EG20,EI20) -> 2669210 | EL20: ='P & NP'!GM355 -> 0 | EM20: ='P & NP'!GN355 -> 0 | EN20: ='P & NP'!GO355 -> 0 | EO20: ='P & NP'!GP355 -> 0 | EP20: ='P & NP'!GS355 -> 149200 | EQ20: ='P & NP'!GT355 -> 2862400 | ER20: ='P & NP'!GU355 -> 0 | ES20: ='P & NP'!GV355 -> 0 | ET20: ='P & NP'!GW355 -> 0 | EU20: ='P & NP'!GX355 -> 0 | EV20: ='P & NP'!GY355 -> 110 | EW20: ='P & NP'!GZ355 -> 3095 | EX20: =SUM(EL20,EN20,EP20,ER20,ET20,EV20) -> 149310 | EY20: =SUM(EM20,EO20,EQ20,ES20,EU20,EW20) -> 2865495 | EZ20: ='P & NP'!GM393 -> 0 | FA20: ='P & NP'!GN393 -> 0 | FB20: ='P & NP'!GO393 -> 0 | FC20: ='P & NP'!GP393 -> 0 | FD20: ='P & NP'!GS393 -> 155500 | FE20: ='P & NP'!GT393 -> 2991000 | FF20: ='P & NP'!GU393 -> 0 | FG20: ='P & NP'!GV393 -> 0 | FH20: ='P & NP'!GW393 -> 0 | FI20: ='P & NP'!GX393 -> 0 | FJ20: ='P & NP'!GY393 -> 150 | FK20: ='P & NP'!GZ393 -> 4150 | FL20: =SUM(EZ20,FB20,FD20,FF20,FH20,FJ20) -> 155650 | FM20: =SUM(FA20,FC20,FE20,FG20,FI20,FK20) -> 2995150 | FN20: ='P & NP'!GM431 -> 0 | FO20: ='P & NP'!GN431 -> 0 | FP20: ='P & NP'!GO431 -> 0 | FQ20: ='P & NP'!GP431 -> 0 | FR20: ='P & NP'!GS431 -> 156900 | FS20: ='P & NP'!GT431 -> 3026750 | FT20: ='P & NP'!GU431 -> 0 | FU20: ='P & NP'!GV431 -> 0 | FV20: ='P & NP'!GW431 -> 0 | FW20: ='P & NP'!GX431 -> 0 | FX20: ='P & NP'!GY431 -> 150 | FY20: ='P & NP'!GZ431 -> 4200 | FZ20: =SUM(FN20,FP20,FR20,FT20,FV20,FX20) -> 157050 | GA20: =SUM(FO20,FQ20,FS20,FU20,FW20,FY20) -> 3030950 | GC20: =SUMIF($D$46:$AY$46,$GC$5,D20:AY20) -> 0 | GD20: =SUMIF($D$46:$AY$46,$GD$5,D20:AY20) -> 0 | GE20: =SUMIF($D$46:$AY$46,$GE$5,D20:AY20) -> 0 | GF20: =SUMIF($D$46:$AY$46,$GF$5,D20:AY20) -> 0 | GG20: =SUMIF($D$46:$AY$46,$GG$5,D20:AY20) -> 483050 | GH20: =SUMIF($D$46:$AY$46,$GH$5,D20:AY20) -> 9441975 | GI20: =SUMIF($D$46:$AY$46,$GI$5,D20:AY20) -> 0 | GJ20: =SUMIF($D$46:$AY$46,$GJ$5,D20:AY20) -> 0 | GK20: =SUMIF($D$46:$AY$46,$GK$5,D20:AY20) -> 0 | GL20: =SUMIF($D$46:$AY$46,$GL$5,D20:AY20) -> 0 | GM20: =SUMIF($D$46:$AY$46,$GM$5,D20:AY20) -> 530 | GN20: =SUMIF($D$46:$AY$46,$GN$5,D20:AY20) -> 14550 | GO20: =SUM(GC20,GE20,GG20,GI20,GK20,GM20) -> 483580 | GP20: =SUM(GD20,GF20,GH20,GJ20,GL20,GN20) -> 9456525 | GR20: =SUMIF($AZ$46:$CU$46,$GR$5,AZ20:CU20) -> 0 | GS20: =SUMIF($AZ$46:$CU$46,$GS$5,AZ20:CU20) -> 0 | GT20: =SUMIF($AZ$46:$CU$46,$GT$5,AZ20:CU20) -> 0 | GU20: =SUMIF($AZ$46:$CU$46,$GU$5,AZ20:CU20) -> 0 | GV20: =SUMIF($AZ$46:$CU$46,$GV$5,AZ20:CU20) -> 483300 | GW20: =SUMIF($AZ$46:$CU$46,$GW$5,AZ20:CU20) -> 9431600 | GX20: =SUMIF($AZ$46:$CU$46,$GX$5,AZ20:CU20) -> 0 | GY20: =SUMIF($AZ$46:$CU$46,$GY$5,AZ20:CU20) -> 0 | GZ20: =SUMIF($AZ$46:$CU$46,$GZ$5,AZ20:CU20) -> 0 | HA20: =SUMIF($AZ$46:$CU$46,$HA$5,AZ20:CU20) -> 0 | HB20: =SUMIF($AZ$46:$CU$46,$HB$5,AZ20:CU20) -> 400 | HC20: =SUMIF($AZ$46:$CU$46,$HC$5,AZ20:CU20) -> 10850 | HD20: =SUM(GR20,GT20,GV20,GX20,GZ20,HB20) -> 483700 | HE20: =SUM(GS20,GU20,GW20,GY20,HA20,HC20) -> 9442450 | HG20: =SUMIF($CV$46:$EK$46,$HG$5,CV20:EK20) -> 0 | HH20: =SUMIF($CV$46:$EK$46,$HH$5,CV20:EK20) -> 0 | HI20: =SUMIF($CV$46:$EK$46,$HI$5,CV20:EK20) -> 0 | HJ20: =SUMIF($CV$46:$EK$46,$HJ$5,CV20:EK20) -> 0 | HK20: =SUMIF($CV$46:$EK$46,$HK$5,CV20:EK20) -> 430600 | HL20: =SUMIF($CV$46:$EK$46,$HL$5,CV20:EK20) -> 8337450 | HM20: =SUMIF($CV$46:$EK$46,$HM$5,CV20:EK20) -> 0 | HN20: =SUMIF($CV$46:$EK$46,$HN$5,CV20:EK20) -> 0 | HO20: =SUMIF($CV$46:$EK$46,$HO$5,CV20:EK20) -> 0 | HP20: =SUMIF($CV$46:$EK$46,$HP$5,CV20:EK20) -> 0 | HQ20: =SUMIF($CV$46:$EK$46,$HQ$5,CV20:EK20) -> 390 | HR20: =SUMIF($CV$46:$EK$46,$HR$5,CV20:EK20) -> 11135 | HS20: =SUM(HG20,HI20,HK20,HM20,HO20,HQ20) -> 430990 | HT20: =SUM(HH20,HJ20,HL20,HN20,HP20,HR20) -> 8348585 | HV20: =SUMIF($EL$46:$GA$46,$HV$5,EL20:GA20) -> 0 | HW20: =SUMIF($EL$46:$GA$46,$HW$5,EL20:GA20) -> 0 | HX20: =SUMIF($EL$46:$GA$46,$HX$5,EL20:GA20) -> 0 | HY20: =SUMIF($EL$46:$GA$46,$HY$5,EL20:GA20) -> 0 | HZ20: =SUMIF($EL$46:$GA$46,$HZ$5,EL20:GA20) -> 461600 | IA20: =SUMIF($EL$46:$GA$46,$IA$5,EL20:GA20) -> 8880150 | IB20: =SUMIF($EL$46:$GA$46,$IB$5,EL20:GA20) -> 0 | IC20: =SUMIF($EL$46:$GA$46,$IC$5,EL20:GA20) -> 0 | ID20: =SUMIF($EL$46:$GA$46,$ID$5,EL20:GA20) -> 0 | IE20: =SUMIF($EL$46:$GA$46,$IE$5,EL20:GA20) -> 0 | IF20: =SUMIF($EL$46:$GA$46,$IF$5,EL20:GA20) -> 410 | IG20: =SUMIF($EL$46:$GA$46,$IG$5,EL20:GA20) -> 11445 | IH20: =SUM(HV20,HX20,HZ20,IB20,ID20,IF20) -> 462010 | II20: =SUM(HW20,HY20,IA20,IC20,IE20,IG20) -> 8891595
A21: KABUPATEN MALANG | B21: =SUMIF($D$5:$GA$5,$B$5,D21:GA21) -> 13264300 | C21: =SUMIF($D$5:$GA$5,$C$5,D21:GA21) -> 335643000 | D21: ='P & NP'!HC13 -> 0 | E21: ='P & NP'!HD13 -> 0 | F21: ='P & NP'!HE13 -> 120000 | G21: ='P & NP'!HF13 -> 6480000 | H21: ='P & NP'!HG13 -> 0 | I21: ='P & NP'!HH13 -> 0 | J21: ='P & NP'!HI13 -> 613000 | K21: ='P & NP'!HJ13 -> 10292500 | ... Q21: ='P & NP'!HP13 -> 13800000 | R21: =SUM(D21,F21,J21,L21,N21,P21) -> 1333000 | S21: =SUM(E21,G21,K21,M21,O21,Q21) -> 30572500 | T21: ='P & NP'!HC51 -> 0 | U21: ='P & NP'!HD51 -> 0 | V21: ='P & NP'!HE51 -> 105000 | W21: ='P & NP'!HF51 -> 5670000 | X21: ='P & NP'!HG51 -> 0 | Y21: ='P & NP'!HH51 -> 0 | Z21: ='P & NP'!HI51 -> 555300 | AA21: ='P & NP'!HJ51 -> 9300000 | ... AG21: ='P & NP'!HP51 -> 12650000 | AH21: =SUM(T21,V21,Z21,AB21,AD21,AF21) -> 1210300 | AI21: =SUM(U21,W21,AA21,AC21,AE21,AG21) -> 27620000 | AJ21: ='P & NP'!HC89 -> 0 | AK21: ='P & NP'!HD89 -> 0 | AL21: ='P & NP'!HE89 -> 85000 | AM21: ='P & NP'!HF89 -> 4675000 | AN21: ='P & NP'!HG89 -> 0 | AO21: ='P & NP'!HH89 -> 0 | AP21: ='P & NP'!HI89 -> 693000 | AQ21: ='P & NP'!HJ89 -> 13025000 | ... AW21: ='P & NP'!HP89 -> 11500000 | AX21: =SUM(AJ21,AL21,AP21,AR21,AT21,AV21) -> 1278000 | AY21: =SUM(AK21,AM21,AQ21,AS21,AU21,AW21) -> 29200000 | AZ21: ='P & NP'!HC127 -> 0 | BA21: ='P & NP'!HD127 -> 0 | BB21: ='P & NP'!HE127 -> 250000 | BC21: ='P & NP'!HF127 -> 13750000 | BD21: ='P & NP'!HG127 -> 0 | BE21: ='P & NP'!HH127 -> 0 | BF21: ='P & NP'!HI127 -> 629500 | BG21: ='P & NP'!HJ127 -> 11792500 | ... BM21: ='P & NP'!HP127 -> 10810000 | BN21: =SUM(AZ21,BB21,BF21,BH21,BJ21,BL21) -> 1349500 | BO21: =SUM(BA21,BC21,BG21,BI21,BK21,BM21) -> 36352500 | BP21: ='P & NP'!HC165 -> 0 | BQ21: ='P & NP'!HD165 -> 0 | BR21: ='P & NP'!HE165 -> 75000 | BS21: ='P & NP'!HF165 -> 4350000 | BT21: ='P & NP'!HG165 -> 0 | BU21: ='P & NP'!HH165 -> 0 | BV21: ='P & NP'!HI165 -> 550000 | BW21: ='P & NP'!HJ165 -> 10185000 | ... CC21: ='P & NP'!HP165 -> 8740000 | CD21: =SUM(BP21,BR21,BV21,BX21,BZ21,CB21) -> 1005000 | CE21: =SUM(BQ21,BS21,BW21,BY21,CA21,CC21) -> 23275000 | CF21: ='P & NP'!HC203 -> 0 | CG21: ='P & NP'!HD203 -> 0 | CH21: ='P & NP'!HE203 -> 110000 | CI21: ='P & NP'!HF203 -> 7480000 | CJ21: ='P & NP'!HG203 -> 0 | CK21: ='P & NP'!HH203 -> 0 | CL21: ='P & NP'!HI203 -> 607000 | CM21: ='P & NP'!HJ203 -> 11154000 | ... CS21: ='P & NP'!HP203 -> 7700000 | CT21: =SUM(CF21,CH21,CL21,CN21,CP21,CR21) -> 1067000 | CU21: =SUM(CG21,CI21,CM21,CO21,CQ21,CS21) -> 26334000 | CV21: ='P & NP'!HC241 -> 0 | CW21: ='P & NP'!HD241 -> 0 | CX21: ='P & NP'!HE241 -> 85000 | CY21: ='P & NP'!HF241 -> 5950000 | CZ21: ='P & NP'!HI241 -> 509500 | DA21: ='P & NP'!HJ241 -> 9310000 | DB21: ='P & NP'!HK241 -> 0 | DC21: ='P & NP'!HL241 -> 0 | DD21: ='P & NP'!HM241 -> 0 | DE21: ='P & NP'!HN241 -> 0 | DF21: ='P & NP'!HO241 -> 100000 | DG21: ='P & NP'!HP241 -> 2000000 | DH21: =SUM(CV21,CX21,CZ21,DB21,DD21,DF21) -> 694500 | DI21: =SUM(CW21,CY21,DA21,DC21,DE21,DG21) -> 17260000 | DJ21: ='P & NP'!HC279 -> 0 | DK21: ='P & NP'!HD279 -> 0 | DL21: ='P & NP'!HE279 -> 235000 | DM21: ='P & NP'!HF279 -> 16450000 | DN21: ='P & NP'!HI279 -> 556000 | DO21: ='P & NP'!HJ279 -> 10172500 | DP21: ='P & NP'!HK279 -> 0 | DQ21: ='P & NP'!HL279 -> 0 | DR21: ='P & NP'!HM279 -> 0 | DS21: ='P & NP'!HN279 -> 0 | DT21: ='P & NP'!HO279 -> 90000 | DU21: ='P & NP'!HP279 -> 1800000 | DV21: =SUM(DJ21,DL21,DN21,DP21,DR21,DT21) -> 881000 | DW21: =SUM(DK21,DM21,DO21,DQ21,DS21,DU21) -> 28422500 | DX21: ='P & NP'!HC317 -> 0 | DY21: ='P & NP'!HD317 -> 0 | DZ21: ='P & NP'!HE317 -> 105000 | EA21: ='P & NP'!HF317 -> 7350000 | EB21: ='P & NP'!HI317 -> 616500 | EC21: ='P & NP'!HJ317 -> 11287500 | ED21: ='P & NP'!HK317 -> 0 | EE21: ='P & NP'!HL317 -> 0 | EF21: ='P & NP'!HM317 -> 0 | EG21: ='P & NP'!HN317 -> 0 | EH21: ='P & NP'!HO317 -> 120000 | EI21: ='P & NP'!HP317 -> 2400000 | EJ21: =SUM(DX21,DZ21,EB21,ED21,EF21,EH21) -> 841500 | EK21: =SUM(DY21,EA21,EC21,EE21,EG21,EI21) -> 21037500 | EL21: ='P & NP'!HC355 -> 0 | EM21: ='P & NP'!HD355 -> 0 | EN21: ='P & NP'!HE355 -> 90000 | EO21: ='P & NP'!HF355 -> 6660000 | EP21: ='P & NP'!HI355 -> 672000 | EQ21: ='P & NP'!HJ355 -> 12548000 | ER21: ='P & NP'!HK355 -> 0 | ES21: ='P & NP'!HL355 -> 0 | ET21: ='P & NP'!HM355 -> 0 | EU21: ='P & NP'!HN355 -> 0 | EV21: ='P & NP'!HO355 -> 150000 | EW21: ='P & NP'!HP355 -> 3450000 | EX21: =SUM(EL21,EN21,EP21,ER21,ET21,EV21) -> 912000 | EY21: =SUM(EM21,EO21,EQ21,ES21,EU21,EW21) -> 22658000 | EZ21: ='P & NP'!HC393 -> 0 | FA21: ='P & NP'!HD393 -> 0 | FB21: ='P & NP'!HE393 -> 180000 | FC21: ='P & NP'!HF393 -> 13320000 | FD21: ='P & NP'!HI393 -> 664000 | FE21: ='P & NP'!HJ393 -> 12471000 | FF21: ='P & NP'!HK393 -> 0 | FG21: ='P & NP'!HL393 -> 0 | FH21: ='P & NP'!HM393 -> 0 | FI21: ='P & NP'!HN393 -> 0 | FJ21: ='P & NP'!HO393 -> 300000 | FK21: ='P & NP'!HP393 -> 6900000 | FL21: =SUM(EZ21,FB21,FD21,FF21,FH21,FJ21) -> 1144000 | FM21: =SUM(FA21,FC21,FE21,FG21,FI21,FK21) -> 32691000 | FN21: ='P & NP'!HC431 -> 0 | FO21: ='P & NP'!HD431 -> 0 | FP21: ='P & NP'!HE431 -> 200000 | FQ21: ='P & NP'!HF431 -> 12000000 | FR21: ='P & NP'!HI431 -> 698500 | FS21: ='P & NP'!HJ431 -> 13270000 | FT21: ='P & NP'!HK431 -> 0 | FU21: ='P & NP'!HL431 -> 0 | FV21: ='P & NP'!HM431 -> 0 | FW21: ='P & NP'!HN431 -> 0 | FX21: ='P & NP'!HO431 -> 650000 | FY21: ='P & NP'!HP431 -> 14950000 | FZ21: =SUM(FN21,FP21,FR21,FT21,FV21,FX21) -> 1548500 | GA21: =SUM(FO21,FQ21,FS21,FU21,FW21,FY21) -> 40220000 | GC21: =SUMIF($D$46:$AY$46,$GC$5,D21:AY21) -> 0 | GD21: =SUMIF($D$46:$AY$46,$GD$5,D21:AY21) -> 0 | GE21: =SUMIF($D$46:$AY$46,$GE$5,D21:AY21) -> 310000 | GF21: =SUMIF($D$46:$AY$46,$GF$5,D21:AY21) -> 16825000 | GG21: =SUMIF($D$46:$AY$46,$GG$5,D21:AY21) -> 1861300 | GH21: =SUMIF($D$46:$AY$46,$GH$5,D21:AY21) -> 32617500 | GI21: =SUMIF($D$46:$AY$46,$GI$5,D21:AY21) -> 0 | GJ21: =SUMIF($D$46:$AY$46,$GJ$5,D21:AY21) -> 0 | GK21: =SUMIF($D$46:$AY$46,$GK$5,D21:AY21) -> 0 | GL21: =SUMIF($D$46:$AY$46,$GL$5,D21:AY21) -> 0 | GM21: =SUMIF($D$46:$AY$46,$GM$5,D21:AY21) -> 1650000 | GN21: =SUMIF($D$46:$AY$46,$GN$5,D21:AY21) -> 37950000 | GO21: =SUM(GC21,GE21,GG21,GI21,GK21,GM21) -> 3821300 | GP21: =SUM(GD21,GF21,GH21,GJ21,GL21,GN21) -> 87392500 | GR21: =SUMIF($AZ$46:$CU$46,$GR$5,AZ21:CU21) -> 0 | GS21: =SUMIF($AZ$46:$CU$46,$GS$5,AZ21:CU21) -> 0 | GT21: =SUMIF($AZ$46:$CU$46,$GT$5,AZ21:CU21) -> 435000 | GU21: =SUMIF($AZ$46:$CU$46,$GU$5,AZ21:CU21) -> 25580000 | GV21: =SUMIF($AZ$46:$CU$46,$GV$5,AZ21:CU21) -> 1786500 | GW21: =SUMIF($AZ$46:$CU$46,$GW$5,AZ21:CU21) -> 33131500 | GX21: =SUMIF($AZ$46:$CU$46,$GX$5,AZ21:CU21) -> 0 | GY21: =SUMIF($AZ$46:$CU$46,$GY$5,AZ21:CU21) -> 0 | GZ21: =SUMIF($AZ$46:$CU$46,$GZ$5,AZ21:CU21) -> 0 | HA21: =SUMIF($AZ$46:$CU$46,$HA$5,AZ21:CU21) -> 0 | HB21: =SUMIF($AZ$46:$CU$46,$HB$5,AZ21:CU21) -> 1200000 | HC21: =SUMIF($AZ$46:$CU$46,$HC$5,AZ21:CU21) -> 27250000 | HD21: =SUM(GR21,GT21,GV21,GX21,GZ21,HB21) -> 3421500 | HE21: =SUM(GS21,GU21,GW21,GY21,HA21,HC21) -> 85961500 | HG21: =SUMIF($CV$46:$EK$46,$HG$5,CV21:EK21) -> 0 | HH21: =SUMIF($CV$46:$EK$46,$HH$5,CV21:EK21) -> 0 | HI21: =SUMIF($CV$46:$EK$46,$HI$5,CV21:EK21) -> 425000 | HJ21: =SUMIF($CV$46:$EK$46,$HJ$5,CV21:EK21) -> 29750000 | HK21: =SUMIF($CV$46:$EK$46,$HK$5,CV21:EK21) -> 1682000 | HL21: =SUMIF($CV$46:$EK$46,$HL$5,CV21:EK21) -> 30770000 | HM21: =SUMIF($CV$46:$EK$46,$HM$5,CV21:EK21) -> 0 | HN21: =SUMIF($CV$46:$EK$46,$HN$5,CV21:EK21) -> 0 | HO21: =SUMIF($CV$46:$EK$46,$HO$5,CV21:EK21) -> 0 | HP21: =SUMIF($CV$46:$EK$46,$HP$5,CV21:EK21) -> 0 | HQ21: =SUMIF($CV$46:$EK$46,$HQ$5,CV21:EK21) -> 310000 | HR21: =SUMIF($CV$46:$EK$46,$HR$5,CV21:EK21) -> 6200000 | HS21: =SUM(HG21,HI21,HK21,HM21,HO21,HQ21) -> 2417000 | HT21: =SUM(HH21,HJ21,HL21,HN21,HP21,HR21) -> 66720000 | HV21: =SUMIF($EL$46:$GA$46,$HV$5,EL21:GA21) -> 0 | HW21: =SUMIF($EL$46:$GA$46,$HW$5,EL21:GA21) -> 0 | HX21: =SUMIF($EL$46:$GA$46,$HX$5,EL21:GA21) -> 470000 | HY21: =SUMIF($EL$46:$GA$46,$HY$5,EL21:GA21) -> 31980000 | HZ21: =SUMIF($EL$46:$GA$46,$HZ$5,EL21:GA21) -> 2034500 | IA21: =SUMIF($EL$46:$GA$46,$IA$5,EL21:GA21) -> 38289000 | IB21: =SUMIF($EL$46:$GA$46,$IB$5,EL21:GA21) -> 0 | IC21: =SUMIF($EL$46:$GA$46,$IC$5,EL21:GA21) -> 0 | ID21: =SUMIF($EL$46:$GA$46,$ID$5,EL21:GA21) -> 0 | IE21: =SUMIF($EL$46:$GA$46,$IE$5,EL21:GA21) -> 0 | IF21: =SUMIF($EL$46:$GA$46,$IF$5,EL21:GA21) -> 1100000 | IG21: =SUMIF($EL$46:$GA$46,$IG$5,EL21:GA21) -> 25300000 | IH21: =SUM(HV21,HX21,HZ21,IB21,ID21,IF21) -> 3604500 | II21: =SUM(HW21,HY21,IA21,IC21,IE21,IG21) -> 95569000
A22: KABUPATEN MOJOKERTO | B22: =SUMIF($D$5:$GA$5,$B$5,D22:GA22) -> 1816618 | C22: =SUMIF($D$5:$GA$5,$C$5,D22:GA22) -> 34987300 | D22: ='P & NP'!HS13 -> 0 | E22: ='P & NP'!HT13 -> 0 | F22: ='P & NP'!HU13 -> 0 | G22: ='P & NP'!HV13 -> 0 | H22: ='P & NP'!HW13 -> 0 | I22: ='P & NP'!HX13 -> 0 | J22: ='P & NP'!HY13 -> 146300 | K22: ='P & NP'!HZ13 -> 3203500 | ... Q22: ='P & NP'!IF13 -> 0 | R22: =SUM(D22,F22,J22,L22,N22,P22) -> 146300 | S22: =SUM(E22,G22,K22,M22,O22,Q22) -> 3203500 | T22: ='P & NP'!HS51 -> 0 | U22: ='P & NP'!HT51 -> 0 | V22: ='P & NP'!HU51 -> 0 | W22: ='P & NP'!HV51 -> 0 | X22: ='P & NP'!HW51 -> 0 | Y22: ='P & NP'!HX51 -> 0 | Z22: ='P & NP'!HY51 -> 148250 | AA22: ='P & NP'!HZ51 -> 3000550 | ... AG22: ='P & NP'!IF51 -> 0 | AH22: =SUM(T22,V22,Z22,AB22,AD22,AF22) -> 148850 | AI22: =SUM(U22,W22,AA22,AC22,AE22,AG22) -> 3015550 | AJ22: ='P & NP'!HS89 -> 0 | AK22: ='P & NP'!HT89 -> 0 | AL22: ='P & NP'!HU89 -> 0 | AM22: ='P & NP'!HV89 -> 0 | AN22: ='P & NP'!HW89 -> 0 | AO22: ='P & NP'!HX89 -> 0 | AP22: ='P & NP'!HY89 -> 165350 | AQ22: ='P & NP'!HZ89 -> 3344380 | ... AW22: ='P & NP'!IF89 -> 0 | AX22: =SUM(AJ22,AL22,AP22,AR22,AT22,AV22) -> 165350 | AY22: =SUM(AK22,AM22,AQ22,AS22,AU22,AW22) -> 3344380 | AZ22: ='P & NP'!HS127 -> 0 | BA22: ='P & NP'!HT127 -> 0 | BB22: ='P & NP'!HU127 -> 0 | BC22: ='P & NP'!HV127 -> 0 | BD22: ='P & NP'!HW127 -> 0 | BE22: ='P & NP'!HX127 -> 0 | BF22: ='P & NP'!HY127 -> 152450 | BG22: ='P & NP'!HZ127 -> 2915950 | ... BM22: ='P & NP'!IF127 -> 0 | BN22: =SUM(AZ22,BB22,BF22,BH22,BJ22,BL22) -> 152850 | BO22: =SUM(BA22,BC22,BG22,BI22,BK22,BM22) -> 2923950 | BP22: ='P & NP'!HS165 -> 0 | BQ22: ='P & NP'!HT165 -> 0 | BR22: ='P & NP'!HU165 -> 0 | BS22: ='P & NP'!HV165 -> 0 | BT22: ='P & NP'!HW165 -> 0 | BU22: ='P & NP'!HX165 -> 0 | BV22: ='P & NP'!HY165 -> 145230 | BW22: ='P & NP'!HZ165 -> 2704660 | ... CC22: ='P & NP'!IF165 -> 0 | CD22: =SUM(BP22,BR22,BV22,BX22,BZ22,CB22) -> 145230 | CE22: =SUM(BQ22,BS22,BW22,BY22,CA22,CC22) -> 2704660 | CF22: ='P & NP'!HS203 -> 0 | CG22: ='P & NP'!HT203 -> 0 | CH22: ='P & NP'!HU203 -> 0 | CI22: ='P & NP'!HV203 -> 0 | CJ22: ='P & NP'!HW203 -> 0 | CK22: ='P & NP'!HX203 -> 0 | CL22: ='P & NP'!HY203 -> 146480 | CM22: ='P & NP'!HZ203 -> 2671646 | ... CS22: ='P & NP'!IF203 -> 24000 | CT22: =SUM(CF22,CH22,CL22,CN22,CP22,CR22) -> 147680 | CU22: =SUM(CG22,CI22,CM22,CO22,CQ22,CS22) -> 2695646 | CV22: ='P & NP'!HS241 -> 0 | CW22: ='P & NP'!HT241 -> 0 | CX22: ='P & NP'!HU241 -> 0 | CY22: ='P & NP'!HV241 -> 0 | CZ22: ='P & NP'!HY241 -> 149073 | DA22: ='P & NP'!HZ241 -> 2833614 | DB22: ='P & NP'!IA241 -> 0 | DC22: ='P & NP'!IB241 -> 0 | DD22: ='P & NP'!IC241 -> 0 | DE22: ='P & NP'!ID241 -> 0 | DF22: ='P & NP'!IE241 -> 0 | DG22: ='P & NP'!IF241 -> 0 | DH22: =SUM(CV22,CX22,CZ22,DB22,DD22,DF22) -> 149073 | DI22: =SUM(CW22,CY22,DA22,DC22,DE22,DG22) -> 2833614 | DJ22: ='P & NP'!HS279 -> 0 | DK22: ='P & NP'!HT279 -> 0 | DL22: ='P & NP'!HU279 -> 0 | DM22: ='P & NP'!HV279 -> 0 | DN22: ='P & NP'!HY279 -> 148075 | DO22: ='P & NP'!HZ279 -> 2797100 | DP22: ='P & NP'!IA279 -> 0 | DQ22: ='P & NP'!IB279 -> 0 | DR22: ='P & NP'!IC279 -> 800 | DS22: ='P & NP'!ID279 -> 22400 | DT22: ='P & NP'!IE279 -> 0 | DU22: ='P & NP'!IF279 -> 0 | DV22: =SUM(DJ22,DL22,DN22,DP22,DR22,DT22) -> 148875 | DW22: =SUM(DK22,DM22,DO22,DQ22,DS22,DU22) -> 2819500 | DX22: ='P & NP'!HS317 -> 0 | DY22: ='P & NP'!HT317 -> 0 | DZ22: ='P & NP'!HU317 -> 0 | EA22: ='P & NP'!HV317 -> 0 | EB22: ='P & NP'!HY317 -> 149550 | EC22: ='P & NP'!HZ317 -> 2830900 | ED22: ='P & NP'!IA317 -> 0 | EE22: ='P & NP'!IB317 -> 0 | EF22: ='P & NP'!IC317 -> 0 | EG22: ='P & NP'!ID317 -> 0 | EH22: ='P & NP'!IE317 -> 0 | EI22: ='P & NP'!IF317 -> 0 | EJ22: =SUM(DX22,DZ22,EB22,ED22,EF22,EH22) -> 149550 | EK22: =SUM(DY22,EA22,EC22,EE22,EG22,EI22) -> 2830900 | EL22: ='P & NP'!HS355 -> 0 | EM22: ='P & NP'!HT355 -> 0 | EN22: ='P & NP'!HU355 -> 0 | EO22: ='P & NP'!HV355 -> 0 | EP22: ='P & NP'!HY355 -> 149660 | EQ22: ='P & NP'!HZ355 -> 2745800 | ER22: ='P & NP'!IA355 -> 0 | ES22: ='P & NP'!IB355 -> 0 | ET22: ='P & NP'!IC355 -> 0 | EU22: ='P & NP'!ID355 -> 0 | EV22: ='P & NP'!IE355 -> 0 | EW22: ='P & NP'!IF355 -> 0 | EX22: =SUM(EL22,EN22,EP22,ER22,ET22,EV22) -> 149660 | EY22: =SUM(EM22,EO22,EQ22,ES22,EU22,EW22) -> 2745800 | EZ22: ='P & NP'!HS393 -> 0 | FA22: ='P & NP'!HT393 -> 0 | FB22: ='P & NP'!HU393 -> 0 | FC22: ='P & NP'!HV393 -> 0 | FD22: ='P & NP'!HY393 -> 156200 | FE22: ='P & NP'!HZ393 -> 2877300 | FF22: ='P & NP'!IA393 -> 0 | FG22: ='P & NP'!IB393 -> 0 | FH22: ='P & NP'!IC393 -> 0 | FI22: ='P & NP'!ID393 -> 0 | FJ22: ='P & NP'!IE393 -> 500 | FK22: ='P & NP'!IF393 -> 12500 | FL22: =SUM(EZ22,FB22,FD22,FF22,FH22,FJ22) -> 156700 | FM22: =SUM(FA22,FC22,FE22,FG22,FI22,FK22) -> 2889800 | FN22: ='P & NP'!HS431 -> 0 | FO22: ='P & NP'!HT431 -> 0 | FP22: ='P & NP'!HU431 -> 0 | FQ22: ='P & NP'!HV431 -> 0 | FR22: ='P & NP'!HY431 -> 156500 | FS22: ='P & NP'!HZ431 -> 2980000 | FT22: ='P & NP'!IA431 -> 0 | FU22: ='P & NP'!IB431 -> 0 | FV22: ='P & NP'!IC431 -> 0 | FW22: ='P & NP'!ID431 -> 0 | FX22: ='P & NP'!IE431 -> 0 | FY22: ='P & NP'!IF431 -> 0 | FZ22: =SUM(FN22,FP22,FR22,FT22,FV22,FX22) -> 156500 | GA22: =SUM(FO22,FQ22,FS22,FU22,FW22,FY22) -> 2980000 | GC22: =SUMIF($D$46:$AY$46,$GC$5,D22:AY22) -> 0 | GD22: =SUMIF($D$46:$AY$46,$GD$5,D22:AY22) -> 0 | GE22: =SUMIF($D$46:$AY$46,$GE$5,D22:AY22) -> 0 | GF22: =SUMIF($D$46:$AY$46,$GF$5,D22:AY22) -> 0 | GG22: =SUMIF($D$46:$AY$46,$GG$5,D22:AY22) -> 459900 | GH22: =SUMIF($D$46:$AY$46,$GH$5,D22:AY22) -> 9548430 | GI22: =SUMIF($D$46:$AY$46,$GI$5,D22:AY22) -> 0 | GJ22: =SUMIF($D$46:$AY$46,$GJ$5,D22:AY22) -> 0 | GK22: =SUMIF($D$46:$AY$46,$GK$5,D22:AY22) -> 600 | GL22: =SUMIF($D$46:$AY$46,$GL$5,D22:AY22) -> 15000 | GM22: =SUMIF($D$46:$AY$46,$GM$5,D22:AY22) -> 0 | GN22: =SUMIF($D$46:$AY$46,$GN$5,D22:AY22) -> 0 | GO22: =SUM(GC22,GE22,GG22,GI22,GK22,GM22) -> 460500 | GP22: =SUM(GD22,GF22,GH22,GJ22,GL22,GN22) -> 9563430 | GR22: =SUMIF($AZ$46:$CU$46,$GR$5,AZ22:CU22) -> 0 | GS22: =SUMIF($AZ$46:$CU$46,$GS$5,AZ22:CU22) -> 0 | GT22: =SUMIF($AZ$46:$CU$46,$GT$5,AZ22:CU22) -> 0 | GU22: =SUMIF($AZ$46:$CU$46,$GU$5,AZ22:CU22) -> 0 | GV22: =SUMIF($AZ$46:$CU$46,$GV$5,AZ22:CU22) -> 444160 | GW22: =SUMIF($AZ$46:$CU$46,$GW$5,AZ22:CU22) -> 8292256 | GX22: =SUMIF($AZ$46:$CU$46,$GX$5,AZ22:CU22) -> 0 | GY22: =SUMIF($AZ$46:$CU$46,$GY$5,AZ22:CU22) -> 0 | GZ22: =SUMIF($AZ$46:$CU$46,$GZ$5,AZ22:CU22) -> 400 | HA22: =SUMIF($AZ$46:$CU$46,$HA$5,AZ22:CU22) -> 8000 | HB22: =SUMIF($AZ$46:$CU$46,$HB$5,AZ22:CU22) -> 1200 | HC22: =SUMIF($AZ$46:$CU$46,$HC$5,AZ22:CU22) -> 24000 | HD22: =SUM(GR22,GT22,GV22,GX22,GZ22,HB22) -> 445760 | HE22: =SUM(GS22,GU22,GW22,GY22,HA22,HC22) -> 8324256 | HG22: =SUMIF($CV$46:$EK$46,$HG$5,CV22:EK22) -> 0 | HH22: =SUMIF($CV$46:$EK$46,$HH$5,CV22:EK22) -> 0 | HI22: =SUMIF($CV$46:$EK$46,$HI$5,CV22:EK22) -> 0 | HJ22: =SUMIF($CV$46:$EK$46,$HJ$5,CV22:EK22) -> 0 | HK22: =SUMIF($CV$46:$EK$46,$HK$5,CV22:EK22) -> 446698 | HL22: =SUMIF($CV$46:$EK$46,$HL$5,CV22:EK22) -> 8461614 | HM22: =SUMIF($CV$46:$EK$46,$HM$5,CV22:EK22) -> 0 | HN22: =SUMIF($CV$46:$EK$46,$HN$5,CV22:EK22) -> 0 | HO22: =SUMIF($CV$46:$EK$46,$HO$5,CV22:EK22) -> 800 | HP22: =SUMIF($CV$46:$EK$46,$HP$5,CV22:EK22) -> 22400 | HQ22: =SUMIF($CV$46:$EK$46,$HQ$5,CV22:EK22) -> 0 | HR22: =SUMIF($CV$46:$EK$46,$HR$5,CV22:EK22) -> 0 | HS22: =SUM(HG22,HI22,HK22,HM22,HO22,HQ22) -> 447498 | HT22: =SUM(HH22,HJ22,HL22,HN22,HP22,HR22) -> 8484014 | HV22: =SUMIF($EL$46:$GA$46,$HV$5,EL22:GA22) -> 0 | HW22: =SUMIF($EL$46:$GA$46,$HW$5,EL22:GA22) -> 0 | HX22: =SUMIF($EL$46:$GA$46,$HX$5,EL22:GA22) -> 0 | HY22: =SUMIF($EL$46:$GA$46,$HY$5,EL22:GA22) -> 0 | HZ22: =SUMIF($EL$46:$GA$46,$HZ$5,EL22:GA22) -> 462360 | IA22: =SUMIF($EL$46:$GA$46,$IA$5,EL22:GA22) -> 8603100 | IB22: =SUMIF($EL$46:$GA$46,$IB$5,EL22:GA22) -> 0 | IC22: =SUMIF($EL$46:$GA$46,$IC$5,EL22:GA22) -> 0 | ID22: =SUMIF($EL$46:$GA$46,$ID$5,EL22:GA22) -> 0 | IE22: =SUMIF($EL$46:$GA$46,$IE$5,EL22:GA22) -> 0 | IF22: =SUMIF($EL$46:$GA$46,$IF$5,EL22:GA22) -> 500 | IG22: =SUMIF($EL$46:$GA$46,$IG$5,EL22:GA22) -> 12500 | IH22: =SUM(HV22,HX22,HZ22,IB22,ID22,IF22) -> 462860 | II22: =SUM(HW22,HY22,IA22,IC22,IE22,IG22) -> 8615600
A23: KABUPATEN NGANJUK | B23: =SUMIF($D$5:$GA$5,$B$5,D23:GA23) -> 11030000 | C23: =SUMIF($D$5:$GA$5,$C$5,D23:GA23) -> 217798004 | D23: ='P & NP'!II13 -> 0 | E23: ='P & NP'!IJ13 -> 0 | F23: ='P & NP'!IK13 -> 0 | G23: ='P & NP'!IL13 -> 0 | H23: ='P & NP'!IM13 -> 0 | I23: ='P & NP'!IN13 -> 0 | J23: ='P & NP'!IO13 -> 993000 | K23: ='P & NP'!IP13 -> 19347080 | ... Q23: ='P & NP'!IV13 -> 0 | R23: =SUM(D23,F23,J23,L23,N23,P23) -> 993000 | S23: =SUM(E23,G23,K23,M23,O23,Q23) -> 19347080 | T23: ='P & NP'!II51 -> 0 | U23: ='P & NP'!IJ51 -> 0 | V23: ='P & NP'!IK51 -> 0 | W23: ='P & NP'!IL51 -> 0 | X23: ='P & NP'!IM51 -> 0 | Y23: ='P & NP'!IN51 -> 0 | Z23: ='P & NP'!IO51 -> 1009000 | AA23: ='P & NP'!IP51 -> 19663200 | ... AG23: ='P & NP'!IV51 -> 0 | AH23: =SUM(T23,V23,Z23,AB23,AD23,AF23) -> 1009000 | AI23: =SUM(U23,W23,AA23,AC23,AE23,AG23) -> 19663200 | AJ23: ='P & NP'!II89 -> 0 | AK23: ='P & NP'!IJ89 -> 0 | AL23: ='P & NP'!IK89 -> 0 | AM23: ='P & NP'!IL89 -> 0 | AN23: ='P & NP'!IM89 -> 0 | AO23: ='P & NP'!IN89 -> 0 | AP23: ='P & NP'!IO89 -> 1005000 | AQ23: ='P & NP'!IP89 -> 19584200 | ... AW23: ='P & NP'!IV89 -> 0 | AX23: =SUM(AJ23,AL23,AP23,AR23,AT23,AV23) -> 1005000 | AY23: =SUM(AK23,AM23,AQ23,AS23,AU23,AW23) -> 19584200 | AZ23: ='P & NP'!II127 -> 0 | BA23: ='P & NP'!IJ127 -> 0 | BB23: ='P & NP'!IK127 -> 0 | BC23: ='P & NP'!IL127 -> 0 | BD23: ='P & NP'!IM127 -> 0 | BE23: ='P & NP'!IN127 -> 0 | BF23: ='P & NP'!IO127 -> 985000 | BG23: ='P & NP'!IP127 -> 19580350 | ... BM23: ='P & NP'!IV127 -> 0 | BN23: =SUM(AZ23,BB23,BF23,BH23,BJ23,BL23) -> 985000 | BO23: =SUM(BA23,BC23,BG23,BI23,BK23,BM23) -> 19580350 | BP23: ='P & NP'!II165 -> 0 | BQ23: ='P & NP'!IJ165 -> 0 | BR23: ='P & NP'!IK165 -> 0 | BS23: ='P & NP'!IL165 -> 0 | BT23: ='P & NP'!IM165 -> 0 | BU23: ='P & NP'!IN165 -> 0 | BV23: ='P & NP'!IO165 -> 966000 | BW23: ='P & NP'!IP165 -> 19745375 | ... CC23: ='P & NP'!IV165 -> 0 | CD23: =SUM(BP23,BR23,BV23,BX23,BZ23,CB23) -> 966000 | CE23: =SUM(BQ23,BS23,BW23,BY23,CA23,CC23) -> 19745375 | CF23: ='P & NP'!II203 -> 0 | CG23: ='P & NP'!IJ203 -> 0 | CH23: ='P & NP'!IK203 -> 0 | CI23: ='P & NP'!IL203 -> 0 | CJ23: ='P & NP'!IM203 -> 0 | CK23: ='P & NP'!IN203 -> 0 | CL23: ='P & NP'!IO203 -> 947000 | CM23: ='P & NP'!IP203 -> 19362300 | ... CS23: ='P & NP'!IV203 -> 0 | CT23: =SUM(CF23,CH23,CL23,CN23,CP23,CR23) -> 947000 | CU23: =SUM(CG23,CI23,CM23,CO23,CQ23,CS23) -> 19362300 | CV23: ='P & NP'!II241 -> 0 | CW23: ='P & NP'!IJ241 -> 0 | CX23: ='P & NP'!IK241 -> 0 | CY23: ='P & NP'!IL241 -> 0 | CZ23: ='P & NP'!IO241 -> 876000 | DA23: ='P & NP'!IP241 -> 17018225 | DB23: ='P & NP'!IQ241 -> 0 | DC23: ='P & NP'!IR241 -> 0 | DD23: ='P & NP'!IS241 -> 0 | DE23: ='P & NP'!IT241 -> 0 | DF23: ='P & NP'!IU241 -> 0 | DG23: ='P & NP'!IV241 -> 0 | DH23: =SUM(CV23,CX23,CZ23,DB23,DD23,DF23) -> 876000 | DI23: =SUM(CW23,CY23,DA23,DC23,DE23,DG23) -> 17018225 | DJ23: ='P & NP'!II279 -> 0 | DK23: ='P & NP'!IJ279 -> 0 | DL23: ='P & NP'!IK279 -> 0 | DM23: ='P & NP'!IL279 -> 0 | DN23: ='P & NP'!IO279 -> 834000 | DO23: ='P & NP'!IP279 -> 15646920 | DP23: ='P & NP'!IQ279 -> 0 | DQ23: ='P & NP'!IR279 -> 0 | DR23: ='P & NP'!IS279 -> 0 | DS23: ='P & NP'!IT279 -> 0 | DT23: ='P & NP'!IU279 -> 0 | DU23: ='P & NP'!IV279 -> 0 | DV23: =SUM(DJ23,DL23,DN23,DP23,DR23,DT23) -> 834000 | DW23: =SUM(DK23,DM23,DO23,DQ23,DS23,DU23) -> 15646920 | DX23: ='P & NP'!II317 -> 0 | DY23: ='P & NP'!IJ317 -> 0 | DZ23: ='P & NP'!IK317 -> 0 | EA23: ='P & NP'!IL317 -> 0 | EB23: ='P & NP'!IO317 -> 810000 | EC23: ='P & NP'!IP317 -> 15777394 | ED23: ='P & NP'!IQ317 -> 0 | EE23: ='P & NP'!IR317 -> 0 | EF23: ='P & NP'!IS317 -> 0 | EG23: ='P & NP'!IT317 -> 0 | EH23: ='P & NP'!IU317 -> 0 | EI23: ='P & NP'!IV317 -> 0 | EJ23: =SUM(DX23,DZ23,EB23,ED23,EF23,EH23) -> 810000 | EK23: =SUM(DY23,EA23,EC23,EE23,EG23,EI23) -> 15777394 | EL23: ='P & NP'!II355 -> 0 | EM23: ='P & NP'!IJ355 -> 0 | EN23: ='P & NP'!IK355 -> 0 | EO23: ='P & NP'!IL355 -> 0 | EP23: ='P & NP'!IO355 -> 855800 | EQ23: ='P & NP'!IP355 -> 16308950 | ER23: ='P & NP'!IQ355 -> 0 | ES23: ='P & NP'!IR355 -> 0 | ET23: ='P & NP'!IS355 -> 0 | EU23: ='P & NP'!IT355 -> 0 | EV23: ='P & NP'!IU355 -> 0 | EW23: ='P & NP'!IV355 -> 0 | EX23: =SUM(EL23,EN23,EP23,ER23,ET23,EV23) -> 855800 | EY23: =SUM(EM23,EO23,EQ23,ES23,EU23,EW23) -> 16308950 | EZ23: ='P & NP'!II393 -> 0 | FA23: ='P & NP'!IJ393 -> 0 | FB23: ='P & NP'!IK393 -> 0 | FC23: ='P & NP'!IL393 -> 0 | FD23: ='P & NP'!IO393 -> 867600 | FE23: ='P & NP'!IP393 -> 17536910 | FF23: ='P & NP'!IQ393 -> 0 | FG23: ='P & NP'!IR393 -> 0 | FH23: ='P & NP'!IS393 -> 0 | FI23: ='P & NP'!IT393 -> 0 | FJ23: ='P & NP'!IU393 -> 0 | FK23: ='P & NP'!IV393 -> 0 | FL23: =SUM(EZ23,FB23,FD23,FF23,FH23,FJ23) -> 867600 | FM23: =SUM(FA23,FC23,FE23,FG23,FI23,FK23) -> 17536910 | FN23: ='P & NP'!II431 -> 0 | FO23: ='P & NP'!IJ431 -> 0 | FP23: ='P & NP'!IK431 -> 0 | FQ23: ='P & NP'!IL431 -> 0 | FR23: ='P & NP'!IO431 -> 881600 | FS23: ='P & NP'!IP431 -> 18227100 | FT23: ='P & NP'!IQ431 -> 0 | FU23: ='P & NP'!IR431 -> 0 | FV23: ='P & NP'!IS431 -> 0 | FW23: ='P & NP'!IT431 -> 0 | FX23: ='P & NP'!IU431 -> 0 | FY23: ='P & NP'!IV431 -> 0 | FZ23: =SUM(FN23,FP23,FR23,FT23,FV23,FX23) -> 881600 | GA23: =SUM(FO23,FQ23,FS23,FU23,FW23,FY23) -> 18227100 | GC23: =SUMIF($D$46:$AY$46,$GC$5,D23:AY23) -> 0 | GD23: =SUMIF($D$46:$AY$46,$GD$5,D23:AY23) -> 0 | GE23: =SUMIF($D$46:$AY$46,$GE$5,D23:AY23) -> 0 | GF23: =SUMIF($D$46:$AY$46,$GF$5,D23:AY23) -> 0 | GG23: =SUMIF($D$46:$AY$46,$GG$5,D23:AY23) -> 3007000 | GH23: =SUMIF($D$46:$AY$46,$GH$5,D23:AY23) -> 58594480 | GI23: =SUMIF($D$46:$AY$46,$GI$5,D23:AY23) -> 0 | GJ23: =SUMIF($D$46:$AY$46,$GJ$5,D23:AY23) -> 0 | GK23: =SUMIF($D$46:$AY$46,$GK$5,D23:AY23) -> 0 | GL23: =SUMIF($D$46:$AY$46,$GL$5,D23:AY23) -> 0 | GM23: =SUMIF($D$46:$AY$46,$GM$5,D23:AY23) -> 0 | GN23: =SUMIF($D$46:$AY$46,$GN$5,D23:AY23) -> 0 | GO23: =SUM(GC23,GE23,GG23,GI23,GK23,GM23) -> 3007000 | GP23: =SUM(GD23,GF23,GH23,GJ23,GL23,GN23) -> 58594480 | GR23: =SUMIF($AZ$46:$CU$46,$GR$5,AZ23:CU23) -> 0 | GS23: =SUMIF($AZ$46:$CU$46,$GS$5,AZ23:CU23) -> 0 | GT23: =SUMIF($AZ$46:$CU$46,$GT$5,AZ23:CU23) -> 0 | GU23: =SUMIF($AZ$46:$CU$46,$GU$5,AZ23:CU23) -> 0 | GV23: =SUMIF($AZ$46:$CU$46,$GV$5,AZ23:CU23) -> 2898000 | GW23: =SUMIF($AZ$46:$CU$46,$GW$5,AZ23:CU23) -> 58688025 | GX23: =SUMIF($AZ$46:$CU$46,$GX$5,AZ23:CU23) -> 0 | GY23: =SUMIF($AZ$46:$CU$46,$GY$5,AZ23:CU23) -> 0 | GZ23: =SUMIF($AZ$46:$CU$46,$GZ$5,AZ23:CU23) -> 0 | HA23: =SUMIF($AZ$46:$CU$46,$HA$5,AZ23:CU23) -> 0 | HB23: =SUMIF($AZ$46:$CU$46,$HB$5,AZ23:CU23) -> 0 | HC23: =SUMIF($AZ$46:$CU$46,$HC$5,AZ23:CU23) -> 0 | HD23: =SUM(GR23,GT23,GV23,GX23,GZ23,HB23) -> 2898000 | HE23: =SUM(GS23,GU23,GW23,GY23,HA23,HC23) -> 58688025 | HG23: =SUMIF($CV$46:$EK$46,$HG$5,CV23:EK23) -> 0 | HH23: =SUMIF($CV$46:$EK$46,$HH$5,CV23:EK23) -> 0 | HI23: =SUMIF($CV$46:$EK$46,$HI$5,CV23:EK23) -> 0 | HJ23: =SUMIF($CV$46:$EK$46,$HJ$5,CV23:EK23) -> 0 | HK23: =SUMIF($CV$46:$EK$46,$HK$5,CV23:EK23) -> 2520000 | HL23: =SUMIF($CV$46:$EK$46,$HL$5,CV23:EK23) -> 48442539 | HM23: =SUMIF($CV$46:$EK$46,$HM$5,CV23:EK23) -> 0 | HN23: =SUMIF($CV$46:$EK$46,$HN$5,CV23:EK23) -> 0 | HO23: =SUMIF($CV$46:$EK$46,$HO$5,CV23:EK23) -> 0 | HP23: =SUMIF($CV$46:$EK$46,$HP$5,CV23:EK23) -> 0 | HQ23: =SUMIF($CV$46:$EK$46,$HQ$5,CV23:EK23) -> 0 | HR23: =SUMIF($CV$46:$EK$46,$HR$5,CV23:EK23) -> 0 | HS23: =SUM(HG23,HI23,HK23,HM23,HO23,HQ23) -> 2520000 | HT23: =SUM(HH23,HJ23,HL23,HN23,HP23,HR23) -> 48442539 | HV23: =SUMIF($EL$46:$GA$46,$HV$5,EL23:GA23) -> 0 | HW23: =SUMIF($EL$46:$GA$46,$HW$5,EL23:GA23) -> 0 | HX23: =SUMIF($EL$46:$GA$46,$HX$5,EL23:GA23) -> 0 | HY23: =SUMIF($EL$46:$GA$46,$HY$5,EL23:GA23) -> 0 | HZ23: =SUMIF($EL$46:$GA$46,$HZ$5,EL23:GA23) -> 2605000 | IA23: =SUMIF($EL$46:$GA$46,$IA$5,EL23:GA23) -> 52072960 | IB23: =SUMIF($EL$46:$GA$46,$IB$5,EL23:GA23) -> 0 | IC23: =SUMIF($EL$46:$GA$46,$IC$5,EL23:GA23) -> 0 | ID23: =SUMIF($EL$46:$GA$46,$ID$5,EL23:GA23) -> 0 | IE23: =SUMIF($EL$46:$GA$46,$IE$5,EL23:GA23) -> 0 | IF23: =SUMIF($EL$46:$GA$46,$IF$5,EL23:GA23) -> 0 | IG23: =SUMIF($EL$46:$GA$46,$IG$5,EL23:GA23) -> 0 | IH23: =SUM(HV23,HX23,HZ23,IB23,ID23,IF23) -> 2605000 | II23: =SUM(HW23,HY23,IA23,IC23,IE23,IG23) -> 52072960
A24: KABUPATEN NGAWI | B24: =SUMIF($D$5:$GA$5,$B$5,D24:GA24) -> 4513458 | C24: =SUMIF($D$5:$GA$5,$C$5,D24:GA24) -> 85786484 | D24: ='P & NP'!IY13 -> 0 | E24: ='P & NP'!IZ13 -> 0 | F24: ='P & NP'!JA13 -> 0 | G24: ='P & NP'!JB13 -> 0 | H24: ='P & NP'!JC13 -> 0 | I24: ='P & NP'!JD13 -> 0 | J24: ='P & NP'!JE13 -> 365758 | K24: ='P & NP'!JF13 -> 6957620 | ... Q24: ='P & NP'!JL13 -> 207974 | R24: =SUM(D24,F24,J24,L24,N24,P24) -> 376321 | S24: =SUM(E24,G24,K24,M24,O24,Q24) -> 7165594 | T24: ='P & NP'!IY51 -> 0 | U24: ='P & NP'!IZ51 -> 0 | V24: ='P & NP'!JA51 -> 0 | W24: ='P & NP'!JB51 -> 0 | X24: ='P & NP'!JC51 -> 0 | Y24: ='P & NP'!JD51 -> 0 | Z24: ='P & NP'!JE51 -> 364798 | AA24: ='P & NP'!JF51 -> 6938438 | ... AG24: ='P & NP'!JL51 -> 195740 | AH24: =SUM(T24,V24,Z24,AB24,AD24,AF24) -> 374768 | AI24: =SUM(U24,W24,AA24,AC24,AE24,AG24) -> 7134178 | AJ24: ='P & NP'!IY89 -> 0 | AK24: ='P & NP'!IZ89 -> 0 | AL24: ='P & NP'!JA89 -> 0 | AM24: ='P & NP'!JB89 -> 0 | AN24: ='P & NP'!JC89 -> 0 | AO24: ='P & NP'!JD89 -> 0 | AP24: ='P & NP'!JE89 -> 366988 | AQ24: ='P & NP'!JF89 -> 6982409 | ... AW24: ='P & NP'!JL89 -> 220748 | AX24: =SUM(AJ24,AL24,AP24,AR24,AT24,AV24) -> 378168 | AY24: =SUM(AK24,AM24,AQ24,AS24,AU24,AW24) -> 7203157 | AZ24: ='P & NP'!IY127 -> 0 | BA24: ='P & NP'!IZ127 -> 0 | BB24: ='P & NP'!JA127 -> 0 | BC24: ='P & NP'!JB127 -> 0 | BD24: ='P & NP'!JC127 -> 0 | BE24: ='P & NP'!JD127 -> 0 | BF24: ='P & NP'!JE127 -> 377032 | BG24: ='P & NP'!JF127 -> 7159380 | ... BM24: ='P & NP'!JL127 -> 187710 | BN24: =SUM(AZ24,BB24,BF24,BH24,BJ24,BL24) -> 386912 | BO24: =SUM(BA24,BC24,BG24,BI24,BK24,BM24) -> 7347090 | BP24: ='P & NP'!IY165 -> 0 | BQ24: ='P & NP'!IZ165 -> 0 | BR24: ='P & NP'!JA165 -> 0 | BS24: ='P & NP'!JB165 -> 0 | BT24: ='P & NP'!JC165 -> 0 | BU24: ='P & NP'!JD165 -> 0 | BV24: ='P & NP'!JE165 -> 374905 | BW24: ='P & NP'!JF165 -> 7113185 | ... CC24: ='P & NP'!JL165 -> 177920 | CD24: =SUM(BP24,BR24,BV24,BX24,BZ24,CB24) -> 384165 | CE24: =SUM(BQ24,BS24,BW24,BY24,CA24,CC24) -> 7291105 | CF24: ='P & NP'!IY203 -> 0 | CG24: ='P & NP'!IZ203 -> 0 | CH24: ='P & NP'!JA203 -> 0 | CI24: ='P & NP'!JB203 -> 0 | CJ24: ='P & NP'!JC203 -> 0 | CK24: ='P & NP'!JD203 -> 0 | CL24: ='P & NP'!JE203 -> 365830 | CM24: ='P & NP'!JF203 -> 6950060 | ... CS24: ='P & NP'!JL203 -> 179980 | CT24: =SUM(CF24,CH24,CL24,CN24,CP24,CR24) -> 375370 | CU24: =SUM(CG24,CI24,CM24,CO24,CQ24,CS24) -> 7130040 | CV24: ='P & NP'!IY241 -> 0 | CW24: ='P & NP'!IZ241 -> 0 | CX24: ='P & NP'!JA241 -> 0 | CY24: ='P & NP'!JB241 -> 0 | CZ24: ='P & NP'!JE241 -> 372655 | DA24: ='P & NP'!JF241 -> 7079940 | DB24: ='P & NP'!JG241 -> 0 | DC24: ='P & NP'!JH241 -> 0 | DD24: ='P & NP'!JI241 -> 0 | DE24: ='P & NP'!JJ241 -> 0 | DF24: ='P & NP'!JK241 -> 9500 | DG24: ='P & NP'!JL241 -> 180200 | DH24: =SUM(CV24,CX24,CZ24,DB24,DD24,DF24) -> 382155 | DI24: =SUM(CW24,CY24,DA24,DC24,DE24,DG24) -> 7260140 | DJ24: ='P & NP'!IY279 -> 0 | DK24: ='P & NP'!IZ279 -> 0 | DL24: ='P & NP'!JA279 -> 0 | DM24: ='P & NP'!JB279 -> 0 | DN24: ='P & NP'!JE279 -> 372167 | DO24: ='P & NP'!JF279 -> 7077519 | DP24: ='P & NP'!JG279 -> 0 | DQ24: ='P & NP'!JH279 -> 0 | DR24: ='P & NP'!JI279 -> 0 | DS24: ='P & NP'!JJ279 -> 0 | DT24: ='P & NP'!JK279 -> 9270 | DU24: ='P & NP'!JL279 -> 175290 | DV24: =SUM(DJ24,DL24,DN24,DP24,DR24,DT24) -> 381437 | DW24: =SUM(DK24,DM24,DO24,DQ24,DS24,DU24) -> 7252809 | DX24: ='P & NP'!IY317 -> 0 | DY24: ='P & NP'!IZ317 -> 0 | DZ24: ='P & NP'!JA317 -> 0 | EA24: ='P & NP'!JB317 -> 0 | EB24: ='P & NP'!JE317 -> 368330 | EC24: ='P & NP'!JF317 -> 6994685 | ED24: ='P & NP'!JG317 -> 0 | EE24: ='P & NP'!JH317 -> 0 | EF24: ='P & NP'!JI317 -> 0 | EG24: ='P & NP'!JJ317 -> 0 | EH24: ='P & NP'!JK317 -> 9090 | EI24: ='P & NP'!JL317 -> 166080 | EJ24: =SUM(DX24,DZ24,EB24,ED24,EF24,EH24) -> 377420 | EK24: =SUM(DY24,EA24,EC24,EE24,EG24,EI24) -> 7160765 | EL24: ='P & NP'!IY355 -> 0 | EM24: ='P & NP'!IZ355 -> 0 | EN24: ='P & NP'!JA355 -> 0 | EO24: ='P & NP'!JB355 -> 0 | EP24: ='P & NP'!JE355 -> 357158 | EQ24: ='P & NP'!JF355 -> 6784410 | ER24: ='P & NP'!JG355 -> 0 | ES24: ='P & NP'!JH355 -> 0 | ET24: ='P & NP'!JI355 -> 0 | EU24: ='P & NP'!JJ355 -> 0 | EV24: ='P & NP'!JK355 -> 6240 | EW24: ='P & NP'!JL355 -> 116980 | EX24: =SUM(EL24,EN24,EP24,ER24,ET24,EV24) -> 363398 | EY24: =SUM(EM24,EO24,EQ24,ES24,EU24,EW24) -> 6901390 | EZ24: ='P & NP'!IY393 -> 0 | FA24: ='P & NP'!IZ393 -> 0 | FB24: ='P & NP'!JA393 -> 0 | FC24: ='P & NP'!JB393 -> 0 | FD24: ='P & NP'!JE393 -> 359041 | FE24: ='P & NP'!JF393 -> 6820976 | FF24: ='P & NP'!JG393 -> 0 | FG24: ='P & NP'!JH393 -> 0 | FH24: ='P & NP'!JI393 -> 0 | FI24: ='P & NP'!JJ393 -> 0 | FJ24: ='P & NP'!JK393 -> 6430 | FK24: ='P & NP'!JL393 -> 119710 | FL24: =SUM(EZ24,FB24,FD24,FF24,FH24,FJ24) -> 365471 | FM24: =SUM(FA24,FC24,FE24,FG24,FI24,FK24) -> 6940686 | FN24: ='P & NP'!IY431 -> 0 | FO24: ='P & NP'!IZ431 -> 0 | FP24: ='P & NP'!JA431 -> 0 | FQ24: ='P & NP'!JB431 -> 0 | FR24: ='P & NP'!JE431 -> 361863 | FS24: ='P & NP'!JF431 -> 6885580 | FT24: ='P & NP'!JG431 -> 0 | FU24: ='P & NP'!JH431 -> 0 | FV24: ='P & NP'!JI431 -> 0 | FW24: ='P & NP'!JJ431 -> 0 | FX24: ='P & NP'!JK431 -> 6010 | FY24: ='P & NP'!JL431 -> 113950 | FZ24: =SUM(FN24,FP24,FR24,FT24,FV24,FX24) -> 367873 | GA24: =SUM(FO24,FQ24,FS24,FU24,FW24,FY24) -> 6999530 | GC24: =SUMIF($D$46:$AY$46,$GC$5,D24:AY24) -> 0 | GD24: =SUMIF($D$46:$AY$46,$GD$5,D24:AY24) -> 0 | GE24: =SUMIF($D$46:$AY$46,$GE$5,D24:AY24) -> 0 | GF24: =SUMIF($D$46:$AY$46,$GF$5,D24:AY24) -> 0 | GG24: =SUMIF($D$46:$AY$46,$GG$5,D24:AY24) -> 1097544 | GH24: =SUMIF($D$46:$AY$46,$GH$5,D24:AY24) -> 20878467 | GI24: =SUMIF($D$46:$AY$46,$GI$5,D24:AY24) -> 0 | GJ24: =SUMIF($D$46:$AY$46,$GJ$5,D24:AY24) -> 0 | GK24: =SUMIF($D$46:$AY$46,$GK$5,D24:AY24) -> 0 | GL24: =SUMIF($D$46:$AY$46,$GL$5,D24:AY24) -> 0 | GM24: =SUMIF($D$46:$AY$46,$GM$5,D24:AY24) -> 31713 | GN24: =SUMIF($D$46:$AY$46,$GN$5,D24:AY24) -> 624462 | GO24: =SUM(GC24,GE24,GG24,GI24,GK24,GM24) -> 1129257 | GP24: =SUM(GD24,GF24,GH24,GJ24,GL24,GN24) -> 21502929 | GR24: =SUMIF($AZ$46:$CU$46,$GR$5,AZ24:CU24) -> 0 | GS24: =SUMIF($AZ$46:$CU$46,$GS$5,AZ24:CU24) -> 0 | GT24: =SUMIF($AZ$46:$CU$46,$GT$5,AZ24:CU24) -> 0 | GU24: =SUMIF($AZ$46:$CU$46,$GU$5,AZ24:CU24) -> 0 | GV24: =SUMIF($AZ$46:$CU$46,$GV$5,AZ24:CU24) -> 1117767 | GW24: =SUMIF($AZ$46:$CU$46,$GW$5,AZ24:CU24) -> 21222625 | GX24: =SUMIF($AZ$46:$CU$46,$GX$5,AZ24:CU24) -> 0 | GY24: =SUMIF($AZ$46:$CU$46,$GY$5,AZ24:CU24) -> 0 | GZ24: =SUMIF($AZ$46:$CU$46,$GZ$5,AZ24:CU24) -> 0 | HA24: =SUMIF($AZ$46:$CU$46,$HA$5,AZ24:CU24) -> 0 | HB24: =SUMIF($AZ$46:$CU$46,$HB$5,AZ24:CU24) -> 28680 | HC24: =SUMIF($AZ$46:$CU$46,$HC$5,AZ24:CU24) -> 545610 | HD24: =SUM(GR24,GT24,GV24,GX24,GZ24,HB24) -> 1146447 | HE24: =SUM(GS24,GU24,GW24,GY24,HA24,HC24) -> 21768235 | HG24: =SUMIF($CV$46:$EK$46,$HG$5,CV24:EK24) -> 0 | HH24: =SUMIF($CV$46:$EK$46,$HH$5,CV24:EK24) -> 0 | HI24: =SUMIF($CV$46:$EK$46,$HI$5,CV24:EK24) -> 0 | HJ24: =SUMIF($CV$46:$EK$46,$HJ$5,CV24:EK24) -> 0 | HK24: =SUMIF($CV$46:$EK$46,$HK$5,CV24:EK24) -> 1113152 | HL24: =SUMIF($CV$46:$EK$46,$HL$5,CV24:EK24) -> 21152144 | HM24: =SUMIF($CV$46:$EK$46,$HM$5,CV24:EK24) -> 0 | HN24: =SUMIF($CV$46:$EK$46,$HN$5,CV24:EK24) -> 0 | HO24: =SUMIF($CV$46:$EK$46,$HO$5,CV24:EK24) -> 0 | HP24: =SUMIF($CV$46:$EK$46,$HP$5,CV24:EK24) -> 0 | HQ24: =SUMIF($CV$46:$EK$46,$HQ$5,CV24:EK24) -> 27860 | HR24: =SUMIF($CV$46:$EK$46,$HR$5,CV24:EK24) -> 521570 | HS24: =SUM(HG24,HI24,HK24,HM24,HO24,HQ24) -> 1141012 | HT24: =SUM(HH24,HJ24,HL24,HN24,HP24,HR24) -> 21673714 | HV24: =SUMIF($EL$46:$GA$46,$HV$5,EL24:GA24) -> 0 | HW24: =SUMIF($EL$46:$GA$46,$HW$5,EL24:GA24) -> 0 | HX24: =SUMIF($EL$46:$GA$46,$HX$5,EL24:GA24) -> 0 | HY24: =SUMIF($EL$46:$GA$46,$HY$5,EL24:GA24) -> 0 | HZ24: =SUMIF($EL$46:$GA$46,$HZ$5,EL24:GA24) -> 1078062 | IA24: =SUMIF($EL$46:$GA$46,$IA$5,EL24:GA24) -> 20490966 | IB24: =SUMIF($EL$46:$GA$46,$IB$5,EL24:GA24) -> 0 | IC24: =SUMIF($EL$46:$GA$46,$IC$5,EL24:GA24) -> 0 | ID24: =SUMIF($EL$46:$GA$46,$ID$5,EL24:GA24) -> 0 | IE24: =SUMIF($EL$46:$GA$46,$IE$5,EL24:GA24) -> 0 | IF24: =SUMIF($EL$46:$GA$46,$IF$5,EL24:GA24) -> 18680 | IG24: =SUMIF($EL$46:$GA$46,$IG$5,EL24:GA24) -> 350640 | IH24: =SUM(HV24,HX24,HZ24,IB24,ID24,IF24) -> 1096742 | II24: =SUM(HW24,HY24,IA24,IC24,IE24,IG24) -> 20841606
A25: KABUPATEN PACITAN | B25: =SUMIF($D$5:$GA$5,$B$5,D25:GA25) -> 2663462 | C25: =SUMIF($D$5:$GA$5,$C$5,D25:GA25) -> 161741390 | D25: ='P & NP'!JO13 -> 0 | E25: ='P & NP'!JP13 -> 0 | F25: ='P & NP'!JQ13 -> 94548 | G25: ='P & NP'!JR13 -> 7563840 | H25: ='P & NP'!JS13 -> 0 | I25: ='P & NP'!JT13 -> 0 | J25: ='P & NP'!JU13 -> 42284 | K25: ='P & NP'!JV13 -> 1046749 | ... Q25: ='P & NP'!KB13 -> 0 | R25: =SUM(D25,F25,J25,L25,N25,P25) -> 136832 | S25: =SUM(E25,G25,K25,M25,O25,Q25) -> 8610589 | T25: ='P & NP'!JO51 -> 0 | U25: ='P & NP'!JP51 -> 0 | V25: ='P & NP'!JQ51 -> 150403 | W25: ='P & NP'!JR51 -> 11430628 | X25: ='P & NP'!JS51 -> 0 | Y25: ='P & NP'!JT51 -> 0 | Z25: ='P & NP'!JU51 -> 52294 | AA25: ='P & NP'!JV51 -> 1368092 | ... AG25: ='P & NP'!KB51 -> 0 | AH25: =SUM(T25,V25,Z25,AB25,AD25,AF25) -> 202697 | AI25: =SUM(U25,W25,AA25,AC25,AE25,AG25) -> 12798720 | AJ25: ='P & NP'!JO89 -> 0 | AK25: ='P & NP'!JP89 -> 0 | AL25: ='P & NP'!JQ89 -> 140570 | AM25: ='P & NP'!JR89 -> 10693720 | AN25: ='P & NP'!JS89 -> 0 | AO25: ='P & NP'!JT89 -> 0 | AP25: ='P & NP'!JU89 -> 67169 | AQ25: ='P & NP'!JV89 -> 1751261 | ... AW25: ='P & NP'!KB89 -> 0 | AX25: =SUM(AJ25,AL25,AP25,AR25,AT25,AV25) -> 207739 | AY25: =SUM(AK25,AM25,AQ25,AS25,AU25,AW25) -> 12444981 | AZ25: ='P & NP'!JO127 -> 0 | BA25: ='P & NP'!JP127 -> 0 | BB25: ='P & NP'!JQ127 -> 130470 | BC25: ='P & NP'!JR127 -> 10442600 | BD25: ='P & NP'!JS127 -> 0 | BE25: ='P & NP'!JT127 -> 0 | BF25: ='P & NP'!JU127 -> 79255 | BG25: ='P & NP'!JV127 -> 2034230 | ... BM25: ='P & NP'!KB127 -> 0 | BN25: =SUM(AZ25,BB25,BF25,BH25,BJ25,BL25) -> 209725 | BO25: =SUM(BA25,BC25,BG25,BI25,BK25,BM25) -> 12476830 | BP25: ='P & NP'!JO165 -> 0 | BQ25: ='P & NP'!JP165 -> 0 | BR25: ='P & NP'!JQ165 -> 110765 | BS25: ='P & NP'!JR165 -> 8867200 | BT25: ='P & NP'!JS165 -> 0 | BU25: ='P & NP'!JT165 -> 0 | BV25: ='P & NP'!JU165 -> 74022 | BW25: ='P & NP'!JV165 -> 1910332 | ... CC25: ='P & NP'!KB165 -> 0 | CD25: =SUM(BP25,BR25,BV25,BX25,BZ25,CB25) -> 184787 | CE25: =SUM(BQ25,BS25,BW25,BY25,CA25,CC25) -> 10777532 | CF25: ='P & NP'!JO203 -> 0 | CG25: ='P & NP'!JP203 -> 0 | CH25: ='P & NP'!JQ203 -> 113354 | CI25: ='P & NP'!JR203 -> 9068320 | CJ25: ='P & NP'!JS203 -> 0 | CK25: ='P & NP'!JT203 -> 0 | CL25: ='P & NP'!JU203 -> 80718 | CM25: ='P & NP'!JV203 -> 2087800 | ... CS25: ='P & NP'!KB203 -> 0 | CT25: =SUM(CF25,CH25,CL25,CN25,CP25,CR25) -> 194072 | CU25: =SUM(CG25,CI25,CM25,CO25,CQ25,CS25) -> 11156120 | CV25: ='P & NP'!JO241 -> 0 | CW25: ='P & NP'!JP241 -> 0 | CX25: ='P & NP'!JQ241 -> 141041 | CY25: ='P & NP'!JR241 -> 11283280 | CZ25: ='P & NP'!JU241 -> 76840 | DA25: ='P & NP'!JV241 -> 1981652 | DB25: ='P & NP'!JW241 -> 0 | DC25: ='P & NP'!JX241 -> 0 | DD25: ='P & NP'!JY241 -> 0 | DE25: ='P & NP'!JZ241 -> 0 | DF25: ='P & NP'!KA241 -> 0 | DG25: ='P & NP'!KB241 -> 0 | DH25: =SUM(CV25,CX25,CZ25,DB25,DD25,DF25) -> 217881 | DI25: =SUM(CW25,CY25,DA25,DC25,DE25,DG25) -> 13264932 | DJ25: ='P & NP'!JO279 -> 0 | DK25: ='P & NP'!JP279 -> 0 | DL25: ='P & NP'!JQ279 -> 120830 | DM25: ='P & NP'!JR279 -> 9666400 | DN25: ='P & NP'!JU279 -> 85115 | DO25: ='P & NP'!JV279 -> 2228241 | DP25: ='P & NP'!JW279 -> 0 | DQ25: ='P & NP'!JX279 -> 0 | DR25: ='P & NP'!JY279 -> 0 | DS25: ='P & NP'!JZ279 -> 0 | DT25: ='P & NP'!KA279 -> 0 | DU25: ='P & NP'!KB279 -> 0 | DV25: =SUM(DJ25,DL25,DN25,DP25,DR25,DT25) -> 205945 | DW25: =SUM(DK25,DM25,DO25,DQ25,DS25,DU25) -> 11894641 | DX25: ='P & NP'!JO317 -> 0 | DY25: ='P & NP'!JP317 -> 0 | DZ25: ='P & NP'!JQ317 -> 234950 | EA25: ='P & NP'!JR317 -> 18821000 | EB25: ='P & NP'!JU317 -> 83135 | EC25: ='P & NP'!JV317 -> 2142761 | ED25: ='P & NP'!JW317 -> 0 | EE25: ='P & NP'!JX317 -> 0 | EF25: ='P & NP'!JY317 -> 0 | EG25: ='P & NP'!JZ317 -> 0 | EH25: ='P & NP'!KA317 -> 0 | EI25: ='P & NP'!KB317 -> 0 | EJ25: =SUM(DX25,DZ25,EB25,ED25,EF25,EH25) -> 318085 | EK25: =SUM(DY25,EA25,EC25,EE25,EG25,EI25) -> 20963761 | EL25: ='P & NP'!JO355 -> 0 | EM25: ='P & NP'!JP355 -> 0 | EN25: ='P & NP'!JQ355 -> 169012 | EO25: ='P & NP'!JR355 -> 13527160 | EP25: ='P & NP'!JU355 -> 77455 | EQ25: ='P & NP'!JV355 -> 1979469 | ER25: ='P & NP'!JW355 -> 0 | ES25: ='P & NP'!JX355 -> 0 | ET25: ='P & NP'!JY355 -> 0 | EU25: ='P & NP'!JZ355 -> 0 | EV25: ='P & NP'!KA355 -> 0 | EW25: ='P & NP'!KB355 -> 0 | EX25: =SUM(EL25,EN25,EP25,ER25,ET25,EV25) -> 246467 | EY25: =SUM(EM25,EO25,EQ25,ES25,EU25,EW25) -> 15506629 | EZ25: ='P & NP'!JO393 -> 0 | FA25: ='P & NP'!JP393 -> 0 | FB25: ='P & NP'!JQ393 -> 173447 | FC25: ='P & NP'!JR393 -> 13882160 | FD25: ='P & NP'!JU393 -> 78002 | FE25: ='P & NP'!JV393 -> 2001361 | FF25: ='P & NP'!JW393 -> 0 | FG25: ='P & NP'!JX393 -> 0 | FH25: ='P & NP'!JY393 -> 0 | FI25: ='P & NP'!JZ393 -> 0 | FJ25: ='P & NP'!KA393 -> 0 | FK25: ='P & NP'!KB393 -> 0 | FL25: =SUM(EZ25,FB25,FD25,FF25,FH25,FJ25) -> 251449 | FM25: =SUM(FA25,FC25,FE25,FG25,FI25,FK25) -> 15883521 | FN25: ='P & NP'!JO431 -> 0 | FO25: ='P & NP'!JP431 -> 0 | FP25: ='P & NP'!JQ431 -> 153185 | FQ25: ='P & NP'!JR431 -> 12256300 | FR25: ='P & NP'!JU431 -> 134598 | FS25: ='P & NP'!JV431 -> 3706834 | FT25: ='P & NP'!JW431 -> 0 | FU25: ='P & NP'!JX431 -> 0 | FV25: ='P & NP'!JY431 -> 0 | FW25: ='P & NP'!JZ431 -> 0 | FX25: ='P & NP'!KA431 -> 0 | FY25: ='P & NP'!KB431 -> 0 | FZ25: =SUM(FN25,FP25,FR25,FT25,FV25,FX25) -> 287783 | GA25: =SUM(FO25,FQ25,FS25,FU25,FW25,FY25) -> 15963134 | GC25: =SUMIF($D$46:$AY$46,$GC$5,D25:AY25) -> 0 | GD25: =SUMIF($D$46:$AY$46,$GD$5,D25:AY25) -> 0 | GE25: =SUMIF($D$46:$AY$46,$GE$5,D25:AY25) -> 385521 | GF25: =SUMIF($D$46:$AY$46,$GF$5,D25:AY25) -> 29688188 | GG25: =SUMIF($D$46:$AY$46,$GG$5,D25:AY25) -> 161747 | GH25: =SUMIF($D$46:$AY$46,$GH$5,D25:AY25) -> 4166102 | GI25: =SUMIF($D$46:$AY$46,$GI$5,D25:AY25) -> 0 | GJ25: =SUMIF($D$46:$AY$46,$GJ$5,D25:AY25) -> 0 | GK25: =SUMIF($D$46:$AY$46,$GK$5,D25:AY25) -> 0 | GL25: =SUMIF($D$46:$AY$46,$GL$5,D25:AY25) -> 0 | GM25: =SUMIF($D$46:$AY$46,$GM$5,D25:AY25) -> 0 | GN25: =SUMIF($D$46:$AY$46,$GN$5,D25:AY25) -> 0 | GO25: =SUM(GC25,GE25,GG25,GI25,GK25,GM25) -> 547268 | GP25: =SUM(GD25,GF25,GH25,GJ25,GL25,GN25) -> 33854290 | GR25: =SUMIF($AZ$46:$CU$46,$GR$5,AZ25:CU25) -> 0 | GS25: =SUMIF($AZ$46:$CU$46,$GS$5,AZ25:CU25) -> 0 | GT25: =SUMIF($AZ$46:$CU$46,$GT$5,AZ25:CU25) -> 354589 | GU25: =SUMIF($AZ$46:$CU$46,$GU$5,AZ25:CU25) -> 28378120 | GV25: =SUMIF($AZ$46:$CU$46,$GV$5,AZ25:CU25) -> 233995 | GW25: =SUMIF($AZ$46:$CU$46,$GW$5,AZ25:CU25) -> 6032362 | GX25: =SUMIF($AZ$46:$CU$46,$GX$5,AZ25:CU25) -> 0 | GY25: =SUMIF($AZ$46:$CU$46,$GY$5,AZ25:CU25) -> 0 | GZ25: =SUMIF($AZ$46:$CU$46,$GZ$5,AZ25:CU25) -> 0 | HA25: =SUMIF($AZ$46:$CU$46,$HA$5,AZ25:CU25) -> 0 | HB25: =SUMIF($AZ$46:$CU$46,$HB$5,AZ25:CU25) -> 0 | HC25: =SUMIF($AZ$46:$CU$46,$HC$5,AZ25:CU25) -> 0 | HD25: =SUM(GR25,GT25,GV25,GX25,GZ25,HB25) -> 588584 | HE25: =SUM(GS25,GU25,GW25,GY25,HA25,HC25) -> 34410482 | HG25: =SUMIF($CV$46:$EK$46,$HG$5,CV25:EK25) -> 0 | HH25: =SUMIF($CV$46:$EK$46,$HH$5,CV25:EK25) -> 0 | HI25: =SUMIF($CV$46:$EK$46,$HI$5,CV25:EK25) -> 496821 | HJ25: =SUMIF($CV$46:$EK$46,$HJ$5,CV25:EK25) -> 39770680 | HK25: =SUMIF($CV$46:$EK$46,$HK$5,CV25:EK25) -> 245090 | HL25: =SUMIF($CV$46:$EK$46,$HL$5,CV25:EK25) -> 6352654 | HM25: =SUMIF($CV$46:$EK$46,$HM$5,CV25:EK25) -> 0 | HN25: =SUMIF($CV$46:$EK$46,$HN$5,CV25:EK25) -> 0 | HO25: =SUMIF($CV$46:$EK$46,$HO$5,CV25:EK25) -> 0 | HP25: =SUMIF($CV$46:$EK$46,$HP$5,CV25:EK25) -> 0 | HQ25: =SUMIF($CV$46:$EK$46,$HQ$5,CV25:EK25) -> 0 | HR25: =SUMIF($CV$46:$EK$46,$HR$5,CV25:EK25) -> 0 | HS25: =SUM(HG25,HI25,HK25,HM25,HO25,HQ25) -> 741911 | HT25: =SUM(HH25,HJ25,HL25,HN25,HP25,HR25) -> 46123334 | HV25: =SUMIF($EL$46:$GA$46,$HV$5,EL25:GA25) -> 0 | HW25: =SUMIF($EL$46:$GA$46,$HW$5,EL25:GA25) -> 0 | HX25: =SUMIF($EL$46:$GA$46,$HX$5,EL25:GA25) -> 495644 | HY25: =SUMIF($EL$46:$GA$46,$HY$5,EL25:GA25) -> 39665620 | HZ25: =SUMIF($EL$46:$GA$46,$HZ$5,EL25:GA25) -> 290055 | IA25: =SUMIF($EL$46:$GA$46,$IA$5,EL25:GA25) -> 7687664 | IB25: =SUMIF($EL$46:$GA$46,$IB$5,EL25:GA25) -> 0 | IC25: =SUMIF($EL$46:$GA$46,$IC$5,EL25:GA25) -> 0 | ID25: =SUMIF($EL$46:$GA$46,$ID$5,EL25:GA25) -> 0 | IE25: =SUMIF($EL$46:$GA$46,$IE$5,EL25:GA25) -> 0 | IF25: =SUMIF($EL$46:$GA$46,$IF$5,EL25:GA25) -> 0 | IG25: =SUMIF($EL$46:$GA$46,$IG$5,EL25:GA25) -> 0 | IH25: =SUM(HV25,HX25,HZ25,IB25,ID25,IF25) -> 785699 | II25: =SUM(HW25,HY25,IA25,IC25,IE25,IG25) -> 47353284
A26: KABUPATEN PAMEKASAN | B26: =SUMIF($D$5:$GA$5,$B$5,D26:GA26) -> 1315693 | C26: =SUMIF($D$5:$GA$5,$C$5,D26:GA26) -> 49306020 | D26: ='P & NP'!KE13 -> 0 | E26: ='P & NP'!KF13 -> 0 | F26: ='P & NP'!KG13 -> 60882 | G26: ='P & NP'!KH13 -> 4242980 | H26: ='P & NP'!KI13 -> 0 | I26: ='P & NP'!KJ13 -> 0 | J26: ='P & NP'!KK13 -> 54804 | K26: ='P & NP'!KL13 -> 1100340 | ... Q26: ='P & NP'!KR13 -> 0 | R26: =SUM(D26,F26,J26,L26,N26,P26) -> 115686 | S26: =SUM(E26,G26,K26,M26,O26,Q26) -> 5343320 | T26: ='P & NP'!KE51 -> 0 | U26: ='P & NP'!KF51 -> 0 | V26: ='P & NP'!KG51 -> 46212 | W26: ='P & NP'!KH51 -> 3586104 | X26: ='P & NP'!KI51 -> 0 | Y26: ='P & NP'!KJ51 -> 0 | Z26: ='P & NP'!KK51 -> 51481 | AA26: ='P & NP'!KL51 -> 1035100 | ... AG26: ='P & NP'!KR51 -> 0 | AH26: =SUM(T26,V26,Z26,AB26,AD26,AF26) -> 97693 | AI26: =SUM(U26,W26,AA26,AC26,AE26,AG26) -> 4621204 | AJ26: ='P & NP'!KE89 -> 0 | AK26: ='P & NP'!KF89 -> 0 | AL26: ='P & NP'!KG89 -> 35335 | AM26: ='P & NP'!KH89 -> 2106390 | AN26: ='P & NP'!KI89 -> 0 | AO26: ='P & NP'!KJ89 -> 0 | AP26: ='P & NP'!KK89 -> 66350 | AQ26: ='P & NP'!KL89 -> 1333605 | ... AW26: ='P & NP'!KR89 -> 0 | AX26: =SUM(AJ26,AL26,AP26,AR26,AT26,AV26) -> 101685 | AY26: =SUM(AK26,AM26,AQ26,AS26,AU26,AW26) -> 3439995 | AZ26: ='P & NP'!KE127 -> 0 | BA26: ='P & NP'!KF127 -> 0 | BB26: ='P & NP'!KG127 -> 15326 | BC26: ='P & NP'!KH127 -> 760200 | BD26: ='P & NP'!KI127 -> 0 | BE26: ='P & NP'!KJ127 -> 0 | BF26: ='P & NP'!KK127 -> 61318 | BG26: ='P & NP'!KL127 -> 1231625 | ... BM26: ='P & NP'!KR127 -> 0 | BN26: =SUM(AZ26,BB26,BF26,BH26,BJ26,BL26) -> 76644 | BO26: =SUM(BA26,BC26,BG26,BI26,BK26,BM26) -> 1991825 | BP26: ='P & NP'!KE165 -> 0 | BQ26: ='P & NP'!KF165 -> 0 | BR26: ='P & NP'!KG165 -> 32272 | BS26: ='P & NP'!KH165 -> 1768535 | BT26: ='P & NP'!KI165 -> 0 | BU26: ='P & NP'!KJ165 -> 0 | BV26: ='P & NP'!KK165 -> 58922 | BW26: ='P & NP'!KL165 -> 1182970 | ... CC26: ='P & NP'!KR165 -> 0 | CD26: =SUM(BP26,BR26,BV26,BX26,BZ26,CB26) -> 91194 | CE26: =SUM(BQ26,BS26,BW26,BY26,CA26,CC26) -> 2951505 | CF26: ='P & NP'!KE203 -> 0 | CG26: ='P & NP'!KF203 -> 0 | CH26: ='P & NP'!KG203 -> 48511 | CI26: ='P & NP'!KH203 -> 3384330 | CJ26: ='P & NP'!KI203 -> 0 | CK26: ='P & NP'!KJ203 -> 0 | CL26: ='P & NP'!KK203 -> 60132 | CM26: ='P & NP'!KL203 -> 1208140 | ... CS26: ='P & NP'!KR203 -> 0 | CT26: =SUM(CF26,CH26,CL26,CN26,CP26,CR26) -> 108643 | CU26: =SUM(CG26,CI26,CM26,CO26,CQ26,CS26) -> 4592470 | CV26: ='P & NP'!KE241 -> 0 | CW26: ='P & NP'!KF241 -> 0 | CX26: ='P & NP'!KG241 -> 57753 | CY26: ='P & NP'!KH241 -> 4326750 | CZ26: ='P & NP'!KK241 -> 58954 | DA26: ='P & NP'!KL241 -> 1183860 | DB26: ='P & NP'!KM241 -> 0 | DC26: ='P & NP'!KN241 -> 0 | DD26: ='P & NP'!KO241 -> 0 | DE26: ='P & NP'!KP241 -> 0 | DF26: ='P & NP'!KQ241 -> 0 | DG26: ='P & NP'!KR241 -> 0 | DH26: =SUM(CV26,CX26,CZ26,DB26,DD26,DF26) -> 116707 | DI26: =SUM(CW26,CY26,DA26,DC26,DE26,DG26) -> 5510610 | DJ26: ='P & NP'!KE279 -> 0 | DK26: ='P & NP'!KF279 -> 0 | DL26: ='P & NP'!KG279 -> 18563 | DM26: ='P & NP'!KH279 -> 889584 | DN26: ='P & NP'!KK279 -> 58301 | DO26: ='P & NP'!KL279 -> 1171420 | DP26: ='P & NP'!KM279 -> 0 | DQ26: ='P & NP'!KN279 -> 0 | DR26: ='P & NP'!KO279 -> 0 | DS26: ='P & NP'!KP279 -> 0 | DT26: ='P & NP'!KQ279 -> 0 | DU26: ='P & NP'!KR279 -> 0 | DV26: =SUM(DJ26,DL26,DN26,DP26,DR26,DT26) -> 76864 | DW26: =SUM(DK26,DM26,DO26,DQ26,DS26,DU26) -> 2061004 | DX26: ='P & NP'!KE317 -> 0 | DY26: ='P & NP'!KF317 -> 0 | DZ26: ='P & NP'!KG317 -> 35678 | EA26: ='P & NP'!KH317 -> 1959040 | EB26: ='P & NP'!KK317 -> 60761 | EC26: ='P & NP'!KL317 -> 1220985 | ED26: ='P & NP'!KM317 -> 0 | EE26: ='P & NP'!KN317 -> 0 | EF26: ='P & NP'!KO317 -> 0 | EG26: ='P & NP'!KP317 -> 0 | EH26: ='P & NP'!KQ317 -> 0 | EI26: ='P & NP'!KR317 -> 0 | EJ26: =SUM(DX26,DZ26,EB26,ED26,EF26,EH26) -> 96439 | EK26: =SUM(DY26,EA26,EC26,EE26,EG26,EI26) -> 3180025 | EL26: ='P & NP'!KE355 -> 0 | EM26: ='P & NP'!KF355 -> 0 | EN26: ='P & NP'!KG355 -> 50301 | EO26: ='P & NP'!KH355 -> 2859597 | EP26: ='P & NP'!KK355 -> 89255 | EQ26: ='P & NP'!KL355 -> 1793875 | ER26: ='P & NP'!KM355 -> 0 | ES26: ='P & NP'!KN355 -> 0 | ET26: ='P & NP'!KO355 -> 0 | EU26: ='P & NP'!KP355 -> 0 | EV26: ='P & NP'!KQ355 -> 0 | EW26: ='P & NP'!KR355 -> 0 | EX26: =SUM(EL26,EN26,EP26,ER26,ET26,EV26) -> 139556 | EY26: =SUM(EM26,EO26,EQ26,ES26,EU26,EW26) -> 4653472 | EZ26: ='P & NP'!KE393 -> 0 | FA26: ='P & NP'!KF393 -> 0 | FB26: ='P & NP'!KG393 -> 55360 | FC26: ='P & NP'!KH393 -> 3314400 | FD26: ='P & NP'!KK393 -> 88720 | FE26: ='P & NP'!KL393 -> 1782700 | FF26: ='P & NP'!KM393 -> 0 | FG26: ='P & NP'!KN393 -> 0 | FH26: ='P & NP'!KO393 -> 0 | FI26: ='P & NP'!KP393 -> 0 | FJ26: ='P & NP'!KQ393 -> 0 | FK26: ='P & NP'!KR393 -> 0 | FL26: =SUM(EZ26,FB26,FD26,FF26,FH26,FJ26) -> 144080 | FM26: =SUM(FA26,FC26,FE26,FG26,FI26,FK26) -> 5097100 | FN26: ='P & NP'!KE431 -> 0 | FO26: ='P & NP'!KF431 -> 0 | FP26: ='P & NP'!KG431 -> 59450 | FQ26: ='P & NP'!KH431 -> 4033100 | FR26: ='P & NP'!KK431 -> 91052 | FS26: ='P & NP'!KL431 -> 1830390 | FT26: ='P & NP'!KM431 -> 0 | FU26: ='P & NP'!KN431 -> 0 | FV26: ='P & NP'!KO431 -> 0 | FW26: ='P & NP'!KP431 -> 0 | FX26: ='P & NP'!KQ431 -> 0 | FY26: ='P & NP'!KR431 -> 0 | FZ26: =SUM(FN26,FP26,FR26,FT26,FV26,FX26) -> 150502 | GA26: =SUM(FO26,FQ26,FS26,FU26,FW26,FY26) -> 5863490 | GC26: =SUMIF($D$46:$AY$46,$GC$5,D26:AY26) -> 0 | GD26: =SUMIF($D$46:$AY$46,$GD$5,D26:AY26) -> 0 | GE26: =SUMIF($D$46:$AY$46,$GE$5,D26:AY26) -> 142429 | GF26: =SUMIF($D$46:$AY$46,$GF$5,D26:AY26) -> 9935474 | GG26: =SUMIF($D$46:$AY$46,$GG$5,D26:AY26) -> 172635 | GH26: =SUMIF($D$46:$AY$46,$GH$5,D26:AY26) -> 3469045 | GI26: =SUMIF($D$46:$AY$46,$GI$5,D26:AY26) -> 0 | GJ26: =SUMIF($D$46:$AY$46,$GJ$5,D26:AY26) -> 0 | GK26: =SUMIF($D$46:$AY$46,$GK$5,D26:AY26) -> 0 | GL26: =SUMIF($D$46:$AY$46,$GL$5,D26:AY26) -> 0 | GM26: =SUMIF($D$46:$AY$46,$GM$5,D26:AY26) -> 0 | GN26: =SUMIF($D$46:$AY$46,$GN$5,D26:AY26) -> 0 | GO26: =SUM(GC26,GE26,GG26,GI26,GK26,GM26) -> 315064 | GP26: =SUM(GD26,GF26,GH26,GJ26,GL26,GN26) -> 13404519 | GR26: =SUMIF($AZ$46:$CU$46,$GR$5,AZ26:CU26) -> 0 | GS26: =SUMIF($AZ$46:$CU$46,$GS$5,AZ26:CU26) -> 0 | GT26: =SUMIF($AZ$46:$CU$46,$GT$5,AZ26:CU26) -> 96109 | GU26: =SUMIF($AZ$46:$CU$46,$GU$5,AZ26:CU26) -> 5913065 | GV26: =SUMIF($AZ$46:$CU$46,$GV$5,AZ26:CU26) -> 180372 | GW26: =SUMIF($AZ$46:$CU$46,$GW$5,AZ26:CU26) -> 3622735 | GX26: =SUMIF($AZ$46:$CU$46,$GX$5,AZ26:CU26) -> 0 | GY26: =SUMIF($AZ$46:$CU$46,$GY$5,AZ26:CU26) -> 0 | GZ26: =SUMIF($AZ$46:$CU$46,$GZ$5,AZ26:CU26) -> 0 | HA26: =SUMIF($AZ$46:$CU$46,$HA$5,AZ26:CU26) -> 0 | HB26: =SUMIF($AZ$46:$CU$46,$HB$5,AZ26:CU26) -> 0 | HC26: =SUMIF($AZ$46:$CU$46,$HC$5,AZ26:CU26) -> 0 | HD26: =SUM(GR26,GT26,GV26,GX26,GZ26,HB26) -> 276481 | HE26: =SUM(GS26,GU26,GW26,GY26,HA26,HC26) -> 9535800 | HG26: =SUMIF($CV$46:$EK$46,$HG$5,CV26:EK26) -> 0 | HH26: =SUMIF($CV$46:$EK$46,$HH$5,CV26:EK26) -> 0 | HI26: =SUMIF($CV$46:$EK$46,$HI$5,CV26:EK26) -> 111994 | HJ26: =SUMIF($CV$46:$EK$46,$HJ$5,CV26:EK26) -> 7175374 | HK26: =SUMIF($CV$46:$EK$46,$HK$5,CV26:EK26) -> 178016 | HL26: =SUMIF($CV$46:$EK$46,$HL$5,CV26:EK26) -> 3576265 | HM26: =SUMIF($CV$46:$EK$46,$HM$5,CV26:EK26) -> 0 | HN26: =SUMIF($CV$46:$EK$46,$HN$5,CV26:EK26) -> 0 | HO26: =SUMIF($CV$46:$EK$46,$HO$5,CV26:EK26) -> 0 | HP26: =SUMIF($CV$46:$EK$46,$HP$5,CV26:EK26) -> 0 | HQ26: =SUMIF($CV$46:$EK$46,$HQ$5,CV26:EK26) -> 0 | HR26: =SUMIF($CV$46:$EK$46,$HR$5,CV26:EK26) -> 0 | HS26: =SUM(HG26,HI26,HK26,HM26,HO26,HQ26) -> 290010 | HT26: =SUM(HH26,HJ26,HL26,HN26,HP26,HR26) -> 10751639 | HV26: =SUMIF($EL$46:$GA$46,$HV$5,EL26:GA26) -> 0 | HW26: =SUMIF($EL$46:$GA$46,$HW$5,EL26:GA26) -> 0 | HX26: =SUMIF($EL$46:$GA$46,$HX$5,EL26:GA26) -> 165111 | HY26: =SUMIF($EL$46:$GA$46,$HY$5,EL26:GA26) -> 10207097 | HZ26: =SUMIF($EL$46:$GA$46,$HZ$5,EL26:GA26) -> 269027 | IA26: =SUMIF($EL$46:$GA$46,$IA$5,EL26:GA26) -> 5406965 | IB26: =SUMIF($EL$46:$GA$46,$IB$5,EL26:GA26) -> 0 | IC26: =SUMIF($EL$46:$GA$46,$IC$5,EL26:GA26) -> 0 | ID26: =SUMIF($EL$46:$GA$46,$ID$5,EL26:GA26) -> 0 | IE26: =SUMIF($EL$46:$GA$46,$IE$5,EL26:GA26) -> 0 | IF26: =SUMIF($EL$46:$GA$46,$IF$5,EL26:GA26) -> 0 | IG26: =SUMIF($EL$46:$GA$46,$IG$5,EL26:GA26) -> 0 | IH26: =SUM(HV26,HX26,HZ26,IB26,ID26,IF26) -> 434138 | II26: =SUM(HW26,HY26,IA26,IC26,IE26,IG26) -> 15614062
A27: KABUPATEN PASURUAN | B27: =SUMIF($D$5:$GA$5,$B$5,D27:GA27) -> 25295174 | C27: =SUMIF($D$5:$GA$5,$C$5,D27:GA27) -> 447118606 | D27: ='P & NP'!KU13 -> 0 | E27: ='P & NP'!KV13 -> 0 | F27: ='P & NP'!KW13 -> 782732.27 | G27: ='P & NP'!KX13 -> 14114048 | H27: ='P & NP'!KY13 -> 0 | I27: ='P & NP'!KZ13 -> 0 | J27: ='P & NP'!LA13 -> 1570473.7 | K27: ='P & NP'!LB13 -> 29428024 | ... Q27: ='P & NP'!LH13 -> 321406 | R27: =SUM(D27,F27,J27,L27,N27,P27) -> 2366598 | S27: =SUM(E27,G27,K27,M27,O27,Q27) -> 43863478 | T27: ='P & NP'!KU51 -> 0 | U27: ='P & NP'!KV51 -> 0 | V27: ='P & NP'!KW51 -> 617908.49 | W27: ='P & NP'!KX51 -> 13749696 | X27: ='P & NP'!KY51 -> 0 | Y27: ='P & NP'!KZ51 -> 0 | Z27: ='P & NP'!LA51 -> 1326576.6 | AA27: ='P & NP'!LB51 -> 24942025 | ... AG27: ='P & NP'!LH51 -> 269604 | AH27: =SUM(T27,V27,Z27,AB27,AD27,AF27) -> 1955718.6 | AI27: =SUM(U27,W27,AA27,AC27,AE27,AG27) -> 38961325 | AJ27: ='P & NP'!KU89 -> 0 | AK27: ='P & NP'!KV89 -> 0 | AL27: ='P & NP'!KW89 -> 446402.4 | AM27: ='P & NP'!KX89 -> 8176432 | AN27: ='P & NP'!KY89 -> 0 | AO27: ='P & NP'!KZ89 -> 0 | AP27: ='P & NP'!LA89 -> 1659706.8 | AQ27: ='P & NP'!LB89 -> 31054744 | ... AW27: ='P & NP'!LH89 -> 245563 | AX27: =SUM(AJ27,AL27,AP27,AR27,AT27,AV27) -> 2116341 | AY27: =SUM(AK27,AM27,AQ27,AS27,AU27,AW27) -> 39476739 | AZ27: ='P & NP'!KU127 -> 0 | BA27: ='P & NP'!KV127 -> 0 | BB27: ='P & NP'!KW127 -> 412139.08 | BC27: ='P & NP'!KX127 -> 7149035 | BD27: ='P & NP'!KY127 -> 0 | BE27: ='P & NP'!KZ127 -> 0 | BF27: ='P & NP'!LA127 -> 1942346.5 | BG27: ='P & NP'!LB127 -> 35161224 | ... BM27: ='P & NP'!LH127 -> 273897 | BN27: =SUM(AZ27,BB27,BF27,BH27,BJ27,BL27) -> 2365898 | BO27: =SUM(BA27,BC27,BG27,BI27,BK27,BM27) -> 42584156 | BP27: ='P & NP'!KU165 -> 0 | BQ27: ='P & NP'!KV165 -> 0 | BR27: ='P & NP'!KW165 -> 576565.04 | BS27: ='P & NP'!KX165 -> 11287417 | BT27: ='P & NP'!KY165 -> 0 | BU27: ='P & NP'!KZ165 -> 0 | BV27: ='P & NP'!LA165 -> 1111596.3 | BW27: ='P & NP'!LB165 -> 20210757 | ... CC27: ='P & NP'!LH165 -> 390096 | CD27: =SUM(BP27,BR27,BV27,BX27,BZ27,CB27) -> 1705369.4 | CE27: =SUM(BQ27,BS27,BW27,BY27,CA27,CC27) -> 31888270 | CF27: ='P & NP'!KU203 -> 0 | CG27: ='P & NP'!KV203 -> 0 | CH27: ='P & NP'!KW203 -> 822902.13 | CI27: ='P & NP'!KX203 -> 14595018 | CJ27: ='P & NP'!KY203 -> 0 | CK27: ='P & NP'!KZ203 -> 0 | CL27: ='P & NP'!LA203 -> 1033144.4 | CM27: ='P & NP'!LB203 -> 18839805 | ... CS27: ='P & NP'!LH203 -> 224670 | CT27: =SUM(CF27,CH27,CL27,CN27,CP27,CR27) -> 1865407.8 | CU27: =SUM(CG27,CI27,CM27,CO27,CQ27,CS27) -> 33659493 | CV27: ='P & NP'!KU241 -> 0 | CW27: ='P & NP'!KV241 -> 0 | CX27: ='P & NP'!KW241 -> 783184.93 | CY27: ='P & NP'!KX241 -> 7933695 | CZ27: ='P & NP'!LA241 -> 1344432.5 | DA27: ='P & NP'!LB241 -> 24381022 | DB27: ='P & NP'!LC241 -> 0 | DC27: ='P & NP'!LD241 -> 0 | DD27: ='P & NP'!LE241 -> 0 | DE27: ='P & NP'!LF241 -> 0 | DF27: ='P & NP'!LG241 -> 11317.01 | DG27: ='P & NP'!LH241 -> 264452 | DH27: =SUM(CV27,CX27,CZ27,DB27,DD27,DF27) -> 2138934.4 | DI27: =SUM(CW27,CY27,DA27,DC27,DE27,DG27) -> 32579169 | DJ27: ='P & NP'!KU279 -> 0 | DK27: ='P & NP'!KV279 -> 0 | DL27: ='P & NP'!KW279 -> 1263003.5 | DM27: ='P & NP'!KX279 -> 20842741 | DN27: ='P & NP'!LA279 -> 1300062.3 | DO27: ='P & NP'!LB279 -> 23538403 | DP27: ='P & NP'!LC279 -> 0 | DQ27: ='P & NP'!LD279 -> 0 | DR27: ='P & NP'!LE279 -> 0 | DS27: ='P & NP'!LF279 -> 0 | DT27: ='P & NP'!LG279 -> 9289.72 | DU27: ='P & NP'!LH279 -> 222953 | DV27: =SUM(DJ27,DL27,DN27,DP27,DR27,DT27) -> 2572355.5 | DW27: =SUM(DK27,DM27,DO27,DQ27,DS27,DU27) -> 44604097 | DX27: ='P & NP'!KU317 -> 0 | DY27: ='P & NP'!KV317 -> 0 | DZ27: ='P & NP'!KW317 -> 923294.26 | EA27: ='P & NP'!KX317 -> 10278671 | EB27: ='P & NP'!LA317 -> 1232903.7 | EC27: ='P & NP'!LB317 -> 22220543 | ED27: ='P & NP'!LC317 -> 0 | EE27: ='P & NP'!LD317 -> 0 | EF27: ='P & NP'!LE317 -> 0 | EG27: ='P & NP'!LF317 -> 0 | EH27: ='P & NP'!LG317 -> 12831.51 | EI27: ='P & NP'!LH317 -> 298415 | EJ27: =SUM(DX27,DZ27,EB27,ED27,EF27,EH27) -> 2169029.5 | EK27: =SUM(DY27,EA27,EC27,EE27,EG27,EI27) -> 32797629 | EL27: ='P & NP'!KU355 -> 0 | EM27: ='P & NP'!KV355 -> 0 | EN27: ='P & NP'!KW355 -> 762200.37 | EO27: ='P & NP'!KX355 -> 15599935 | EP27: ='P & NP'!LA355 -> 1184818.1 | EQ27: ='P & NP'!LB355 -> 21618187 | ER27: ='P & NP'!LC355 -> 0 | ES27: ='P & NP'!LD355 -> 0 | ET27: ='P & NP'!LE355 -> 0 | EU27: ='P & NP'!LF355 -> 0 | EV27: ='P & NP'!LG355 -> 13892.84 | EW27: ='P & NP'!LH355 -> 361213 | EX27: =SUM(EL27,EN27,EP27,ER27,ET27,EV27) -> 1960911.3 | EY27: =SUM(EM27,EO27,EQ27,ES27,EU27,EW27) -> 37579335 | EZ27: ='P & NP'!KU393 -> 0 | FA27: ='P & NP'!KV393 -> 0 | FB27: ='P & NP'!KW393 -> 690152.37 | FC27: ='P & NP'!KX393 -> 10607516 | FD27: ='P & NP'!LA393 -> 1023943.3 | FE27: ='P & NP'!LB393 -> 18576795 | FF27: ='P & NP'!LC393 -> 0 | FG27: ='P & NP'!LD393 -> 0 | FH27: ='P & NP'!LE393 -> 0 | FI27: ='P & NP'!LF393 -> 0 | FJ27: ='P & NP'!LG393 -> 13892.84 | FK27: ='P & NP'!LH393 -> 361213 | FL27: =SUM(EZ27,FB27,FD27,FF27,FH27,FJ27) -> 1727988.5 | FM27: =SUM(FA27,FC27,FE27,FG27,FI27,FK27) -> 29545524 | FN27: ='P & NP'!KU431 -> 0 | FO27: ='P & NP'!KV431 -> 0 | FP27: ='P & NP'!KW431 -> 1130518 | FQ27: ='P & NP'!KX431 -> 17393280 | FR27: ='P & NP'!LA431 -> 1212114.6 | FS27: ='P & NP'!LB431 -> 21978375 | FT27: ='P & NP'!LC431 -> 0 | FU27: ='P & NP'!LD431 -> 0 | FV27: ='P & NP'!LE431 -> 0 | FW27: ='P & NP'!LF431 -> 0 | FX27: ='P & NP'!LG431 -> 7989.88 | FY27: ='P & NP'!LH431 -> 207736 | FZ27: =SUM(FN27,FP27,FR27,FT27,FV27,FX27) -> 2350622.4 | GA27: =SUM(FO27,FQ27,FS27,FU27,FW27,FY27) -> 39579391 | GC27: =SUMIF($D$46:$AY$46,$GC$5,D27:AY27) -> 0 | GD27: =SUMIF($D$46:$AY$46,$GD$5,D27:AY27) -> 0 | GE27: =SUMIF($D$46:$AY$46,$GE$5,D27:AY27) -> 1847043.2 | GF27: =SUMIF($D$46:$AY$46,$GF$5,D27:AY27) -> 36040176 | GG27: =SUMIF($D$46:$AY$46,$GG$5,D27:AY27) -> 4556757.1 | GH27: =SUMIF($D$46:$AY$46,$GH$5,D27:AY27) -> 85424793 | GI27: =SUMIF($D$46:$AY$46,$GI$5,D27:AY27) -> 0 | GJ27: =SUMIF($D$46:$AY$46,$GJ$5,D27:AY27) -> 0 | GK27: =SUMIF($D$46:$AY$46,$GK$5,D27:AY27) -> 0 | GL27: =SUMIF($D$46:$AY$46,$GL$5,D27:AY27) -> 0 | GM27: =SUMIF($D$46:$AY$46,$GM$5,D27:AY27) -> 34857.33 | GN27: =SUMIF($D$46:$AY$46,$GN$5,D27:AY27) -> 836573 | GO27: =SUM(GC27,GE27,GG27,GI27,GK27,GM27) -> 6438657.6 | GP27: =SUM(GD27,GF27,GH27,GJ27,GL27,GN27) -> 122301542 | GR27: =SUMIF($AZ$46:$CU$46,$GR$5,AZ27:CU27) -> 0 | GS27: =SUMIF($AZ$46:$CU$46,$GS$5,AZ27:CU27) -> 0 | GT27: =SUMIF($AZ$46:$CU$46,$GT$5,AZ27:CU27) -> 1811606.3 | GU27: =SUMIF($AZ$46:$CU$46,$GU$5,AZ27:CU27) -> 33031470 | GV27: =SUMIF($AZ$46:$CU$46,$GV$5,AZ27:CU27) -> 4087087.1 | GW27: =SUMIF($AZ$46:$CU$46,$GW$5,AZ27:CU27) -> 74211786 | GX27: =SUMIF($AZ$46:$CU$46,$GX$5,AZ27:CU27) -> 0 | GY27: =SUMIF($AZ$46:$CU$46,$GY$5,AZ27:CU27) -> 0 | GZ27: =SUMIF($AZ$46:$CU$46,$GZ$5,AZ27:CU27) -> 0 | HA27: =SUMIF($AZ$46:$CU$46,$HA$5,AZ27:CU27) -> 0 | HB27: =SUMIF($AZ$46:$CU$46,$HB$5,AZ27:CU27) -> 37981.73 | HC27: =SUMIF($AZ$46:$CU$46,$HC$5,AZ27:CU27) -> 888663 | HD27: =SUM(GR27,GT27,GV27,GX27,GZ27,HB27) -> 5936675.1 | HE27: =SUM(GS27,GU27,GW27,GY27,HA27,HC27) -> 108131919 | HG27: =SUMIF($CV$46:$EK$46,$HG$5,CV27:EK27) -> 0 | HH27: =SUMIF($CV$46:$EK$46,$HH$5,CV27:EK27) -> 0 | HI27: =SUMIF($CV$46:$EK$46,$HI$5,CV27:EK27) -> 2969482.7 | HJ27: =SUMIF($CV$46:$EK$46,$HJ$5,CV27:EK27) -> 39055107 | HK27: =SUMIF($CV$46:$EK$46,$HK$5,CV27:EK27) -> 3877398.5 | HL27: =SUMIF($CV$46:$EK$46,$HL$5,CV27:EK27) -> 70139968 | HM27: =SUMIF($CV$46:$EK$46,$HM$5,CV27:EK27) -> 0 | HN27: =SUMIF($CV$46:$EK$46,$HN$5,CV27:EK27) -> 0 | HO27: =SUMIF($CV$46:$EK$46,$HO$5,CV27:EK27) -> 0 | HP27: =SUMIF($CV$46:$EK$46,$HP$5,CV27:EK27) -> 0 | HQ27: =SUMIF($CV$46:$EK$46,$HQ$5,CV27:EK27) -> 33438.24 | HR27: =SUMIF($CV$46:$EK$46,$HR$5,CV27:EK27) -> 785820 | HS27: =SUM(HG27,HI27,HK27,HM27,HO27,HQ27) -> 6880319.4 | HT27: =SUM(HH27,HJ27,HL27,HN27,HP27,HR27) -> 109980895 | HV27: =SUMIF($EL$46:$GA$46,$HV$5,EL27:GA27) -> 0 | HW27: =SUMIF($EL$46:$GA$46,$HW$5,EL27:GA27) -> 0 | HX27: =SUMIF($EL$46:$GA$46,$HX$5,EL27:GA27) -> 2582870.7 | HY27: =SUMIF($EL$46:$GA$46,$HY$5,EL27:GA27) -> 43600731 | HZ27: =SUMIF($EL$46:$GA$46,$HZ$5,EL27:GA27) -> 3420875.9 | IA27: =SUMIF($EL$46:$GA$46,$IA$5,EL27:GA27) -> 62173357 | IB27: =SUMIF($EL$46:$GA$46,$IB$5,EL27:GA27) -> 0 | IC27: =SUMIF($EL$46:$GA$46,$IC$5,EL27:GA27) -> 0 | ID27: =SUMIF($EL$46:$GA$46,$ID$5,EL27:GA27) -> 0 | IE27: =SUMIF($EL$46:$GA$46,$IE$5,EL27:GA27) -> 0 | IF27: =SUMIF($EL$46:$GA$46,$IF$5,EL27:GA27) -> 35775.56 | IG27: =SUMIF($EL$46:$GA$46,$IG$5,EL27:GA27) -> 930162 | IH27: =SUM(HV27,HX27,HZ27,IB27,ID27,IF27) -> 6039522.2 | II27: =SUM(HW27,HY27,IA27,IC27,IE27,IG27) -> 106704250
A28: KABUPATEN PONOROGO | B28: =SUMIF($D$5:$GA$5,$B$5,D28:GA28) -> 2197316 | C28: =SUMIF($D$5:$GA$5,$C$5,D28:GA28) -> 45047835 | D28: ='P & NP'!LK13 -> 0 | E28: ='P & NP'!LL13 -> 0 | F28: ='P & NP'!LM13 -> 0 | G28: ='P & NP'!LN13 -> 0 | H28: ='P & NP'!LO13 -> 0 | I28: ='P & NP'!LP13 -> 0 | J28: ='P & NP'!LQ13 -> 185146 | K28: ='P & NP'!LR13 -> 3736339 | ... Q28: ='P & NP'!LX13 -> 85510 | R28: =SUM(D28,F28,J28,L28,N28,P28) -> 187661 | S28: =SUM(E28,G28,K28,M28,O28,Q28) -> 3821849 | T28: ='P & NP'!LK51 -> 0 | U28: ='P & NP'!LL51 -> 0 | V28: ='P & NP'!LM51 -> 0 | W28: ='P & NP'!LN51 -> 0 | X28: ='P & NP'!LO51 -> 0 | Y28: ='P & NP'!LP51 -> 0 | Z28: ='P & NP'!LQ51 -> 180926 | AA28: ='P & NP'!LR51 -> 3666780.5 | ... AG28: ='P & NP'!LX51 -> 32096 | AH28: =SUM(T28,V28,Z28,AB28,AD28,AF28) -> 181870 | AI28: =SUM(U28,W28,AA28,AC28,AE28,AG28) -> 3698876.5 | AJ28: ='P & NP'!LK89 -> 0 | AK28: ='P & NP'!LL89 -> 0 | AL28: ='P & NP'!LM89 -> 0 | AM28: ='P & NP'!LN89 -> 0 | AN28: ='P & NP'!LO89 -> 0 | AO28: ='P & NP'!LP89 -> 0 | AP28: ='P & NP'!LQ89 -> 201672 | AQ28: ='P & NP'!LR89 -> 4112258 | ... AW28: ='P & NP'!LX89 -> 43180 | AX28: =SUM(AJ28,AL28,AP28,AR28,AT28,AV28) -> 202942 | AY28: =SUM(AK28,AM28,AQ28,AS28,AU28,AW28) -> 4155438 | AZ28: ='P & NP'!LK127 -> 0 | BA28: ='P & NP'!LL127 -> 0 | BB28: ='P & NP'!LM127 -> 0 | BC28: ='P & NP'!LN127 -> 0 | BD28: ='P & NP'!LO127 -> 0 | BE28: ='P & NP'!LP127 -> 0 | BF28: ='P & NP'!LQ127 -> 205789 | BG28: ='P & NP'!LR127 -> 4282252.7 | ... BM28: ='P & NP'!LX127 -> 65790 | BN28: =SUM(AZ28,BB28,BF28,BH28,BJ28,BL28) -> 207724 | BO28: =SUM(BA28,BC28,BG28,BI28,BK28,BM28) -> 4348042.7 | BP28: ='P & NP'!LK165 -> 0 | BQ28: ='P & NP'!LL165 -> 0 | BR28: ='P & NP'!LM165 -> 0 | BS28: ='P & NP'!LN165 -> 0 | BT28: ='P & NP'!LO165 -> 0 | BU28: ='P & NP'!LP165 -> 0 | BV28: ='P & NP'!LQ165 -> 187488 | BW28: ='P & NP'!LR165 -> 3872161 | ... CC28: ='P & NP'!LX165 -> 73280 | CD28: =SUM(BP28,BR28,BV28,BX28,BZ28,CB28) -> 189778 | CE28: =SUM(BQ28,BS28,BW28,BY28,CA28,CC28) -> 3945441 | CF28: ='P & NP'!LK203 -> 0 | CG28: ='P & NP'!LL203 -> 0 | CH28: ='P & NP'!LM203 -> 0 | CI28: ='P & NP'!LN203 -> 0 | CJ28: ='P & NP'!LO203 -> 0 | CK28: ='P & NP'!LP203 -> 0 | CL28: ='P & NP'!LQ203 -> 178260 | CM28: ='P & NP'!LR203 -> 3589407 | ... CS28: ='P & NP'!LX203 -> 68896 | CT28: =SUM(CF28,CH28,CL28,CN28,CP28,CR28) -> 180413 | CU28: =SUM(CG28,CI28,CM28,CO28,CQ28,CS28) -> 3658303 | CV28: ='P & NP'!LK241 -> 0 | CW28: ='P & NP'!LL241 -> 0 | CX28: ='P & NP'!LM241 -> 0 | CY28: ='P & NP'!LN241 -> 0 | CZ28: ='P & NP'!LQ241 -> 177222 | DA28: ='P & NP'!LR241 -> 3680806 | DB28: ='P & NP'!LS241 -> 0 | DC28: ='P & NP'!LT241 -> 0 | DD28: ='P & NP'!LU241 -> 0 | DE28: ='P & NP'!LV241 -> 0 | DF28: ='P & NP'!LW241 -> 905 | DG28: ='P & NP'!LX241 -> 28960 | DH28: =SUM(CV28,CX28,CZ28,DB28,DD28,DF28) -> 178127 | DI28: =SUM(CW28,CY28,DA28,DC28,DE28,DG28) -> 3709766 | DJ28: ='P & NP'!LK279 -> 0 | DK28: ='P & NP'!LL279 -> 0 | DL28: ='P & NP'!LM279 -> 0 | DM28: ='P & NP'!LN279 -> 0 | DN28: ='P & NP'!LQ279 -> 173410 | DO28: ='P & NP'!LR279 -> 3456227 | DP28: ='P & NP'!LS279 -> 0 | DQ28: ='P & NP'!LT279 -> 0 | DR28: ='P & NP'!LU279 -> 0 | DS28: ='P & NP'!LV279 -> 0 | DT28: ='P & NP'!LW279 -> 978 | DU28: ='P & NP'!LX279 -> 31296 | DV28: =SUM(DJ28,DL28,DN28,DP28,DR28,DT28) -> 174388 | DW28: =SUM(DK28,DM28,DO28,DQ28,DS28,DU28) -> 3487523 | DX28: ='P & NP'!LK317 -> 0 | DY28: ='P & NP'!LL317 -> 0 | DZ28: ='P & NP'!LM317 -> 0 | EA28: ='P & NP'!LN317 -> 0 | EB28: ='P & NP'!LQ317 -> 163213 | EC28: ='P & NP'!LR317 -> 3270793 | ED28: ='P & NP'!LS317 -> 0 | EE28: ='P & NP'!LT317 -> 0 | EF28: ='P & NP'!LU317 -> 0 | EG28: ='P & NP'!LV317 -> 0 | EH28: ='P & NP'!LW317 -> 848 | EI28: ='P & NP'!LX317 -> 27136 | EJ28: =SUM(DX28,DZ28,EB28,ED28,EF28,EH28) -> 164061 | EK28: =SUM(DY28,EA28,EC28,EE28,EG28,EI28) -> 3297929 | EL28: ='P & NP'!LK355 -> 0 | EM28: ='P & NP'!LL355 -> 0 | EN28: ='P & NP'!LM355 -> 0 | EO28: ='P & NP'!LN355 -> 0 | EP28: ='P & NP'!LQ355 -> 171221 | EQ28: ='P & NP'!LR355 -> 3440699.5 | ER28: ='P & NP'!LS355 -> 0 | ES28: ='P & NP'!LT355 -> 0 | ET28: ='P & NP'!LU355 -> 0 | EU28: ='P & NP'!LV355 -> 0 | EV28: ='P & NP'!LW355 -> 1085 | EW28: ='P & NP'!LX355 -> 30380 | EX28: =SUM(EL28,EN28,EP28,ER28,ET28,EV28) -> 172306 | EY28: =SUM(EM28,EO28,EQ28,ES28,EU28,EW28) -> 3471079.5 | EZ28: ='P & NP'!LK393 -> 0 | FA28: ='P & NP'!LL393 -> 0 | FB28: ='P & NP'!LM393 -> 0 | FC28: ='P & NP'!LN393 -> 0 | FD28: ='P & NP'!LQ393 -> 174604 | FE28: ='P & NP'!LR393 -> 3560621 | FF28: ='P & NP'!LS393 -> 0 | FG28: ='P & NP'!LT393 -> 0 | FH28: ='P & NP'!LU393 -> 0 | FI28: ='P & NP'!LV393 -> 0 | FJ28: ='P & NP'!LW393 -> 1190 | FK28: ='P & NP'!LX393 -> 35700 | FL28: =SUM(EZ28,FB28,FD28,FF28,FH28,FJ28) -> 175794 | FM28: =SUM(FA28,FC28,FE28,FG28,FI28,FK28) -> 3596321 | FN28: ='P & NP'!LK431 -> 0 | FO28: ='P & NP'!LL431 -> 0 | FP28: ='P & NP'!LM431 -> 0 | FQ28: ='P & NP'!LN431 -> 0 | FR28: ='P & NP'!LQ431 -> 180762 | FS28: ='P & NP'!LR431 -> 3809586 | FT28: ='P & NP'!LS431 -> 0 | FU28: ='P & NP'!LT431 -> 0 | FV28: ='P & NP'!LU431 -> 0 | FW28: ='P & NP'!LV431 -> 0 | FX28: ='P & NP'!LW431 -> 1490 | FY28: ='P & NP'!LX431 -> 47680 | FZ28: =SUM(FN28,FP28,FR28,FT28,FV28,FX28) -> 182252 | GA28: =SUM(FO28,FQ28,FS28,FU28,FW28,FY28) -> 3857266 | GC28: =SUMIF($D$46:$AY$46,$GC$5,D28:AY28) -> 0 | GD28: =SUMIF($D$46:$AY$46,$GD$5,D28:AY28) -> 0 | GE28: =SUMIF($D$46:$AY$46,$GE$5,D28:AY28) -> 0 | GF28: =SUMIF($D$46:$AY$46,$GF$5,D28:AY28) -> 0 | GG28: =SUMIF($D$46:$AY$46,$GG$5,D28:AY28) -> 567744 | GH28: =SUMIF($D$46:$AY$46,$GH$5,D28:AY28) -> 11515378 | GI28: =SUMIF($D$46:$AY$46,$GI$5,D28:AY28) -> 0 | GJ28: =SUMIF($D$46:$AY$46,$GJ$5,D28:AY28) -> 0 | GK28: =SUMIF($D$46:$AY$46,$GK$5,D28:AY28) -> 0 | GL28: =SUMIF($D$46:$AY$46,$GL$5,D28:AY28) -> 0 | GM28: =SUMIF($D$46:$AY$46,$GM$5,D28:AY28) -> 4729 | GN28: =SUMIF($D$46:$AY$46,$GN$5,D28:AY28) -> 160786 | GO28: =SUM(GC28,GE28,GG28,GI28,GK28,GM28) -> 572473 | GP28: =SUM(GD28,GF28,GH28,GJ28,GL28,GN28) -> 11676164 | GR28: =SUMIF($AZ$46:$CU$46,$GR$5,AZ28:CU28) -> 0 | GS28: =SUMIF($AZ$46:$CU$46,$GS$5,AZ28:CU28) -> 0 | GT28: =SUMIF($AZ$46:$CU$46,$GT$5,AZ28:CU28) -> 0 | GU28: =SUMIF($AZ$46:$CU$46,$GU$5,AZ28:CU28) -> 0 | GV28: =SUMIF($AZ$46:$CU$46,$GV$5,AZ28:CU28) -> 571537 | GW28: =SUMIF($AZ$46:$CU$46,$GW$5,AZ28:CU28) -> 11743821 | GX28: =SUMIF($AZ$46:$CU$46,$GX$5,AZ28:CU28) -> 0 | GY28: =SUMIF($AZ$46:$CU$46,$GY$5,AZ28:CU28) -> 0 | GZ28: =SUMIF($AZ$46:$CU$46,$GZ$5,AZ28:CU28) -> 0 | HA28: =SUMIF($AZ$46:$CU$46,$HA$5,AZ28:CU28) -> 0 | HB28: =SUMIF($AZ$46:$CU$46,$HB$5,AZ28:CU28) -> 6378 | HC28: =SUMIF($AZ$46:$CU$46,$HC$5,AZ28:CU28) -> 207966 | HD28: =SUM(GR28,GT28,GV28,GX28,GZ28,HB28) -> 577915 | HE28: =SUM(GS28,GU28,GW28,GY28,HA28,HC28) -> 11951787 | HG28: =SUMIF($CV$46:$EK$46,$HG$5,CV28:EK28) -> 0 | HH28: =SUMIF($CV$46:$EK$46,$HH$5,CV28:EK28) -> 0 | HI28: =SUMIF($CV$46:$EK$46,$HI$5,CV28:EK28) -> 0 | HJ28: =SUMIF($CV$46:$EK$46,$HJ$5,CV28:EK28) -> 0 | HK28: =SUMIF($CV$46:$EK$46,$HK$5,CV28:EK28) -> 513845 | HL28: =SUMIF($CV$46:$EK$46,$HL$5,CV28:EK28) -> 10407826 | HM28: =SUMIF($CV$46:$EK$46,$HM$5,CV28:EK28) -> 0 | HN28: =SUMIF($CV$46:$EK$46,$HN$5,CV28:EK28) -> 0 | HO28: =SUMIF($CV$46:$EK$46,$HO$5,CV28:EK28) -> 0 | HP28: =SUMIF($CV$46:$EK$46,$HP$5,CV28:EK28) -> 0 | HQ28: =SUMIF($CV$46:$EK$46,$HQ$5,CV28:EK28) -> 2731 | HR28: =SUMIF($CV$46:$EK$46,$HR$5,CV28:EK28) -> 87392 | HS28: =SUM(HG28,HI28,HK28,HM28,HO28,HQ28) -> 516576 | HT28: =SUM(HH28,HJ28,HL28,HN28,HP28,HR28) -> 10495218 | HV28: =SUMIF($EL$46:$GA$46,$HV$5,EL28:GA28) -> 0 | HW28: =SUMIF($EL$46:$GA$46,$HW$5,EL28:GA28) -> 0 | HX28: =SUMIF($EL$46:$GA$46,$HX$5,EL28:GA28) -> 0 | HY28: =SUMIF($EL$46:$GA$46,$HY$5,EL28:GA28) -> 0 | HZ28: =SUMIF($EL$46:$GA$46,$HZ$5,EL28:GA28) -> 526587 | IA28: =SUMIF($EL$46:$GA$46,$IA$5,EL28:GA28) -> 10810907 | IB28: =SUMIF($EL$46:$GA$46,$IB$5,EL28:GA28) -> 0 | IC28: =SUMIF($EL$46:$GA$46,$IC$5,EL28:GA28) -> 0 | ID28: =SUMIF($EL$46:$GA$46,$ID$5,EL28:GA28) -> 0 | IE28: =SUMIF($EL$46:$GA$46,$IE$5,EL28:GA28) -> 0 | IF28: =SUMIF($EL$46:$GA$46,$IF$5,EL28:GA28) -> 3765 | IG28: =SUMIF($EL$46:$GA$46,$IG$5,EL28:GA28) -> 113760 | IH28: =SUM(HV28,HX28,HZ28,IB28,ID28,IF28) -> 530352 | II28: =SUM(HW28,HY28,IA28,IC28,IE28,IG28) -> 10924667
A29: KABUPATEN PROBOLINGGO | B29: =SUMIF($D$5:$GA$5,$B$5,D29:GA29) -> 15433568 | C29: =SUMIF($D$5:$GA$5,$C$5,D29:GA29) -> 784251175 | D29: ='P & NP'!MA13 -> 30900 | E29: ='P & NP'!MB13 -> 2626500 | F29: ='P & NP'!MC13 -> 1756000 | G29: ='P & NP'!MD13 -> 93159700 | H29: ='P & NP'!ME13 -> 0 | I29: ='P & NP'!MF13 -> 0 | J29: ='P & NP'!MG13 -> 57300 | K29: ='P & NP'!MH13 -> 1060350 | ... Q29: ='P & NP'!MN13 -> 64000 | R29: =SUM(D29,F29,J29,L29,N29,P29) -> 1847400 | S29: =SUM(E29,G29,K29,M29,O29,Q29) -> 96910550 | T29: ='P & NP'!MA51 -> 30900 | U29: ='P & NP'!MB51 -> 2626500 | V29: ='P & NP'!MC51 -> 1598200 | W29: ='P & NP'!MD51 -> 90292500 | X29: ='P & NP'!ME51 -> 0 | Y29: ='P & NP'!MF51 -> 0 | Z29: ='P & NP'!MG51 -> 63200 | AA29: ='P & NP'!MH51 -> 1173600 | ... AG29: ='P & NP'!MN51 -> 24000 | AH29: =SUM(T29,V29,Z29,AB29,AD29,AF29) -> 1693500 | AI29: =SUM(U29,W29,AA29,AC29,AE29,AG29) -> 94116600 | AJ29: ='P & NP'!MA89 -> 36000 | AK29: ='P & NP'!MB89 -> 3060000 | AL29: ='P & NP'!MC89 -> 1029900 | AM29: ='P & NP'!MD89 -> 61498000 | AN29: ='P & NP'!ME89 -> 0 | AO29: ='P & NP'!MF89 -> 0 | AP29: ='P & NP'!MG89 -> 102500 | AQ29: ='P & NP'!MH89 -> 1897100 | ... AW29: ='P & NP'!MN89 -> 72000 | AX29: =SUM(AJ29,AL29,AP29,AR29,AT29,AV29) -> 1172000 | AY29: =SUM(AK29,AM29,AQ29,AS29,AU29,AW29) -> 66527100 | AZ29: ='P & NP'!MA127 -> 32000 | BA29: ='P & NP'!MB127 -> 2720000 | BB29: ='P & NP'!MC127 -> 1848900 | BC29: ='P & NP'!MD127 -> 96449800 | BD29: ='P & NP'!ME127 -> 0 | BE29: ='P & NP'!MF127 -> 0 | BF29: ='P & NP'!MG127 -> 56100 | BG29: ='P & NP'!MH127 -> 1037850 | ... BM29: ='P & NP'!MN127 -> 37800 | BN29: =SUM(AZ29,BB29,BF29,BH29,BJ29,BL29) -> 1939100 | BO29: =SUM(BA29,BC29,BG29,BI29,BK29,BM29) -> 100245450 | BP29: ='P & NP'!MA165 -> 26500 | BQ29: ='P & NP'!MB165 -> 2252500 | BR29: ='P & NP'!MC165 -> 522600 | BS29: ='P & NP'!MD165 -> 30996200 | BT29: ='P & NP'!ME165 -> 0 | BU29: ='P & NP'!MF165 -> 0 | BV29: ='P & NP'!MG165 -> 57040 | BW29: ='P & NP'!MH165 -> 1055330 | ... CC29: ='P & NP'!MN165 -> 30600 | CD29: =SUM(BP29,BR29,BV29,BX29,BZ29,CB29) -> 607840 | CE29: =SUM(BQ29,BS29,BW29,BY29,CA29,CC29) -> 34334630 | CF29: ='P & NP'!MA203 -> 31100 | CG29: ='P & NP'!MB203 -> 2643500 | CH29: ='P & NP'!MC203 -> 1216800 | CI29: ='P & NP'!MD203 -> 64404100 | CJ29: ='P & NP'!ME203 -> 0 | CK29: ='P & NP'!MF203 -> 0 | CL29: ='P & NP'!MG203 -> 91150 | CM29: ='P & NP'!MH203 -> 1690950 | ... CS29: ='P & NP'!MN203 -> 10800 | CT29: =SUM(CF29,CH29,CL29,CN29,CP29,CR29) -> 1339650 | CU29: =SUM(CG29,CI29,CM29,CO29,CQ29,CS29) -> 68749350 | CV29: ='P & NP'!MA241 -> 31800 | CW29: ='P & NP'!MB241 -> 2703000 | CX29: ='P & NP'!MC241 -> 1447338 | CY29: ='P & NP'!MD241 -> 71196100 | CZ29: ='P & NP'!MG241 -> 44990 | DA29: ='P & NP'!MH241 -> 832175 | DB29: ='P & NP'!MI241 -> 0 | DC29: ='P & NP'!MJ241 -> 0 | DD29: ='P & NP'!MK241 -> 0 | DE29: ='P & NP'!ML241 -> 0 | DF29: ='P & NP'!MM241 -> 810 | DG29: ='P & NP'!MN241 -> 14580 | DH29: =SUM(CV29,CX29,CZ29,DB29,DD29,DF29) -> 1524938 | DI29: =SUM(CW29,CY29,DA29,DC29,DE29,DG29) -> 74745855 | DJ29: ='P & NP'!MA279 -> 29600 | DK29: ='P & NP'!MB279 -> 2516000 | DL29: ='P & NP'!MC279 -> 1231060 | DM29: ='P & NP'!MD279 -> 59744890 | DN29: ='P & NP'!MG279 -> 73200 | DO29: ='P & NP'!MH279 -> 1354355 | DP29: ='P & NP'!MI279 -> 0 | DQ29: ='P & NP'!MJ279 -> 0 | DR29: ='P & NP'!MK279 -> 0 | DS29: ='P & NP'!ML279 -> 0 | DT29: ='P & NP'!MM279 -> 890 | DU29: ='P & NP'!MN279 -> 16020 | DV29: =SUM(DJ29,DL29,DN29,DP29,DR29,DT29) -> 1334750 | DW29: =SUM(DK29,DM29,DO29,DQ29,DS29,DU29) -> 63631265 | DX29: ='P & NP'!MA317 -> 27250 | DY29: ='P & NP'!MB317 -> 2316250 | DZ29: ='P & NP'!MC317 -> 1038490 | EA29: ='P & NP'!MD317 -> 44883940 | EB29: ='P & NP'!MG317 -> 98770 | EC29: ='P & NP'!MH317 -> 1827415 | ED29: ='P & NP'!MI317 -> 0 | EE29: ='P & NP'!MJ317 -> 0 | EF29: ='P & NP'!MK317 -> 0 | EG29: ='P & NP'!ML317 -> 0 | EH29: ='P & NP'!MM317 -> 3010 | EI29: ='P & NP'!MN317 -> 54180 | EJ29: =SUM(DX29,DZ29,EB29,ED29,EF29,EH29) -> 1167520 | EK29: =SUM(DY29,EA29,EC29,EE29,EG29,EI29) -> 49081785 | EL29: ='P & NP'!MA355 -> 78200 | EM29: ='P & NP'!MB355 -> 6647000 | EN29: ='P & NP'!MC355 -> 877840 | EO29: ='P & NP'!MD355 -> 43681630 | EP29: ='P & NP'!MG355 -> 57240 | EQ29: ='P & NP'!MH355 -> 1058455 | ER29: ='P & NP'!MI355 -> 0 | ES29: ='P & NP'!MJ355 -> 0 | ET29: ='P & NP'!MK355 -> 0 | EU29: ='P & NP'!ML355 -> 0 | EV29: ='P & NP'!MM355 -> 1690 | EW29: ='P & NP'!MN355 -> 30420 | EX29: =SUM(EL29,EN29,EP29,ER29,ET29,EV29) -> 1014970 | EY29: =SUM(EM29,EO29,EQ29,ES29,EU29,EW29) -> 51417505 | EZ29: ='P & NP'!MA393 -> 52600 | FA29: ='P & NP'!MB393 -> 4471000 | FB29: ='P & NP'!MC393 -> 627220 | FC29: ='P & NP'!MD393 -> 28833800 | FD29: ='P & NP'!MG393 -> 54360 | FE29: ='P & NP'!MH393 -> 1006545 | FF29: ='P & NP'!MI393 -> 0 | FG29: ='P & NP'!MJ393 -> 0 | FH29: ='P & NP'!MK393 -> 0 | FI29: ='P & NP'!ML393 -> 0 | FJ29: ='P & NP'!MM393 -> 2210 | FK29: ='P & NP'!MN393 -> 39780 | FL29: =SUM(EZ29,FB29,FD29,FF29,FH29,FJ29) -> 736390 | FM29: =SUM(FA29,FC29,FE29,FG29,FI29,FK29) -> 34351125 | FN29: ='P & NP'!MA431 -> 28300 | FO29: ='P & NP'!MB431 -> 2405500 | FP29: ='P & NP'!MC431 -> 918800 | FQ29: ='P & NP'!MD431 -> 45732060 | FR29: ='P & NP'!MG431 -> 100490 | FS29: ='P & NP'!MH431 -> 1859840 | FT29: ='P & NP'!MI431 -> 0 | FU29: ='P & NP'!MJ431 -> 0 | FV29: ='P & NP'!MK431 -> 0 | FW29: ='P & NP'!ML431 -> 0 | FX29: ='P & NP'!MM431 -> 7920 | FY29: ='P & NP'!MN431 -> 142560 | FZ29: =SUM(FN29,FP29,FR29,FT29,FV29,FX29) -> 1055510 | GA29: =SUM(FO29,FQ29,FS29,FU29,FW29,FY29) -> 50139960 | GC29: =SUMIF($D$46:$AY$46,$GC$5,D29:AY29) -> 97800 | GD29: =SUMIF($D$46:$AY$46,$GD$5,D29:AY29) -> 8313000 | GE29: =SUMIF($D$46:$AY$46,$GE$5,D29:AY29) -> 4384100 | GF29: =SUMIF($D$46:$AY$46,$GF$5,D29:AY29) -> 244950200 | GG29: =SUMIF($D$46:$AY$46,$GG$5,D29:AY29) -> 223000 | GH29: =SUMIF($D$46:$AY$46,$GH$5,D29:AY29) -> 4131050 | GI29: =SUMIF($D$46:$AY$46,$GI$5,D29:AY29) -> 0 | GJ29: =SUMIF($D$46:$AY$46,$GJ$5,D29:AY29) -> 0 | GK29: =SUMIF($D$46:$AY$46,$GK$5,D29:AY29) -> 0 | GL29: =SUMIF($D$46:$AY$46,$GL$5,D29:AY29) -> 0 | GM29: =SUMIF($D$46:$AY$46,$GM$5,D29:AY29) -> 8000 | GN29: =SUMIF($D$46:$AY$46,$GN$5,D29:AY29) -> 160000 | GO29: =SUM(GC29,GE29,GG29,GI29,GK29,GM29) -> 4712900 | GP29: =SUM(GD29,GF29,GH29,GJ29,GL29,GN29) -> 257554250 | GR29: =SUMIF($AZ$46:$CU$46,$GR$5,AZ29:CU29) -> 89600 | GS29: =SUMIF($AZ$46:$CU$46,$GS$5,AZ29:CU29) -> 7616000 | GT29: =SUMIF($AZ$46:$CU$46,$GT$5,AZ29:CU29) -> 3588300 | GU29: =SUMIF($AZ$46:$CU$46,$GU$5,AZ29:CU29) -> 191850100 | GV29: =SUMIF($AZ$46:$CU$46,$GV$5,AZ29:CU29) -> 204290 | GW29: =SUMIF($AZ$46:$CU$46,$GW$5,AZ29:CU29) -> 3784130 | GX29: =SUMIF($AZ$46:$CU$46,$GX$5,AZ29:CU29) -> 0 | GY29: =SUMIF($AZ$46:$CU$46,$GY$5,AZ29:CU29) -> 0 | GZ29: =SUMIF($AZ$46:$CU$46,$GZ$5,AZ29:CU29) -> 0 | HA29: =SUMIF($AZ$46:$CU$46,$HA$5,AZ29:CU29) -> 0 | HB29: =SUMIF($AZ$46:$CU$46,$HB$5,AZ29:CU29) -> 4400 | HC29: =SUMIF($AZ$46:$CU$46,$HC$5,AZ29:CU29) -> 79200 | HD29: =SUM(GR29,GT29,GV29,GX29,GZ29,HB29) -> 3886590 | HE29: =SUM(GS29,GU29,GW29,GY29,HA29,HC29) -> 203329430 | HG29: =SUMIF($CV$46:$EK$46,$HG$5,CV29:EK29) -> 88650 | HH29: =SUMIF($CV$46:$EK$46,$HH$5,CV29:EK29) -> 7535250 | HI29: =SUMIF($CV$46:$EK$46,$HI$5,CV29:EK29) -> 3716888 | HJ29: =SUMIF($CV$46:$EK$46,$HJ$5,CV29:EK29) -> 175824930 | HK29: =SUMIF($CV$46:$EK$46,$HK$5,CV29:EK29) -> 216960 | HL29: =SUMIF($CV$46:$EK$46,$HL$5,CV29:EK29) -> 4013945 | HM29: =SUMIF($CV$46:$EK$46,$HM$5,CV29:EK29) -> 0 | HN29: =SUMIF($CV$46:$EK$46,$HN$5,CV29:EK29) -> 0 | HO29: =SUMIF($CV$46:$EK$46,$HO$5,CV29:EK29) -> 0 | HP29: =SUMIF($CV$46:$EK$46,$HP$5,CV29:EK29) -> 0 | HQ29: =SUMIF($CV$46:$EK$46,$HQ$5,CV29:EK29) -> 4710 | HR29: =SUMIF($CV$46:$EK$46,$HR$5,CV29:EK29) -> 84780 | HS29: =SUM(HG29,HI29,HK29,HM29,HO29,HQ29) -> 4027208 | HT29: =SUM(HH29,HJ29,HL29,HN29,HP29,HR29) -> 187458905 | HV29: =SUMIF($EL$46:$GA$46,$HV$5,EL29:GA29) -> 159100 | HW29: =SUMIF($EL$46:$GA$46,$HW$5,EL29:GA29) -> 13523500 | HX29: =SUMIF($EL$46:$GA$46,$HX$5,EL29:GA29) -> 2423860 | HY29: =SUMIF($EL$46:$GA$46,$HY$5,EL29:GA29) -> 118247490 | HZ29: =SUMIF($EL$46:$GA$46,$HZ$5,EL29:GA29) -> 212090 | IA29: =SUMIF($EL$46:$GA$46,$IA$5,EL29:GA29) -> 3924840 | IB29: =SUMIF($EL$46:$GA$46,$IB$5,EL29:GA29) -> 0 | IC29: =SUMIF($EL$46:$GA$46,$IC$5,EL29:GA29) -> 0 | ID29: =SUMIF($EL$46:$GA$46,$ID$5,EL29:GA29) -> 0 | IE29: =SUMIF($EL$46:$GA$46,$IE$5,EL29:GA29) -> 0 | IF29: =SUMIF($EL$46:$GA$46,$IF$5,EL29:GA29) -> 11820 | IG29: =SUMIF($EL$46:$GA$46,$IG$5,EL29:GA29) -> 212760 | IH29: =SUM(HV29,HX29,HZ29,IB29,ID29,IF29) -> 2806870 | II29: =SUM(HW29,HY29,IA29,IC29,IE29,IG29) -> 135908590
