Workbook

Sheet Daftar Isi
A1: Daftar Tabel | B1: Halaman
A3: ='Unit Usaha'!B47 -> Tabel 1 Jumlah Unit Usaha Aktif berdasarkan Jenis Kegiatan | B3: 1
A4: ='Unit Usaha'!B48 -> Tabel 2 Jumlah Unit Usaha Aktif berdasarkan Jenis Kegiatan Pengolahan | B4: 2
A5: ='Unit Usaha'!B49 -> Tabel 3 Jumlah Unit Usaha Aktif berdasarkan Jenis Kegiatan Pemasaran | B5: 3
A6: ='Unit Usaha'!B50 -> Tabel 4 Jumlah Unit Usaha Aktif berdasarkan Skala Usaha | B6: 4
A7: ='Unit Usaha'!B51 -> Tabel 5 Jumlah Unit Usaha Aktif berdasarkan Skala Usaha pada Kegiatan Pengolahan | B7: 5
A8: ='Unit Usaha'!B52 -> Tabel 6 Jumlah Unit Usaha Aktif berdasarkan Skala Usaha pada Kegiatan Pemasaran | B8: 6
A9: ='Unit Usaha'!B53 -> Tabel 7 Jumlah Unit Usaha Aktif berdasarkan Skala Usaha pada Jenis Kegiatan Fermentasi | B9: 7
A10: ='Unit Usaha'!B54 -> Tabel 8 Jumlah Unit Usaha Aktif berdasarkan Skala Usaha pada Jenis Kegiatan Pelumatan Daging Ikan | B10: 8
A11: ='Unit Usaha'!B55 -> Tabel 9 Jumlah Unit Usaha Aktif berdasarkan Skala Usaha pada Jenis Kegiatan Pembekuan | B11: 9
A12: ='Unit Usaha'!B56 -> Tabel 10 Jumlah Unit Usaha Aktif berdasarkan Skala Usaha pada Jenis Kegiatan Pemindangan | B12: 10
A13: ='Unit Usaha'!B57 -> Tabel 11 Jumlah Unit Usaha Aktif berdasarkan Skala Usaha pada Jenis Kegiatan Penanganan Produk Segar | B13: 11
A14: ='Unit Usaha'!B58 -> Tabel 12 Jumlah Unit Usaha Aktif berdasarkan Skala Usaha pada Jenis Kegiatan Pengalengan | B14: 12
... A20: ='Unit Usaha'!B64 -> Tabel 18 Jumlah Unit Usaha Aktif berdasarkan Skala Usaha pada Jenis Kegiatan Pengecer | B20: 18
A21: =Kapasitas!B47 -> Tabel 19 Jumlah Kapasitas (Kg) berdasarkan Jenis Kegiatan | B21: 19
A22: =Kapasitas!B48 -> Tabel 20 Jumlah Kapasitas (Kg) berdasarkan Jenis Kegiatan Pengolahan | B22: 20
A23: =Kapasitas!B49 -> Tabel 21 Jumlah Kapasitas (Kg) berdasarkan Jenis Kegiatan Pemasaran | B23: 21
A24: =Kapasitas!B50 -> Tabel 22 Jumlah Kapasitas (Kg) berdasarkan Skala Usaha | B24: 22
A25: =Kapasitas!B51 -> Tabel 23 Jumlah Kapasitas (Kg) berdasarkan Skala Usaha pada Kegiatan Pengolahan | B25: 23
A26: =Kapasitas!B52 -> Tabel 24 Jumlah Kapasitas (Kg) berdasarkan Skala Usaha pada Kegiatan Pemasaran | B26: 24
A27: =Kapasitas!B53 -> Tabel 25 Jumlah Kapasitas (Kg) berdasarkan Skala Usaha pada Jenis Kegiatan Fermentasi | B27: 25
A28: =Kapasitas!B54 -> Tabel 26 Jumlah Kapasitas (Kg) berdasarkan Skala Usaha pada Jenis Kegiatan Pelumatan Daging Ikan | B28: 26
A29: =Kapasitas!B55 -> Tabel 27 Jumlah Kapasitas (Kg) berdasarkan Skala Usaha pada Jenis Kegiatan Pembekuan | B29: 27
A30: =Kapasitas!B56 -> Tabel 28 Jumlah Kapasitas (Kg) berdasarkan Skala Usaha pada Jenis Kegiatan Pemindangan | B30: 28
A31: =Kapasitas!B57 -> Tabel 29 Jumlah Kapasitas (Kg) berdasarkan Skala Usaha pada Jenis Kegiatan Penanganan Produk Segar | B31: 29
A32: =Kapasitas!B58 -> Tabel 30 Jumlah Kapasitas (Kg) berdasarkan Skala Usaha pada Jenis Kegiatan Pengalengan | B32: 30
... A38: =Kapasitas!B64 -> Tabel 36 Jumlah Kapasitas (Kg) berdasarkan Skala Usaha pada Jenis Kegiatan Pengecer | B38: 36
A39: =Biaya!B47 -> Tabel 37 Jumlah Biaya (Rp) berdasarkan Jenis Kegiatan | B39: 37
A40: =Biaya!B48 -> Tabel 38 Jumlah Biaya (Rp) berdasarkan Jenis Kegiatan Pengolahan | B40: 38
A41: =Biaya!B49 -> Tabel 39 Jumlah Biaya (Rp) berdasarkan Jenis Kegiatan Pemasaran | B41: 39
A42: =Biaya!B50 -> Tabel 40 Jumlah Biaya (Rp) berdasarkan Skala Usaha | B42: 40
A43: =Biaya!B51 -> Tabel 41 Jumlah Biaya (Rp) berdasarkan Skala Usaha pada Kegiatan Pengolahan | B43: 41
A44: =Biaya!B52 -> Tabel 42 Jumlah Biaya (Rp) berdasarkan Skala Usaha pada Kegiatan Pemasaran | B44: 42
A45: =Biaya!B53 -> Tabel 43 Jumlah Biaya (Rp) berdasarkan Skala Usaha pada Jenis Kegiatan Fermentasi | B45: 43
A46: =Biaya!B54 -> Tabel 44 Jumlah Biaya (Rp) berdasarkan Skala Usaha pada Jenis Kegiatan Pelumatan Daging Ikan | B46: 44
A47: =Biaya!B55 -> Tabel 45 Jumlah Biaya (Rp) berdasarkan Skala Usaha pada Jenis Kegiatan Pembekuan | B47: 45
A48: =Biaya!B56 -> Tabel 46 Jumlah Biaya (Rp) berdasarkan Skala Usaha pada Jenis Kegiatan Pemindangan | B48: 46
A49: =Biaya!B57 -> Tabel 47 Jumlah Biaya (Rp) berdasarkan Skala Usaha pada Jenis Kegiatan Penanganan Produk Segar | B49: 47
A50: =Biaya!B58 -> Tabel 48 Jumlah Biaya (Rp) berdasarkan Skala Usaha pada Jenis Kegiatan Pengalengan | B50: 48
... A56: =Biaya!B64 -> Tabel 54 Jumlah Biaya (Rp) berdasarkan Skala Usaha pada Jenis Kegiatan Pengecer | B56: 54
A57: ='Hasil (Kg)'!B47 -> Tabel 55 Jumlah Hasil Produksi (Kg) berdasarkan Jenis Kegiatan | B57: 55
A58: ='Hasil (Kg)'!B48 -> Tabel 56 Jumlah Hasil Produksi (Kg) berdasarkan Jenis Kegiatan Pengolahan | B58: 56
A59: ='Hasil (Kg)'!B49 -> Tabel 57 Jumlah Hasil Produksi (Kg) berdasarkan Jenis Kegiatan Pemasaran | B59: 57
A60: ='Hasil (Kg)'!B50 -> Tabel 58 Jumlah Hasil Produksi (Kg) berdasarkan Skala Usaha | B60: 58
A61: ='Hasil (Kg)'!B51 -> Tabel 59 Jumlah Hasil Produksi (Kg) berdasarkan Skala Usaha pada Kegiatan Pengolahan | B61: 59
A62: ='Hasil (Kg)'!B52 -> Tabel 60 Jumlah Hasil Produksi (Kg) berdasarkan Skala Usaha pada Kegiatan Pemasaran | B62: 60
A63: ='Hasil (Kg)'!B53 -> Tabel 61 Jumlah Hasil Produksi (Kg) berdasarkan Skala Usaha pada Jenis Kegiatan Fermentasi | B63: 61
A64: ='Hasil (Kg)'!B54 -> Tabel 62 Jumlah Hasil Produksi (Kg) berdasarkan Skala Usaha pada Jenis Kegiatan Pelumatan Daging Ikan | B64: 62
A65: ='Hasil (Kg)'!B55 -> Tabel 63 Jumlah Hasil Produksi (Kg) berdasarkan Skala Usaha pada Jenis Kegiatan Pembekuan | B65: 63
A66: ='Hasil (Kg)'!B56 -> Tabel 64 Jumlah Hasil Produksi (Kg) berdasarkan Skala Usaha pada Jenis Kegiatan Pemindangan | B66: 64
A67: ='Hasil (Kg)'!B57 -> Tabel 65 Jumlah Hasil Produksi (Kg) berdasarkan Skala Usaha pada Jenis Kegiatan Penanganan Produk Segar | B67: 65
A68: ='Hasil (Kg)'!B58 -> Tabel 66 Jumlah Hasil Produksi (Kg) berdasarkan Skala Usaha pada Jenis Kegiatan Pengalengan | B68: 66
... A74: ='Hasil (Kg)'!B64 -> Tabel 72 Jumlah Hasil Produksi (Kg) berdasarkan Skala Usaha pada Jenis Kegiatan Pengecer | B74: 72
A75: ='Hasil (Rp)'!B47 -> Tabel 73 Jumlah Hasil Produksi (Rp) berdasarkan Jenis Kegiatan | B75: 73
A76: ='Hasil (Rp)'!B48 -> Tabel 74 Jumlah Hasil Produksi (Rp) berdasarkan Jenis Kegiatan Pengolahan | B76: 74
A77: ='Hasil (Rp)'!B49 -> Tabel 75 Jumlah Hasil Produksi (Rp) berdasarkan Jenis Kegiatan Pemasaran | B77: 75
A78: ='Hasil (Rp)'!B50 -> Tabel 76 Jumlah Hasil Produksi (Rp) berdasarkan Skala Usaha | B78: 76
A79: ='Hasil (Rp)'!B51 -> Tabel 77 Jumlah Hasil Produksi (Rp) berdasarkan Skala Usaha pada Kegiatan Pengolahan | B79: 77
A80: ='Hasil (Rp)'!B52 -> Tabel 78 Jumlah Hasil Produksi (Rp) berdasarkan Skala Usaha pada Kegiatan Pemasaran | B80: 78
A81: ='Hasil (Rp)'!B53 -> Tabel 79 Jumlah Hasil Produksi (Rp) berdasarkan Skala Usaha pada Jenis Kegiatan Fermentasi | B81: 79
A82: ='Hasil (Rp)'!B54 -> Tabel 80 Jumlah Hasil Produksi (Rp) berdasarkan Skala Usaha pada Jenis Kegiatan Pelumatan Daging Ikan | B82: 80
A83: ='Hasil (Rp)'!B55 -> Tabel 81 Jumlah Hasil Produksi (Rp) berdasarkan Skala Usaha pada Jenis Kegiatan Pembekuan | B83: 81
A84: ='Hasil (Rp)'!B56 -> Tabel 82 Jumlah Hasil Produksi (Rp) berdasarkan Skala Usaha pada Jenis Kegiatan Pemindangan | B84: 82
A85: ='Hasil (Rp)'!B57 -> Tabel 83 Jumlah Hasil Produksi (Rp) berdasarkan Skala Usaha pada Jenis Kegiatan Penanganan Produk Segar | B85: 83
A86: ='Hasil (Rp)'!B58 -> Tabel 84 Jumlah Hasil Produksi (Rp) berdasarkan Skala Usaha pada Jenis Kegiatan Pengalengan | B86: 84
... A92: ='Hasil (Rp)'!B64 -> Tabel 90 Jumlah Hasil Produksi (Rp) berdasarkan Skala Usaha pada Jenis Kegiatan Pengecer | B92: 90
A93: =NT!B47 -> Tabel 91 Nilai Tambah (Rp) berdasarkan Jenis Kegiatan | B93: 91
A94: =NT!B48 -> Tabel 92 Nilai Tambah (Rp) berdasarkan Jenis Kegiatan Pengolahan | B94: 92
A95: =NT!B49 -> Tabel 93 Nilai Tambah (Rp) berdasarkan Jenis Kegiatan Pemasaran | B95: 93
A96: =NT!B50 -> Tabel 94 Nilai Tambah (Rp) berdasarkan Skala Usaha | B96: 94
A97: =NT!B51 -> Tabel 95 Nilai Tambah (Rp) berdasarkan Skala Usaha pada Kegiatan Pengolahan | B97: 95
A98: =NT!B52 -> Tabel 96 Nilai Tambah (Rp) berdasarkan Skala Usaha pada Kegiatan Pemasaran | B98: 96
A99: =NT!B53 -> Tabel 97 Nilai Tambah (Rp) berdasarkan Skala Usaha pada Jenis Kegiatan Fermentasi | B99: 97
A100: =NT!B54 -> Tabel 98 Nilai Tambah (Rp) berdasarkan Skala Usaha pada Jenis Kegiatan Pelumatan Daging Ikan | B100: 98
A101: =NT!B55 -> Tabel 99 Nilai Tambah (Rp) berdasarkan Skala Usaha pada Jenis Kegiatan Pembekuan | B101: 99
A102: =NT!B56 -> Tabel 100 Nilai Tambah (Rp) berdasarkan Skala Usaha pada Jenis Kegiatan Pemindangan | B102: 100
A103: =NT!B57 -> Tabel 101 Nilai Tambah (Rp) berdasarkan Skala Usaha pada Jenis Kegiatan Penanganan Produk Segar | B103: 101
A104: =NT!B58 -> Tabel 102 Nilai Tambah (Rp) berdasarkan Skala Usaha pada Jenis Kegiatan Pengalengan | B104: 102
... A110: =NT!B64 -> Tabel 108 Nilai Tambah (Rp) berdasarkan Skala Usaha pada Jenis Kegiatan Pengecer | B110: 108
A111: =BB!B47 -> Tabel 109 Jumlah Kuantitas Bahan Baku (Kg) berdasarkan Jenis Kegiatan | B111: 109
A112: =BB!B48 -> Tabel 110 Jumlah Kuantitas Bahan Baku (Kg) pada Kegiatan Pengolahan | B112: 110
A113: =BB!B49 -> Tabel 111 Jumlah Kuantitas Bahan Baku (Kg) pada Kegiatan Pemasaran | B113: 111
A114: =BB!B50 -> Tabel 112 Jumlah Kuantitas Bahan Baku (Kg) berdasarkan Skala Usaha | B114: 112
A115: =BB!B51 -> Tabel 113 Jumlah Kuantitas Bahan Baku (Kg) berdasarkan Skala Usaha pada Kegiatan Pengolahan | B115: 113
A116: =BB!B52 -> Tabel 114 Jumlah Kuantitas Bahan Baku (Kg) berdasarkan Skala Usaha pada Kegiatan Pemasaran | B116: 114
A117: =BB!B53 -> Tabel 115 Jumlah Kuantitas Bahan Baku (Kg) berdasarkan Skala Usaha pada Jenis Kegiatan Fermentasi | B117: 115
A118: =BB!B54 -> Tabel 116 Jumlah Kuantitas Bahan Baku (Kg) berdasarkan Skala Usaha pada Jenis Kegiatan Pelumatan Daging Ikan | B118: 116
A119: =BB!B55 -> Tabel 117 Jumlah Kuantitas Bahan Baku (Kg) berdasarkan Skala Usaha pada Jenis Kegiatan Pembekuan | B119: 117
A120: =BB!B56 -> Tabel 118 Jumlah Kuantitas Bahan Baku (Kg) berdasarkan Skala Usaha pada Jenis Kegiatan Pemindangan | B120: 118
A121: =BB!B57 -> Tabel 119 Jumlah Kuantitas Bahan Baku (Kg) berdasarkan Skala Usaha pada Jenis Kegiatan Penanganan Produk Segar | B121: 119
A122: =BB!B58 -> Tabel 120 Jumlah Kuantitas Bahan Baku (Kg) berdasarkan Skala Usaha pada Jenis Kegiatan Pengalengan | B122: 120
... A128: =BB!B64 -> Tabel 126 Jumlah Kuantitas Bahan Baku (Kg) berdasarkan Skala Usaha pada Jenis Kegiatan Pengecer | B128: 126
A129: ='Asal BB'!B50 -> Tabel 127 Jumlah Kuantitas Bahan Baku (Kg) berdasarkan Asal Bahan Baku | B129: 127
A130: ='Asal BB'!B51 -> Tabel 128 Jumlah Kuantitas Bahan Baku (Kg) berdasarkan Asal Bahan Baku pada Kegiatan Pengolahan | B130: 128
A131: ='Asal BB'!B52 -> Tabel 129 Jumlah Kuantitas Bahan Baku (Kg) berdasarkan Asal Bahan Baku pada Kegiatan Pemasaran | B131: 129
A132: ='Asal BB'!B53 -> Tabel 130 Jumlah Kuantitas Bahan Baku (Kg) berdasarkan Asal Bahan Baku pada Jenis Kegiatan Fermentasi | B132: 130
A133: ='Asal BB'!B54 -> Tabel 131 Jumlah Kuantitas Bahan Baku (Kg) berdasarkan Asal Bahan Baku pada Jenis Kegiatan Pelumatan Daging | B133: 131
A134: ='Asal BB'!B55 -> Tabel 132 Jumlah Kuantitas Bahan Baku (Kg) berdasarkan Asal Bahan Baku pada Jenis Kegiatan Pembekuan | B134: 132
A135: ='Asal BB'!B56 -> Tabel 133 Jumlah Kuantitas Bahan Baku (Kg) berdasarkan Asal Bahan Baku pada Jenis Kegiatan Pemindangan | B135: 133
A136: ='Asal BB'!B57 -> Tabel 134 Jumlah Kuantitas Bahan Baku (Kg) berdasarkan Asal Bahan Baku pada Jenis Kegiatan Penanganan Produk Segar | B136: 134
...

Sheet Unit Usaha
A1: Tabel 1 Jumlah Unit Usaha Aktif berdasarkan Jenis Kegiatan | P1: Tabel 2 Jumlah Unit Usaha Aktif berdasarkan Jenis Kegiatan Pengolahan | AC1: Tabel 3 Jumlah Unit Usaha Aktif berdasarkan Jenis Kegiatan Pemasaran | AH1: Tabel 4 Jumlah Unit Usaha Aktif berdasarkan Skala Usaha | AO1: Tabel 5 Jumlah Unit Usaha Aktif berdasarkan Skala Usaha pada Kegiatan Pengolahan | AV1: Tabel 6 Jumlah Unit Usaha Aktif berdasarkan Skala Usaha pada Kegiatan Pemasaran | BC1: Tabel 7 Jumlah Unit Usaha Aktif berdasarkan Skala Usaha pada Jenis Kegiatan Fermentasi | BJ1: Tabel 8 Jumlah Unit Usaha Aktif berdasarkan Skala Usaha pada Jenis Kegiatan Pelumatan Daging Ikan | BQ1: Tabel 9 Jumlah Unit Usaha Aktif berdasarkan Skala Usaha pada Jenis Kegiatan Pembekuan | BX1: Tabel 10 Jumlah Unit Usaha Aktif berdasarkan Skala Usaha pada Jenis Kegiatan Pemindangan | CE1: Tabel 11 Jumlah Unit Usaha Aktif berdasarkan Skala Usaha pada Jenis Kegiatan Penanganan Produk Segar | CL1: Tabel 12 Jumlah Unit Usaha Aktif berdasarkan Skala Usaha pada Jenis Kegiatan Pengalengan | CS1: Tabel 13 Jumlah Unit Usaha Aktif berdasarkan Skala Usaha pada Jenis Kegiatan Pengasapan / Pemanggangan | CZ1: Tabel 14 Jumlah Unit Usaha Aktif berdasarkan Skala Usaha pada Jenis Kegiatan Penggaraman / Pengeringan | DG1: Tabel 15 Jumlah Unit Usaha Aktif berdasarkan Skala Usaha pada Jenis Kegiatan Pereduksian/Ekstraksi | DN1: Tabel 16 Jumlah Unit Usaha Aktif berdasarkan Skala Usaha pada Jenis Kegiatan Pengolahan Lainnya | DU1: Tabel 17 Jumlah Unit Usaha Aktif berdasarkan Skala Usaha pada Jenis Kegiatan Pengumpul/Pedagang Besar/Distributor | EB1: Tabel 18 Jumlah Unit Usaha Aktif berdasarkan Skala Usaha pada Jenis Kegiatan Pengecer
A2: No | B2: Kabupaten/Kota | C2: Jenis Kegiatan | O2: Jumlah Total | P2: No | Q2: Kabupaten/Kota | R2: Jenis Kegiatan | AB2: Jumlah Total | AC2: No | AD2: Kabupaten/Kota | AE2: Jenis Kegiatan | AG2: Jumlah Total | AH2: No | AI2: Kabupaten/Kota | AJ2: Skala Usaha | AN2: Jumlah Total | AO2: No | AP2: Kabupaten/Kota | AQ2: Skala Usaha | AU2: Jumlah Total | AV2: No | AW2: Kabupaten/Kota | AX2: Skala Usaha | BB2: Jumlah Total | BC2: No | BD2: Kabupaten/Kota | BE2: Skala Usaha | BI2: Jumlah Total | BJ2: No | BK2: Kabupaten/Kota | BL2: Skala Usaha | BP2: Jumlah Total | BQ2: No | BR2: Kabupaten/Kota | BS2: Skala Usaha | BW2: Jumlah Total | BX2: No | BY2: Kabupaten/Kota | BZ2: Skala Usaha | CD2: Jumlah Total | CE2: No | CF2: Kabupaten/Kota | CG2: Skala Usaha | CK2: Jumlah Total | CL2: No | CM2: Kabupaten/Kota | CN2: Skala Usaha | CR2: Jumlah Total | CS2: No | CT2: Kabupaten/Kota | CU2: Skala Usaha | CY2: Jumlah Total | CZ2: No | DA2: Kabupaten/Kota | DB2: Skala Usaha | DF2: Jumlah Total | DG2: No | DH2: Kabupaten/Kota | DI2: Skala Usaha | DM2: Jumlah Total | DN2: No | DO2: Kabupaten/Kota | DP2: Skala Usaha | DT2: Jumlah Total | DU2: No | DV2: Kabupaten/Kota | DW2: Skala Usaha | EA2: Jumlah Total | EB2: No | EC2: Kabupaten/Kota | ED2: Skala Usaha | EH2: Jumlah Total
C3: Fermentasi | D3: Pelumatan Daging Ikan | E3: Pembekuan | F3: Pemindangan | G3: Penanganan Produk Segar | H3: Pengalengan | I3: Pengasapan/ Pemanggangan | J3: Pereduksian/ Ekstraksi | K3: Penggaraman/Pengeringan | L3: Pengolahan Lainnya | M3: Pengecer | N3: Pengumpul/ Pedagang Besar/ Distributor | R3: Fermentasi | S3: Pelumatan Daging Ikan | T3: Pembekuan | U3: Pemindangan | V3: Penanganan Produk Segar | W3: Pengalengan | X3: Pengasapan/ Pemanggangan | Y3: Pereduksian/ Ekstraksi | Z3: Penggaraman/ Pengeringan | AA3: Pengolahan Lainnya | AE3: Pengecer | AF3: Pengumpul/ Pedagang Besar/ Distributor | AJ3: Mikro | AK3: Kecil | AL3: Menengah | AM3: Besar | AQ3: Mikro | AR3: Kecil | AS3: Menengah | AT3: Besar | AX3: Mikro | AY3: Kecil | AZ3: Menengah | BA3: Besar | BE3: Mikro | BF3: Kecil | BG3: Menengah | BH3: Besar | BL3: Mikro | BM3: Kecil | BN3: Menengah | BO3: Besar | BS3: Mikro | BT3: Kecil | BU3: Menengah | BV3: Besar | BZ3: Mikro | CA3: Kecil | CB3: Menengah | CC3: Besar | CG3: Mikro | CH3: Kecil | CI3: Menengah | CJ3: Besar | CN3: Mikro | CO3: Kecil | CP3: Menengah | CQ3: Besar | CU3: Mikro | CV3: Kecil | CW3: Menengah | CX3: Besar | DB3: Mikro | DC3: Kecil | DD3: Menengah | DE3: Besar | DI3: Mikro | DJ3: Kecil | DK3: Menengah | DL3: Besar | DP3: Mikro | DQ3: Kecil | DR3: Menengah | DS3: Besar | DW3: Mikro | DX3: Kecil | DY3: Menengah | DZ3: Besar | ED3: Mikro | EE3: Kecil | EF3: Menengah | EG3: Besar
A4: 01 | B4: KAB. PACITAN | C4: =BI4 -> 25.421186 | D4: =BP4 -> 58.259161 | E4: =BW4 -> 6.1745993 | F4: =CD4 -> 16.245109 | G4: =CK4 -> 196.01507 | H4: =CR4 -> 0 | I4: =CY4 -> 10.89582 | J4: =DM4 -> 5.7032025 | K4: =DF4 -> 48.894989 | L4: =DT4 -> 28.74859 | M4: =EH4 -> 536.7764 | N4: =EA4 -> 24.801538 | O4: =SUM(C4:N4) -> 957.93567 | P4: 01 | Q4: KAB. PACITAN | R4: =C4 -> 25.421186 | S4: =D4 -> 58.259161 | T4: =E4 -> 6.1745993 | U4: =F4 -> 16.245109 | V4: =G4 -> 196.01507 | W4: =H4 -> 0 | X4: =I4 -> 10.89582 | Y4: =J4 -> 5.7032025 | ... AA4: =L4 -> 28.74859 | AB4: =SUM(R4:AA4) -> 396.35773 | AC4: 01 | AD4: KAB. PACITAN | AE4: =M4 -> 536.7764 | AF4: =N4 -> 24.801538 | AG4: =SUM(AE4:AF4) -> 561.57794 | AH4: 01 | AI4: KAB. PACITAN | AJ4: =AQ4+AX4 -> 914.01442 | AK4: =AR4+AY4 -> 41.879905 | AL4: =AS4+AZ4 -> 2.0413391 | AM4: =AT4+BA4 -> 0 | AN4: =SUM(AJ4:AM4) -> 957.93567 | AO4: 01 | AP4: KAB. PACITAN | AQ4: =BE4+BL4+BS4+BZ4+CG4+CN4+CU4+DB4+DI4+DP4 -> 355.50152 | AR4: =BF4+BM4+BT4+CA4+CH4+CO4+CV4+DC4+DJ4+DQ4 -> 38.814868 | AS4: =BG4+BN4+BU4+CB4+CI4+CP4+CW4+DD4+DK4+DR4 -> 2.0413391 | AT4: =BH4+BO4+BV4+CC4+CJ4+CQ4+CX4+DE4+DL4+DS4 -> 0 | AU4: =SUM(AQ4:AT4) -> 396.35773 | AV4: 01 | AW4: KAB. PACITAN | AX4: =DW4+ED4 -> 558.5129 | AY4: =DX4+EE4 -> 3.0650374 | AZ4: =DY4+EF4 -> 0 | BA4: =DZ4+EG4 -> 0 | BB4: =SUM(AX4:BA4) -> 561.57794 | BC4: 01 | BD4: KAB. PACITAN | BE4: 25.421186 | BF4: 0 | BG4: 0 | BH4: 0 | BI4: 25.421186 | BJ4: 01 | BK4: KAB. PACITAN | BL4: 19.444294 | BM4: 36.773529 | BN4: 2.0413391 | BO4: 0 | BP4: 58.259161 | BQ4: 01 | BR4: KAB. PACITAN | BS4: 6.1745993 | BT4: 0 | BU4: 0 | BV4: 0 | BW4: 6.1745993 | BX4: 01 | BY4: KAB. PACITAN | BZ4: 16.245109 | CA4: 0 | CB4: 0 | CC4: 0 | CD4: 16.245109 | CE4: 01 | CF4: KAB. PACITAN | CG4: 193.97373 | CH4: 2.0413391 | CI4: 0 | CJ4: 0 | CK4: 196.01507 | CL4: 01 | CM4: KAB. PACITAN | CN4: 0 | CO4: 0 | CP4: 0 | CQ4: 0 | CR4: 0 | CS4: 01 | CT4: KAB. PACITAN | CU4: 10.89582 | CV4: 0 | CW4: 0 | CX4: 0 | CY4: 10.89582 | CZ4: 01 | DA4: KAB. PACITAN | DB4: 48.894989 | DC4: 0 | DD4: 0 | DE4: 0 | DF4: 48.894989 | DG4: 01 | DH4: KAB. PACITAN | DI4: 5.7032025 | DJ4: 0 | DK4: 0 | DL4: 0 | DM4: 5.7032025 | DN4: 01 | DO4: KAB. PACITAN | DP4: 28.74859 | DQ4: 0 | DR4: 0 | DS4: 0 | DT4: 28.74859 | DU4: 01 | DV4: KAB. PACITAN | DW4: 21.736501 | DX4: 3.0650374 | DY4: 0 | DZ4: 0 | EA4: 24.801538 | EB4: 01 | EC4: KAB. PACITAN | ED4: 536.7764 | EE4: 0 | EF4: 0 | EG4: 0 | EH4: 536.7764
A5: 02 | B5: KAB. PONOROGO | C5: =BI5 -> 0 | D5: =BP5 -> 40.608934 | E5: =BW5 -> 0 | F5: =CD5 -> 0 | G5: =CK5 -> 2.0413391 | H5: =CR5 -> 0 | I5: =CY5 -> 0 | J5: =DM5 -> 0 | K5: =DF5 -> 0 | L5: =DT5 -> 67.844304 | M5: =EH5 -> 747.55517 | N5: =EA5 -> 109.48951 | O5: =SUM(C5:N5) -> 967.53926 | P5: 02 | Q5: KAB. PONOROGO | R5: =C5 -> 0 | S5: =D5 -> 40.608934 | T5: =E5 -> 0 | U5: =F5 -> 0 | V5: =G5 -> 2.0413391 | W5: =H5 -> 0 | X5: =I5 -> 0 | Y5: =J5 -> 0 | ... AA5: =L5 -> 67.844304 | AB5: =SUM(R5:AA5) -> 110.49458 | AC5: 02 | AD5: KAB. PONOROGO | AE5: =M5 -> 747.55517 | AF5: =N5 -> 109.48951 | AG5: =SUM(AE5:AF5) -> 857.04468 | AH5: 02 | AI5: KAB. PONOROGO | AJ5: =AQ5+AX5 -> 901.3512 | AK5: =AR5+AY5 -> 50.560403 | AL5: =AS5+AZ5 -> 15.627658 | AM5: =AT5+BA5 -> 0 | AN5: =SUM(AJ5:AM5) -> 967.53926 | AO5: 02 | AP5: KAB. PONOROGO | AQ5: =BE5+BL5+BS5+BZ5+CG5+CN5+CU5+DB5+DI5+DP5 -> 86.739808 | AR5: =BF5+BM5+BT5+CA5+CH5+CO5+CV5+DC5+DJ5+DQ5 -> 23.754769 | AS5: =BG5+BN5+BU5+CB5+CI5+CP5+CW5+DD5+DK5+DR5 -> 0 | AT5: =BH5+BO5+BV5+CC5+CJ5+CQ5+CX5+DE5+DL5+DS5 -> 0 | AU5: =SUM(AQ5:AT5) -> 110.49458 | AV5: 02 | AW5: KAB. PONOROGO | AX5: =DW5+ED5 -> 814.61139 | AY5: =DX5+EE5 -> 26.805634 | AZ5: =DY5+EF5 -> 15.627658 | BA5: =DZ5+EG5 -> 0 | BB5: =SUM(AX5:BA5) -> 857.04468 | BC5: 02 | BD5: KAB. PONOROGO | BE5: 0 | BF5: 0 | BG5: 0 | BH5: 0 | BI5: 0 | BJ5: 02 | BK5: KAB. PONOROGO | BL5: 25.409813 | BM5: 15.199122 | BN5: 0 | BO5: 0 | BP5: 40.608934 | BQ5: 02 | BR5: KAB. PONOROGO | BS5: 0 | BT5: 0 | BU5: 0 | BV5: 0 | BW5: 0 | BX5: 02 | BY5: KAB. PONOROGO | BZ5: 0 | CA5: 0 | CB5: 0 | CC5: 0 | CD5: 0 | CE5: 02 | CF5: KAB. PONOROGO | CG5: 2.0413391 | CH5: 0 | CI5: 0 | CJ5: 0 | CK5: 2.0413391 | CL5: 02 | CM5: KAB. PONOROGO | CN5: 0 | CO5: 0 | CP5: 0 | CQ5: 0 | CR5: 0 | CS5: 02 | CT5: KAB. PONOROGO | CU5: 0 | CV5: 0 | CW5: 0 | CX5: 0 | CY5: 0 | CZ5: 02 | DA5: KAB. PONOROGO | DB5: 0 | DC5: 0 | DD5: 0 | DE5: 0 | DF5: 0 | DG5: 02 | DH5: KAB. PONOROGO | DI5: 0 | DJ5: 0 | DK5: 0 | DL5: 0 | DM5: 0 | DN5: 02 | DO5: KAB. PONOROGO | DP5: 59.288657 | DQ5: 8.5556475 | DR5: 0 | DS5: 0 | DT5: 67.844304 | DU5: 02 | DV5: KAB. PONOROGO | DW5: 79.558345 | DX5: 14.303508 | DY5: 15.627658 | DZ5: 0 | EA5: 109.48951 | EB5: 02 | EC5: KAB. PONOROGO | ED5: 735.05305 | EE5: 12.502126 | EF5: 0 | EG5: 0 | EH5: 747.55517
A6: 03 | B6: KAB. TRENGGALEK | C6: =BI6 -> 0 | D6: =BP6 -> 41.296251 | E6: =BW6 -> 3.1013295 | F6: =CD6 -> 67.494318 | G6: =CK6 -> 0 | H6: =CR6 -> 0 | I6: =CY6 -> 256.39684 | J6: =DM6 -> 0 | K6: =DF6 -> 56.664275 | L6: =DT6 -> 7.2764943 | M6: =EH6 -> 867.64076 | N6: =EA6 -> 29.648874 | O6: =SUM(C6:N6) -> 1329.5191 | P6: 03 | Q6: KAB. TRENGGALEK | R6: =C6 -> 0 | S6: =D6 -> 41.296251 | T6: =E6 -> 3.1013295 | U6: =F6 -> 67.494318 | V6: =G6 -> 0 | W6: =H6 -> 0 | X6: =I6 -> 256.39684 | Y6: =J6 -> 0 | ... AA6: =L6 -> 7.2764943 | AB6: =SUM(R6:AA6) -> 432.2295 | AC6: 03 | AD6: KAB. TRENGGALEK | AE6: =M6 -> 867.64076 | AF6: =N6 -> 29.648874 | AG6: =SUM(AE6:AF6) -> 897.28964 | AH6: 03 | AI6: KAB. TRENGGALEK | AJ6: =AQ6+AX6 -> 1162.6197 | AK6: =AR6+AY6 -> 117.04578 | AL6: =AS6+AZ6 -> 37.912779 | AM6: =AT6+BA6 -> 11.940924 | AN6: =SUM(AJ6:AM6) -> 1329.5191 | AO6: 03 | AP6: KAB. TRENGGALEK | AQ6: =BE6+BL6+BS6+BZ6+CG6+CN6+CU6+DB6+DI6+DP6 -> 300.53208 | AR6: =BF6+BM6+BT6+CA6+CH6+CO6+CV6+DC6+DJ6+DQ6 -> 87.578216 | AS6: =BG6+BN6+BU6+CB6+CI6+CP6+CW6+DD6+DK6+DR6 -> 33.220131 | AT6: =BH6+BO6+BV6+CC6+CJ6+CQ6+CX6+DE6+DL6+DS6 -> 10.89908 | AU6: =SUM(AQ6:AT6) -> 432.2295 | AV6: 03 | AW6: KAB. TRENGGALEK | AX6: =DW6+ED6 -> 862.08758 | AY6: =DX6+EE6 -> 29.467564 | AZ6: =DY6+EF6 -> 4.6926475 | BA6: =DZ6+EG6 -> 1.0418439 | BB6: =SUM(AX6:BA6) -> 897.28964 | BC6: 03 | BD6: KAB. TRENGGALEK | BE6: 0 | BF6: 0 | BG6: 0 | BH6: 0 | BI6: 0 | BJ6: 03 | BK6: KAB. TRENGGALEK | BL6: 41.296251 | BM6: 0 | BN6: 0 | BO6: 0 | BP6: 41.296251 | BQ6: 03 | BR6: KAB. TRENGGALEK | BS6: 0 | BT6: 0 | BU6: 0 | BV6: 3.1013295 | BW6: 3.1013295 | BX6: 03 | BY6: KAB. TRENGGALEK | BZ6: 1 | CA6: 25.476436 | CB6: 33.220131 | CC6: 7.7977509 | CD6: 67.494318 | CE6: 03 | CF6: KAB. TRENGGALEK | CG6: 0 | CH6: 0 | CI6: 0 | CJ6: 0 | CK6: 0 | CL6: 03 | CM6: KAB. TRENGGALEK | CN6: 0 | CO6: 0 | CP6: 0 | CQ6: 0 | CR6: 0 | CS6: 03 | CT6: KAB. TRENGGALEK | CU6: 249.91749 | CV6: 6.4793491 | CW6: 0 | CX6: 0 | CY6: 256.39684 | CZ6: 03 | DA6: KAB. TRENGGALEK | DB6: 1.0418439 | DC6: 55.622431 | DD6: 0 | DE6: 0 | DF6: 56.664275 | DG6: 03 | DH6: KAB. TRENGGALEK | DI6: 0 | DJ6: 0 | DK6: 0 | DL6: 0 | DM6: 0 | DN6: 03 | DO6: KAB. TRENGGALEK | DP6: 7.2764943 | DQ6: 0 | DR6: 0 | DS6: 0 | DT6: 7.2764943 | DU6: 03 | DV6: KAB. TRENGGALEK | DW6: 18.70062 | DX6: 6.2556065 | DY6: 3.6508036 | DZ6: 1.0418439 | EA6: 29.648874 | EB6: 03 | EC6: KAB. TRENGGALEK | ED6: 843.38696 | EE6: 23.211958 | EF6: 1.0418439 | EG6: 0 | EH6: 867.64076
A7: 04 | B7: KAB. TULUNGAGUNG | C7: =BI7 -> 0 | D7: =BP7 -> 33.601364 | E7: =BW7 -> 18.567992 | F7: =CD7 -> 54.758707 | G7: =CK7 -> 32.356852 | H7: =CR7 -> 0 | I7: =CY7 -> 635.01927 | J7: =DM7 -> 0 | K7: =DF7 -> 33.41379 | L7: =DT7 -> 67.981898 | M7: =EH7 -> 209.8322 | N7: =EA7 -> 79.173166 | O7: =SUM(C7:N7) -> 1164.7052 | P7: 04 | Q7: KAB. TULUNGAGUNG | R7: =C7 -> 0 | S7: =D7 -> 33.601364 | T7: =E7 -> 18.567992 | U7: =F7 -> 54.758707 | V7: =G7 -> 32.356852 | W7: =H7 -> 0 | X7: =I7 -> 635.01927 | Y7: =J7 -> 0 | ... AA7: =L7 -> 67.981898 | AB7: =SUM(R7:AA7) -> 875.69987 | AC7: 04 | AD7: KAB. TULUNGAGUNG | AE7: =M7 -> 209.8322 | AF7: =N7 -> 79.173166 | AG7: =SUM(AE7:AF7) -> 289.00536 | AH7: 04 | AI7: KAB. TULUNGAGUNG | AJ7: =AQ7+AX7 -> 806.29884 | AK7: =AR7+AY7 -> 344.73214 | AL7: =AS7+AZ7 -> 7.4213705 | AM7: =AT7+BA7 -> 6.2528786 | AN7: =SUM(AJ7:AM7) -> 1164.7052 | AO7: 04 | AP7: KAB. TULUNGAGUNG | AQ7: =BE7+BL7+BS7+BZ7+CG7+CN7+CU7+DB7+DI7+DP7 -> 580.72325 | AR7: =BF7+BM7+BT7+CA7+CH7+CO7+CV7+DC7+DJ7+DQ7 -> 287.59709 | AS7: =BG7+BN7+BU7+CB7+CI7+CP7+CW7+DD7+DK7+DR7 -> 7.3795266 | AT7: =BH7+BO7+BV7+CC7+CJ7+CQ7+CX7+DE7+DL7+DS7 -> 0 | AU7: =SUM(AQ7:AT7) -> 875.69987 | AV7: 04 | AW7: KAB. TULUNGAGUNG | AX7: =DW7+ED7 -> 225.57559 | AY7: =DX7+EE7 -> 57.135047 | AZ7: =DY7+EF7 -> 0.041843866 | BA7: =DZ7+EG7 -> 6.2528786 | BB7: =SUM(AX7:BA7) -> 289.00536 | BC7: 04 | BD7: KAB. TULUNGAGUNG | BE7: 0 | BF7: 0 | BG7: 0 | BH7: 0 | BI7: 0 | BJ7: 04 | BK7: KAB. TULUNGAGUNG | BL7: 33.601364 | BM7: 0 | BN7: 0 | BO7: 0 | BP7: 33.601364 | BQ7: 04 | BR7: KAB. TULUNGAGUNG | BS7: 2.067553 | BT7: 14.432886 | BU7: 2.067553 | BV7: 0 | BW7: 18.567992 | BX7: 04 | BY7: KAB. TULUNGAGUNG | BZ7: 39.163205 | CA7: 15.595502 | CB7: 0 | CC7: 0 | CD7: 54.758707 | CE7: 04 | CF7: KAB. TULUNGAGUNG | CG7: 26.598 | CH7: 5.7170088 | CI7: 0.041843866 | CJ7: 0 | CK7: 32.356852 | CL7: 04 | CM7: KAB. TULUNGAGUNG | CN7: 0 | CO7: 0 | CP7: 0 | CQ7: 0 | CR7: 0 | CS7: 04 | CT7: KAB. TULUNGAGUNG | CU7: 407.84221 | CV7: 221.90693 | CW7: 5.2701297 | CX7: 0 | CY7: 635.01927 | CZ7: 04 | DA7: KAB. TULUNGAGUNG | DB7: 33.41379 | DC7: 0 | DD7: 0 | DE7: 0 | DF7: 33.41379 | DG7: 04 | DH7: KAB. TULUNGAGUNG | DI7: 0 | DJ7: 0 | DK7: 0 | DL7: 0 | DM7: 0 | DN7: 04 | DO7: KAB. TULUNGAGUNG | DP7: 38.037131 | DQ7: 29.944766 | DR7: 0 | DS7: 0 | DT7: 67.981898 | DU7: 04 | DV7: KAB. TULUNGAGUNG | DW7: 71.750184 | DX7: 7.3811381 | DY7: 0.041843866 | DZ7: 0 | EA7: 79.173166 | EB7: 04 | EC7: KAB. TULUNGAGUNG | ED7: 153.82541 | EE7: 49.753909 | EF7: 0 | EG7: 6.2528786 | EH7: 209.8322
A8: 05 | B8: KAB. BLITAR | C8: =BI8 -> 0 | D8: =BP8 -> 3.8416242 | E8: =BW8 -> 0 | F8: =CD8 -> 0 | G8: =CK8 -> 5.1427463 | H8: =CR8 -> 0 | I8: =CY8 -> 82.964868 | J8: =DM8 -> 30.82511 | K8: =DF8 -> 0 | L8: =DT8 -> 18.48757 | M8: =EH8 -> 388.96972 | N8: =EA8 -> 88.231812 | O8: =SUM(C8:N8) -> 618.46345 | P8: 05 | Q8: KAB. BLITAR | R8: =C8 -> 0 | S8: =D8 -> 3.8416242 | T8: =E8 -> 0 | U8: =F8 -> 0 | V8: =G8 -> 5.1427463 | W8: =H8 -> 0 | X8: =I8 -> 82.964868 | Y8: =J8 -> 30.82511 | ... AA8: =L8 -> 18.48757 | AB8: =SUM(R8:AA8) -> 141.26192 | AC8: 05 | AD8: KAB. BLITAR | AE8: =M8 -> 388.96972 | AF8: =N8 -> 88.231812 | AG8: =SUM(AE8:AF8) -> 477.20154 | AH8: 05 | AI8: KAB. BLITAR | AJ8: =AQ8+AX8 -> 483.4339 | AK8: =AR8+AY8 -> 119.08822 | AL8: =AS8+AZ8 -> 15.941332 | AM8: =AT8+BA8 -> 0 | AN8: =SUM(AJ8:AM8) -> 618.46345 | AO8: 05 | AP8: KAB. BLITAR | AQ8: =BE8+BL8+BS8+BZ8+CG8+CN8+CU8+DB8+DI8+DP8 -> 67.117363 | AR8: =BF8+BM8+BT8+CA8+CH8+CO8+CV8+DC8+DJ8+DQ8 -> 62.285902 | AS8: =BG8+BN8+BU8+CB8+CI8+CP8+CW8+DD8+DK8+DR8 -> 11.858653 | AT8: =BH8+BO8+BV8+CC8+CJ8+CQ8+CX8+DE8+DL8+DS8 -> 0 | AU8: =SUM(AQ8:AT8) -> 141.26192 | AV8: 05 | AW8: KAB. BLITAR | AX8: =DW8+ED8 -> 416.31654 | AY8: =DX8+EE8 -> 56.802316 | AZ8: =DY8+EF8 -> 4.0826783 | BA8: =DZ8+EG8 -> 0 | BB8: =SUM(AX8:BA8) -> 477.20154 | BC8: 05 | BD8: KAB. BLITAR | BE8: 0 | BF8: 0 | BG8: 0 | BH8: 0 | BI8: 0 | BJ8: 05 | BK8: KAB. BLITAR | BL8: 0 | BM8: 0.041843866 | BN8: 3.7997804 | BO8: 0 | BP8: 3.8416242 | BQ8: 05 | BR8: KAB. BLITAR | BS8: 0 | BT8: 0 | BU8: 0 | BV8: 0 | BW8: 0 | BX8: 05 | BY8: KAB. BLITAR | BZ8: 0 | CA8: 0 | CB8: 0 | CC8: 0 | CD8: 0 | CE8: 05 | CF8: KAB. BLITAR | CG8: 4.1009024 | CH8: 1.0418439 | CI8: 0 | CJ8: 0 | CK8: 5.1427463 | CL8: 05 | CM8: KAB. BLITAR | CN8: 0 | CO8: 0 | CP8: 0 | CQ8: 0 | CR8: 0 | CS8: 05 | CT8: KAB. BLITAR | CU8: 34.637969 | CV8: 48.326899 | CW8: 0 | CX8: 0 | CY8: 82.964868 | CZ8: 05 | DA8: KAB. BLITAR | DB8: 0 | DC8: 0 | DD8: 0 | DE8: 0 | DF8: 0 | DG8: 05 | DH8: KAB. BLITAR | DI8: 22.766237 | DJ8: 0 | DK8: 8.0588731 | DL8: 0 | DM8: 30.82511 | DN8: 05 | DO8: KAB. BLITAR | DP8: 5.6122547 | DQ8: 12.875315 | DR8: 0 | DS8: 0 | DT8: 18.48757 | DU8: 05 | DV8: KAB. BLITAR | DW8: 63.513398 | DX8: 22.677074 | DY8: 2.0413391 | DZ8: 0 | EA8: 88.231812 | EB8: 05 | EC8: KAB. BLITAR | ED8: 352.80314 | EE8: 34.125242 | EF8: 2.0413391 | EG8: 0 | EH8: 388.96972
A9: 06 | B9: KAB. KEDIRI | C9: =BI9 -> 0 | D9: =BP9 -> 14.244808 | E9: =BW9 -> 0 | F9: =CD9 -> 0 | G9: =CK9 -> 0.041843866 | H9: =CR9 -> 0 | I9: =CY9 -> 5.4355373 | J9: =DM9 -> 8.1425608 | K9: =DF9 -> 0 | L9: =DT9 -> 53.775636 | M9: =EH9 -> 1192.9311 | N9: =EA9 -> 24.783924 | O9: =SUM(C9:N9) -> 1299.3554 | P9: 06 | Q9: KAB. KEDIRI | R9: =C9 -> 0 | S9: =D9 -> 14.244808 | T9: =E9 -> 0 | U9: =F9 -> 0 | V9: =G9 -> 0.041843866 | W9: =H9 -> 0 | X9: =I9 -> 5.4355373 | Y9: =J9 -> 8.1425608 | ... AA9: =L9 -> 53.775636 | AB9: =SUM(R9:AA9) -> 81.640386 | AC9: 06 | AD9: KAB. KEDIRI | AE9: =M9 -> 1192.9311 | AF9: =N9 -> 24.783924 | AG9: =SUM(AE9:AF9) -> 1217.715 | AH9: 06 | AI9: KAB. KEDIRI | AJ9: =AQ9+AX9 -> 1153.3038 | AK9: =AR9+AY9 -> 146.05157 | AL9: =AS9+AZ9 -> 0 | AM9: =AT9+BA9 -> 0 | AN9: =SUM(AJ9:AM9) -> 1299.3554 | AO9: 06 | AP9: KAB. KEDIRI | AQ9: =BE9+BL9+BS9+BZ9+CG9+CN9+CU9+DB9+DI9+DP9 -> 35.176086 | AR9: =BF9+BM9+BT9+CA9+CH9+CO9+CV9+DC9+DJ9+DQ9 -> 46.4643 | AS9: =BG9+BN9+BU9+CB9+CI9+CP9+CW9+DD9+DK9+DR9 -> 0 | AT9: =BH9+BO9+BV9+CC9+CJ9+CQ9+CX9+DE9+DL9+DS9 -> 0 | AU9: =SUM(AQ9:AT9) -> 81.640386 | AV9: 06 | AW9: KAB. KEDIRI | AX9: =DW9+ED9 -> 1118.1277 | AY9: =DX9+EE9 -> 99.587275 | AZ9: =DY9+EF9 -> 0 | BA9: =DZ9+EG9 -> 0 | BB9: =SUM(AX9:BA9) -> 1217.715 | BC9: 06 | BD9: KAB. KEDIRI | BE9: 0 | BF9: 0 | BG9: 0 | BH9: 0 | BI9: 0 | BJ9: 06 | BK9: KAB. KEDIRI | BL9: 10.952405 | BM9: 3.2924023 | BN9: 0 | BO9: 0 | BP9: 14.244808 | BQ9: 06 | BR9: KAB. KEDIRI | BS9: 0 | BT9: 0 | BU9: 0 | BV9: 0 | BW9: 0 | BX9: 06 | BY9: KAB. KEDIRI | BZ9: 0 | CA9: 0 | CB9: 0 | CC9: 0 | CD9: 0 | CE9: 06 | CF9: KAB. KEDIRI | CG9: 0.041843866 | CH9: 0 | CI9: 0 | CJ9: 0 | CK9: 0.041843866 | CL9: 06 | CM9: KAB. KEDIRI | CN9: 0 | CO9: 0 | CP9: 0 | CQ9: 0 | CR9: 0 | CS9: 06 | CT9: KAB. KEDIRI | CU9: 4.3518496 | CV9: 1.0836877 | CW9: 0 | CX9: 0 | CY9: 5.4355373 | CZ9: 06 | DA9: KAB. KEDIRI | DB9: 0 | DC9: 0 | DD9: 0 | DE9: 0 | DF9: 0 | DG9: 06 | DH9: KAB. KEDIRI | DI9: 0 | DJ9: 8.1425608 | DK9: 0 | DL9: 0 | DM9: 8.1425608 | DN9: 06 | DO9: KAB. KEDIRI | DP9: 19.829988 | DQ9: 33.945649 | DR9: 0 | DS9: 0 | DT9: 53.775636 | DU9: 06 | DV9: KAB. KEDIRI | DW9: 16.489503 | DX9: 8.2944215 | DY9: 0 | DZ9: 0 | EA9: 24.783924 | EB9: 06 | EC9: KAB. KEDIRI | ED9: 1101.6382 | EE9: 91.292854 | EF9: 0 | EG9: 0 | EH9: 1192.9311
A10: 07 | B10: KAB. MALANG | C10: =BI10 -> 0.041843866 | D10: =BP10 -> 8.8039605 | E10: =BW10 -> 11.307355 | F10: =CD10 -> 131.76746 | G10: =CK10 -> 6.2962026 | H10: =CR10 -> 0 | I10: =CY10 -> 17.161941 | J10: =DM10 -> 11.424962 | K10: =DF10 -> 8.6097994 | L10: =DT10 -> 21.546803 | M10: =EH10 -> 311.30181 | N10: =EA10 -> 30.786482 | O10: =SUM(C10:N10) -> 559.04862 | P10: 07 | Q10: KAB. MALANG | R10: =C10 -> 0.041843866 | S10: =D10 -> 8.8039605 | T10: =E10 -> 11.307355 | U10: =F10 -> 131.76746 | V10: =G10 -> 6.2962026 | W10: =H10 -> 0 | X10: =I10 -> 17.161941 | Y10: =J10 -> 11.424962 | ... AA10: =L10 -> 21.546803 | AB10: =SUM(R10:AA10) -> 216.96032 | AC10: 07 | AD10: KAB. MALANG | AE10: =M10 -> 311.30181 | AF10: =N10 -> 30.786482 | AG10: =SUM(AE10:AF10) -> 342.0883 | AH10: 07 | AI10: KAB. MALANG | AJ10: =AQ10+AX10 -> 512.5179 | AK10: =AR10+AY10 -> 29.667661 | AL10: =AS10+AZ10 -> 8.5005906 | AM10: =AT10+BA10 -> 8.3624714 | AN10: =SUM(AJ10:AM10) -> 559.04862 | AO10: 07 | AP10: KAB. MALANG | AQ10: =BE10+BL10+BS10+BZ10+CG10+CN10+CU10+DB10+DI10+DP10 -> 182.6461 | AR10: =BF10+BM10+BT10+CA10+CH10+CO10+CV10+DC10+DJ10+DQ10 -> 20.618535 | AS10: =BG10+BN10+BU10+CB10+CI10+CP10+CW10+DD10+DK10+DR10 -> 6.375059 | AT10: =BH10+BO10+BV10+CC10+CJ10+CQ10+CX10+DE10+DL10+DS10 -> 7.3206276 | AU10: =SUM(AQ10:AT10) -> 216.96032 | AV10: 07 | AW10: KAB. MALANG | AX10: =DW10+ED10 -> 329.87179 | AY10: =DX10+EE10 -> 9.0491255 | AZ10: =DY10+EF10 -> 2.1255316 | BA10: =DZ10+EG10 -> 1.0418439 | BB10: =SUM(AX10:BA10) -> 342.0883 | BC10: 07 | BD10: KAB. MALANG | BE10: 0.041843866 | BF10: 0 | BG10: 0 | BH10: 0 | BI10: 0.041843866 | BJ10: 07 | BK10: KAB. MALANG | BL10: 7.7621166 | BM10: 1.0418439 | BN10: 0 | BO10: 0 | BP10: 8.8039605 | BQ10: 07 | BR10: KAB. MALANG | BS10: 4.0909116 | BT10: 1.0418439 | BU10: 0 | BV10: 6.1745993 | BW10: 11.307355 | BX10: 07 | BY10: KAB. MALANG | BZ10: 122.6768 | CA10: 9.0906579 | CB10: 0 | CC10: 0 | CD10: 131.76746 | CE10: 07 | CF10: KAB. MALANG | CG10: 6.2962026 | CH10: 0 | CI10: 0 | CJ10: 0 | CK10: 6.2962026 | CL10: 07 | CM10: KAB. MALANG | CN10: 0 | CO10: 0 | CP10: 0 | CQ10: 0 | CR10: 0 | CS10: 07 | CT10: KAB. MALANG | CU10: 10.786882 | CV10: 0 | CW10: 6.375059 | CX10: 0 | CY10: 17.161941 | CZ10: 07 | DA10: KAB. MALANG | DB10: 8.6097994 | DC10: 0 | DD10: 0 | DE10: 0 | DF10: 8.6097994 | DG10: 07 | DH10: KAB. MALANG | DI10: 11.383118 | DJ10: 0.041843866 | DK10: 0 | DL10: 0 | DM10: 11.424962 | DN10: 07 | DO10: KAB. MALANG | DP10: 10.998429 | DQ10: 9.4023459 | DR10: 0 | DS10: 1.1460283 | DT10: 21.546803 | DU10: 07 | DV10: KAB. MALANG | DW10: 22.448702 | DX10: 5.1704043 | DY10: 2.1255316 | DZ10: 1.0418439 | EA10: 30.786482 | EB10: 07 | EC10: KAB. MALANG | ED10: 307.42309 | EE10: 3.8787212 | EF10: 0 | EG10: 0 | EH10: 311.30181
A11: 08 | B11: KAB. LUMAJANG | C11: =BI11 -> 6.6609683 | D11: =BP11 -> 9.2436045 | E11: =BW11 -> 0 | F11: =CD11 -> 105.72373 | G11: =CK11 -> 0 | H11: =CR11 -> 0 | I11: =CY11 -> 25.536361 | J11: =DM11 -> 19.465278 | K11: =DF11 -> 0 | L11: =DT11 -> 37.273111 | M11: =EH11 -> 289.30286 | N11: =EA11 -> 35.447344 | O11: =SUM(C11:N11) -> 528.65326 | P11: 08 | Q11: KAB. LUMAJANG | R11: =C11 -> 6.6609683 | S11: =D11 -> 9.2436045 | T11: =E11 -> 0 | U11: =F11 -> 105.72373 | V11: =G11 -> 0 | W11: =H11 -> 0 | X11: =I11 -> 25.536361 | Y11: =J11 -> 19.465278 | ... AA11: =L11 -> 37.273111 | AB11: =SUM(R11:AA11) -> 203.90306 | AC11: 08 | AD11: KAB. LUMAJANG | AE11: =M11 -> 289.30286 | AF11: =N11 -> 35.447344 | AG11: =SUM(AE11:AF11) -> 324.7502 | AH11: 08 | AI11: KAB. LUMAJANG | AJ11: =AQ11+AX11 -> 383.81864 | AK11: =AR11+AY11 -> 141.22566 | AL11: =AS11+AZ11 -> 3.6089597 | AM11: =AT11+BA11 -> 0 | AN11: =SUM(AJ11:AM11) -> 528.65326 | AO11: 08 | AP11: KAB. LUMAJANG | AQ11: =BE11+BL11+BS11+BZ11+CG11+CN11+CU11+DB11+DI11+DP11 -> 98.165125 | AR11: =BF11+BM11+BT11+CA11+CH11+CO11+CV11+DC11+DJ11+DQ11 -> 105.73793 | AS11: =BG11+BN11+BU11+CB11+CI11+CP11+CW11+DD11+DK11+DR11 -> 0 | AT11: =BH11+BO11+BV11+CC11+CJ11+CQ11+CX11+DE11+DL11+DS11 -> 0 | AU11: =SUM(AQ11:AT11) -> 203.90306 | AV11: 08 | AW11: KAB. LUMAJANG | AX11: =DW11+ED11 -> 285.65352 | AY11: =DX11+EE11 -> 35.487729 | AZ11: =DY11+EF11 -> 3.6089597 | BA11: =DZ11+EG11 -> 0 | BB11: =SUM(AX11:BA11) -> 324.7502 | BC11: 08 | BD11: KAB. LUMAJANG | BE11: 6.6609683 | BF11: 0 | BG11: 0 | BH11: 0 | BI11: 6.6609683 | BJ11: 08 | BK11: KAB. LUMAJANG | BL11: 5.4438241 | BM11: 3.7997804 | BN11: 0 | BO11: 0 | BP11: 9.2436045 | BQ11: 08 | BR11: KAB. LUMAJANG | BS11: 0 | BT11: 0 | BU11: 0 | BV11: 0 | BW11: 0 | BX11: 08 | BY11: KAB. LUMAJANG | BZ11: 26.662538 | CA11: 79.061196 | CB11: 0 | CC11: 0 | CD11: 105.72373 | CE11: 08 | CF11: KAB. LUMAJANG | CG11: 0 | CH11: 0 | CI11: 0 | CJ11: 0 | CK11: 0 | CL11: 08 | CM11: KAB. LUMAJANG | CN11: 0 | CO11: 0 | CP11: 0 | CQ11: 0 | CR11: 0 | CS11: 08 | CT11: KAB. LUMAJANG | CU11: 14.996101 | CV11: 10.540259 | CW11: 0 | CX11: 0 | CY11: 25.536361 | CZ11: 08 | DA11: KAB. LUMAJANG | DB11: 0 | DC11: 0 | DD11: 0 | DE11: 0 | DF11: 0 | DG11: 08 | DH11: KAB. LUMAJANG | DI11: 11.406405 | DJ11: 8.0588731 | DK11: 0 | DL11: 0 | DM11: 19.465278 | DN11: 08 | DO11: KAB. LUMAJANG | DP11: 32.995288 | DQ11: 4.2778237 | DR11: 0 | DS11: 0 | DT11: 37.273111 | DU11: 08 | DV11: KAB. LUMAJANG | DW11: 28.773347 | DX11: 3.0650374 | DY11: 3.6089597 | DZ11: 0 | EA11: 35.447344 | EB11: 08 | EC11: KAB. LUMAJANG | ED11: 256.88017 | EE11: 32.422691 | EF11: 0 | EG11: 0 | EH11: 289.30286
A12: 09 | B12: KAB. JEMBER | C12: =BI12 -> 35.733878 | D12: =BP12 -> 0.041843866 | E12: =BW12 -> 0 | F12: =CD12 -> 229.8648 | G12: =CK12 -> 46.337663 | H12: =CR12 -> 0 | I12: =CY12 -> 110.91902 | J12: =DM12 -> 0.041843866 | K12: =DF12 -> 85.140965 | L12: =DT12 -> 49.139408 | M12: =EH12 -> 294.48827 | N12: =EA12 -> 62.68096 | O12: =SUM(C12:N12) -> 914.38866 | P12: 09 | Q12: KAB. JEMBER | R12: =C12 -> 35.733878 | S12: =D12 -> 0.041843866 | T12: =E12 -> 0 | U12: =F12 -> 229.8648 | V12: =G12 -> 46.337663 | W12: =H12 -> 0 | X12: =I12 -> 110.91902 | Y12: =J12 -> 0.041843866 | ... AA12: =L12 -> 49.139408 | AB12: =SUM(R12:AA12) -> 557.21943 | AC12: 09 | AD12: KAB. JEMBER | AE12: =M12 -> 294.48827 | AF12: =N12 -> 62.68096 | AG12: =SUM(AE12:AF12) -> 357.16923 | AH12: 09 | AI12: KAB. JEMBER | AJ12: =AQ12+AX12 -> 562.8379 | AK12: =AR12+AY12 -> 303.94598 | AL12: =AS12+AZ12 -> 47.562924 | AM12: =AT12+BA12 -> 0.041843866 | AN12: =SUM(AJ12:AM12) -> 914.38866 | AO12: 09 | AP12: KAB. JEMBER | AQ12: =BE12+BL12+BS12+BZ12+CG12+CN12+CU12+DB12+DI12+DP12 -> 271.90556 | AR12: =BF12+BM12+BT12+CA12+CH12+CO12+CV12+DC12+DJ12+DQ12 -> 256.41893 | AS12: =BG12+BN12+BU12+CB12+CI12+CP12+CW12+DD12+DK12+DR12 -> 28.894937 | AT12: =BH12+BO12+BV12+CC12+CJ12+CQ12+CX12+DE12+DL12+DS12 -> 0 | AU12: =SUM(AQ12:AT12) -> 557.21943 | AV12: 09 | AW12: KAB. JEMBER | AX12: =DW12+ED12 -> 290.93235 | AY12: =DX12+EE12 -> 47.52705 | AZ12: =DY12+EF12 -> 18.667988 | BA12: =DZ12+EG12 -> 0.041843866 | BB12: =SUM(AX12:BA12) -> 357.16923 | BC12: 09 | BD12: KAB. JEMBER | BE12: 31.935928 | BF12: 3.7979494 | BG12: 0 | BH12: 0 | BI12: 35.733878 | BJ12: 09 | BK12: KAB. JEMBER | BL12: 0 | BM12: 0 | BN12: 0.041843866 | BO12: 0 | BP12: 0.041843866 | BQ12: 09 | BR12: KAB. JEMBER | BS12: 0 | BT12: 0 | BU12: 0 | BV12: 0 | BW12: 0 | BX12: 09 | BY12: KAB. JEMBER | BZ12: 82.604166 | CA12: 131.03098 | CB12: 16.22965 | CC12: 0 | CD12: 229.8648 | CE12: 09 | CF12: KAB. JEMBER | CG12: 37.912634 | CH12: 8.4250297 | CI12: 0 | CJ12: 0 | CK12: 46.337663 | CL12: 09 | CM12: KAB. JEMBER | CN12: 0 | CO12: 0 | CP12: 0 | CQ12: 0 | CR12: 0 | CS12: 09 | CT12: KAB. JEMBER | CU12: 22.179201 | CV12: 76.158225 | CW12: 12.581599 | CX12: 0 | CY12: 110.91902 | CZ12: 09 | DA12: KAB. JEMBER | DB12: 72.53842 | DC12: 12.5607 | DD12: 0.041843866 | DE12: 0 | DF12: 85.140965 | DG12: 09 | DH12: KAB. JEMBER | DI12: 0.041843866 | DJ12: 0 | DK12: 0 | DL12: 0 | DM12: 0.041843866 | DN12: 09 | DO12: KAB. JEMBER | DP12: 24.693362 | DQ12: 24.446046 | DR12: 0 | DS12: 0 | DT12: 49.139408 | DU12: 09 | DV12: KAB. JEMBER | DW12: 39.734173 | DX12: 10.360973 | DY12: 12.54397 | DZ12: 0.041843866 | EA12: 62.68096 | EB12: 09 | EC12: KAB. JEMBER | ED12: 251.19818 | EE12: 37.166076 | EF12: 6.1240174 | EG12: 0 | EH12: 294.48827
A13: 10 | B13: KAB. BANYUWANGI | C13: =BI13 -> 0 | D13: =BP13 -> 7.1599167 | E13: =BW13 -> 20.67553 | F13: =CD13 -> 96.646632 | G13: =CK13 -> 7.7342234 | H13: =CR13 -> 12.398889 | I13: =CY13 -> 61.397217 | J13: =DM13 -> 110.3221 | K13: =DF13 -> 74.337668 | L13: =DT13 -> 284.54839 | M13: =EH13 -> 1370.1907 | N13: =EA13 -> 50.765909 | O13: =SUM(C13:N13) -> 2096.1771 | P13: 10 | Q13: KAB. BANYUWANGI | R13: =C13 -> 0 | S13: =D13 -> 7.1599167 | T13: =E13 -> 20.67553 | U13: =F13 -> 96.646632 | V13: =G13 -> 7.7342234 | W13: =H13 -> 12.398889 | X13: =I13 -> 61.397217 | Y13: =J13 -> 110.3221 | ... AA13: =L13 -> 284.54839 | AB13: =SUM(R13:AA13) -> 675.22056 | AC13: 10 | AD13: KAB. BANYUWANGI | AE13: =M13 -> 1370.1907 | AF13: =N13 -> 50.765909 | AG13: =SUM(AE13:AF13) -> 1420.9566 | AH13: 10 | AI13: KAB. BANYUWANGI | AJ13: =AQ13+AX13 -> 1808.7114 | AK13: =AR13+AY13 -> 104.13306 | AL13: =AS13+AZ13 -> 30.265766 | AM13: =AT13+BA13 -> 153.06689 | AN13: =SUM(AJ13:AM13) -> 2096.1771 | AO13: 10 | AP13: KAB. BANYUWANGI | AQ13: =BE13+BL13+BS13+BZ13+CG13+CN13+CU13+DB13+DI13+DP13 -> 448.55789 | AR13: =BF13+BM13+BT13+CA13+CH13+CO13+CV13+DC13+DJ13+DQ13 -> 49.581085 | AS13: =BG13+BN13+BU13+CB13+CI13+CP13+CW13+DD13+DK13+DR13 -> 30.265766 | AT13: =BH13+BO13+BV13+CC13+CJ13+CQ13+CX13+DE13+DL13+DS13 -> 146.81583 | AU13: =SUM(AQ13:AT13) -> 675.22056 | AV13: 10 | AW13: KAB. BANYUWANGI | AX13: =DW13+ED13 -> 1360.1535 | AY13: =DX13+EE13 -> 54.551971 | AZ13: =DY13+EF13 -> 0 | BA13: =DZ13+EG13 -> 6.2510632 | BB13: =SUM(AX13:BA13) -> 1420.9566 | BC13: 10 | BD13: KAB. BANYUWANGI | BE13: 0 | BF13: 0 | BG13: 0 | BH13: 0 | BI13: 0 | BJ13: 10 | BK13: KAB. BANYUWANGI | BL13: 3.3601364 | BM13: 0 | BN13: 0 | BO13: 3.7997804 | BP13: 7.1599167 | BQ13: 10 | BR13: KAB. BANYUWANGI | BS13: 0 | BT13: 1.0337765 | BU13: 3.1013295 | BV13: 16.540424 | BW13: 20.67553 | BX13: 10 | BY13: KAB. BANYUWANGI | BZ13: 49.914376 | CA13: 23.339004 | CB13: 0 | CC13: 23.393253 | CD13: 96.646632 | CE13: 10 | CF13: KAB. BANYUWANGI | CG13: 3.0590585 | CH13: 4.6751649 | CI13: 0 | CJ13: 0 | CK13: 7.7342234 | CL13: 10 | CM13: KAB. BANYUWANGI | CN13: 0 | CO13: 0 | CP13: 5.011269 | CQ13: 7.3876201 | CR13: 12.398889 | CS13: 10 | CT13: KAB. BANYUWANGI | CU13: 59.271685 | CV13: 2.1255316 | CW13: 0 | CX13: 0 | CY13: 61.397217 | CZ13: 10 | DA13: KAB. BANYUWANGI | DB13: 41.191974 | DC13: 12.004253 | DD13: 14.094294 | DE13: 7.047147 | DF13: 74.337668 | DG13: 10 | DH13: KAB. BANYUWANGI | DI13: 11.531937 | DJ13: 2.0836877 | DK13: 8.0588731 | DL13: 88.647604 | DM13: 110.3221 | DN13: 10 | DO13: KAB. BANYUWANGI | DP13: 280.22872 | DQ13: 4.3196676 | DR13: 0 | DS13: 0 | DT13: 284.54839 | DU13: 10 | DV13: KAB. BANYUWANGI | DW13: 43.473002 | DX13: 1.0418439 | DY13: 0 | DZ13: 6.2510632 | EA13: 50.765909 | EB13: 10 | EC13: KAB. BANYUWANGI | ED13: 1316.6805 | EE13: 53.510127 | EF13: 0 | EG13: 0 | EH13: 1370.1907
A14: 11 | B14: KAB. BONDOWOSO | C14: =BI14 -> 0 | D14: =BP14 -> 6.7202727 | E14: =BW14 -> 0 | F14: =CD14 -> 4.8505694 | G14: =CK14 -> 0 | H14: =CR14 -> 0 | I14: =CY14 -> 0.041843866 | J14: =DM14 -> 0 | K14: =DF14 -> 0 | L14: =DT14 -> 39.608104 | M14: =EH14 -> 822.86793 | N14: =EA14 -> 31.358623 | O14: =SUM(C14:N14) -> 905.44734 | P14: 11 | Q14: KAB. BONDOWOSO | R14: =C14 -> 0 | S14: =D14 -> 6.7202727 | T14: =E14 -> 0 | U14: =F14 -> 4.8505694 | V14: =G14 -> 0 | W14: =H14 -> 0 | X14: =I14 -> 0.041843866 | Y14: =J14 -> 0 | ... AA14: =L14 -> 39.608104 | AB14: =SUM(R14:AA14) -> 51.22079 | AC14: 11 | AD14: KAB. BONDOWOSO | AE14: =M14 -> 822.86793 | AF14: =N14 -> 31.358623 | AG14: =SUM(AE14:AF14) -> 854.22655 | AH14: 11 | AI14: KAB. BONDOWOSO | AJ14: =AQ14+AX14 -> 905.44734 | AK14: =AR14+AY14 -> 0 | AL14: =AS14+AZ14 -> 0 | AM14: =AT14+BA14 -> 0 | AN14: =SUM(AJ14:AM14) -> 905.44734 | AO14: 11 | AP14: KAB. BONDOWOSO | AQ14: =BE14+BL14+BS14+BZ14+CG14+CN14+CU14+DB14+DI14+DP14 -> 51.22079 | AR14: =BF14+BM14+BT14+CA14+CH14+CO14+CV14+DC14+DJ14+DQ14 -> 0 | AS14: =BG14+BN14+BU14+CB14+CI14+CP14+CW14+DD14+DK14+DR14 -> 0 | AT14: =BH14+BO14+BV14+CC14+CJ14+CQ14+CX14+DE14+DL14+DS14 -> 0 | AU14: =SUM(AQ14:AT14) -> 51.22079 | AV14: 11 | AW14: KAB. BONDOWOSO | AX14: =DW14+ED14 -> 854.22655 | AY14: =DX14+EE14 -> 0 | AZ14: =DY14+EF14 -> 0 | BA14: =DZ14+EG14 -> 0 | BB14: =SUM(AX14:BA14) -> 854.22655 | BC14: 11 | BD14: KAB. BONDOWOSO | BE14: 0 | BF14: 0 | BG14: 0 | BH14: 0 | BI14: 0 | BJ14: 11 | BK14: KAB. BONDOWOSO | BL14: 6.7202727 | BM14: 0 | BN14: 0 | BO14: 0 | BP14: 6.7202727 | BQ14: 11 | BR14: KAB. BONDOWOSO | BS14: 0 | BT14: 0 | BU14: 0 | BV14: 0 | BW14: 0 | BX14: 11 | BY14: KAB. BONDOWOSO | BZ14: 4.8505694 | CA14: 0 | CB14: 0 | CC14: 0 | CD14: 4.8505694 | CE14: 11 | CF14: KAB. BONDOWOSO | CG14: 0 | CH14: 0 | CI14: 0 | CJ14: 0 | CK14: 0 | CL14: 11 | CM14: KAB. BONDOWOSO | CN14: 0 | CO14: 0 | CP14: 0 | CQ14: 0 | CR14: 0 | CS14: 11 | CT14: KAB. BONDOWOSO | CU14: 0.041843866 | CV14: 0 | CW14: 0 | CX14: 0 | CY14: 0.041843866 | CZ14: 11 | DA14: KAB. BONDOWOSO | DB14: 0 | DC14: 0 | DD14: 0 | DE14: 0 | DF14: 0 | DG14: 11 | DH14: KAB. BONDOWOSO | DI14: 0 | DJ14: 0 | DK14: 0 | DL14: 0 | DM14: 0 | DN14: 11 | DO14: KAB. BONDOWOSO | DP14: 39.608104 | DQ14: 0 | DR14: 0 | DS14: 0 | DT14: 39.608104 | DU14: 11 | DV14: KAB. BONDOWOSO | DW14: 31.358623 | DX14: 0 | DY14: 0 | DZ14: 0 | EA14: 31.358623 | EB14: 11 | EC14: KAB. BONDOWOSO | ED14: 822.86793 | EE14: 0 | EF14: 0 | EG14: 0 | EH14: 822.86793
A15: 12 | B15: KAB. SITUBONDO | C15: =BI15 -> 0 | D15: =BP15 -> 0 | E15: =BW15 -> 3.1013295 | F15: =CD15 -> 92.893063 | G15: =CK15 -> 10.175116 | H15: =CR15 -> 0 | I15: =CY15 -> 0 | J15: =DM15 -> 21.770966 | K15: =DF15 -> 214.51783 | L15: =DT15 -> 18.817941 | M15: =EH15 -> 390.03586 | N15: =EA15 -> 152.60252 | O15: =SUM(C15:N15) -> 903.91462 | P15: 12 | Q15: KAB. SITUBONDO | R15: =C15 -> 0 | S15: =D15 -> 0 | T15: =E15 -> 3.1013295 | U15: =F15 -> 92.893063 | V15: =G15 -> 10.175116 | W15: =H15 -> 0 | X15: =I15 -> 0 | Y15: =J15 -> 21.770966 | ... AA15: =L15 -> 18.817941 | AB15: =SUM(R15:AA15) -> 361.27625 | AC15: 12 | AD15: KAB. SITUBONDO | AE15: =M15 -> 390.03586 | AF15: =N15 -> 152.60252 | AG15: =SUM(AE15:AF15) -> 542.63837 | AH15: 12 | AI15: KAB. SITUBONDO | AJ15: =AQ15+AX15 -> 342.63771 | AK15: =AR15+AY15 -> 546.51864 | AL15: =AS15+AZ15 -> 9.5732572 | AM15: =AT15+BA15 -> 5.1850172 | AN15: =SUM(AJ15:AM15) -> 903.91462 | AO15: 12 | AP15: KAB. SITUBONDO | AQ15: =BE15+BL15+BS15+BZ15+CG15+CN15+CU15+DB15+DI15+DP15 -> 197.49997 | AR15: =BF15+BM15+BT15+CA15+CH15+CO15+CV15+DC15+DJ15+DQ15 -> 155.26907 | AS15: =BG15+BN15+BU15+CB15+CI15+CP15+CW15+DD15+DK15+DR15 -> 5.4058818 | AT15: =BH15+BO15+BV15+CC15+CJ15+CQ15+CX15+DE15+DL15+DS15 -> 3.1013295 | AU15: =SUM(AQ15:AT15) -> 361.27625 | AV15: 12 | AW15: KAB. SITUBONDO | AX15: =DW15+ED15 -> 145.13774 | AY15: =DX15+EE15 -> 391.24957 | AZ15: =DY15+EF15 -> 4.1673755 | BA15: =DZ15+EG15 -> 2.0836877 | BB15: =SUM(AX15:BA15) -> 542.63837 | BC15: 12 | BD15: KAB. SITUBONDO | BE15: 0 | BF15: 0 | BG15: 0 | BH15: 0 | BI15: 0 | BJ15: 12 | BK15: KAB. SITUBONDO | BL15: 0 | BM15: 0 | BN15: 0 | BO15: 0 | BP15: 0 | BQ15: 12 | BR15: KAB. SITUBONDO | BS15: 0 | BT15: 0 | BU15: 0 | BV15: 3.1013295 | BW15: 3.1013295 | BX15: 12 | BY15: KAB. SITUBONDO | BZ15: 60.086114 | CA15: 32.59773 | CB15: 0.20921933 | CC15: 0 | CD15: 92.893063 | CE15: 12 | CF15: KAB. SITUBONDO | CG15: 8.0688586 | CH15: 2.1062574 | CI15: 0 | CJ15: 0 | CK15: 10.175116 | CL15: 12 | CM15: KAB. SITUBONDO | CN15: 0 | CO15: 0 | CP15: 0 | CQ15: 0 | CR15: 0 | CS15: 12 | CT15: KAB. SITUBONDO | CU15: 0 | CV15: 0 | CW15: 0 | CX15: 0 | CY15: 0 | CZ15: 12 | DA15: KAB. SITUBONDO | DB15: 88.756092 | DC15: 120.56508 | DD15: 5.1966624 | DE15: 0 | DF15: 214.51783 | DG15: 12 | DH15: KAB. SITUBONDO | DI15: 21.770966 | DJ15: 0 | DK15: 0 | DL15: 0 | DM15: 21.770966 | DN15: 12 | DO15: KAB. SITUBONDO | DP15: 18.817941 | DQ15: 0 | DR15: 0 | DS15: 0 | DT15: 18.817941 | DU15: 12 | DV15: KAB. SITUBONDO | DW15: 34.348169 | DX15: 112.00328 | DY15: 4.1673755 | DZ15: 2.0836877 | EA15: 152.60252 | EB15: 12 | EC15: KAB. SITUBONDO | ED15: 110.78957 | EE15: 279.24629 | EF15: 0 | EG15: 0 | EH15: 390.03586
... A41: 79 | B41: KOTA BATU | C41: =BI41 -> 0 | D41: =BP41 -> 2.2092193 | E41: =BW41 -> 0 | F41: =CD41 -> 4.8505694 | G41: =CK41 -> 3.1009024 | H41: =CR41 -> 0 | I41: =CY41 -> 0 | J41: =DM41 -> 0 | K41: =DF41 -> 27.844825 | L41: =DT41 -> 58.103924 | M41: =EH41 -> 257.57633 | N41: =EA41 -> 0 | O41: =SUM(C41:N41) -> 353.68577 | P41: 79 | Q41: KOTA BATU | R41: =C41 -> 0 | S41: =D41 -> 2.2092193 | T41: =E41 -> 0 | U41: =F41 -> 4.8505694 | V41: =G41 -> 3.1009024 | W41: =H41 -> 0 | X41: =I41 -> 0 | Y41: =J41 -> 0 | ... AA41: =L41 -> 58.103924 | AB41: =SUM(R41:AA41) -> 96.10944 | AC41: 79 | AD41: KOTA BATU | AE41: =M41 -> 257.57633 | AF41: =N41 -> 0 | AG41: =SUM(AE41:AF41) -> 257.57633 | AH41: 79 | AI41: KOTA BATU | AJ41: =AQ41+AX41 -> 320.41998 | AK41: =AR41+AY41 -> 33.26579 | AL41: =AS41+AZ41 -> 0 | AM41: =AT41+BA41 -> 0 | AN41: =SUM(AJ41:AM41) -> 353.68577 | AO41: 79 | AP41: KOTA BATU | AQ41: =BE41+BL41+BS41+BZ41+CG41+CN41+CU41+DB41+DI41+DP41 -> 87.511948 | AR41: =BF41+BM41+BT41+CA41+CH41+CO41+CV41+DC41+DJ41+DQ41 -> 8.5974913 | AS41: =BG41+BN41+BU41+CB41+CI41+CP41+CW41+DD41+DK41+DR41 -> 0 | AT41: =BH41+BO41+BV41+CC41+CJ41+CQ41+CX41+DE41+DL41+DS41 -> 0 | AU41: =SUM(AQ41:AT41) -> 96.10944 | AV41: 79 | AW41: KOTA BATU | AX41: =DW41+ED41 -> 232.90803 | AY41: =DX41+EE41 -> 24.668299 | AZ41: =DY41+EF41 -> 0 | BA41: =DZ41+EG41 -> 0 | BB41: =SUM(AX41:BA41) -> 257.57633 | BC41: 79 | BD41: KOTA BATU | BE41: 0 | BF41: 0 | BG41: 0 | BH41: 0 | BI41: 0 | BJ41: 79 | BK41: KOTA BATU | BL41: 2.2092193 | BM41: 0 | BN41: 0 | BO41: 0 | BP41: 2.2092193 | BQ41: 79 | BR41: KOTA BATU | BS41: 0 | BT41: 0 | BU41: 0 | BV41: 0 | BW41: 0 | BX41: 79 | BY41: KOTA BATU | BZ41: 4.8505694 | CA41: 0 | CB41: 0 | CC41: 0 | CD41: 4.8505694 | CE41: 79 | CF41: KOTA BATU | CG41: 3.0590585 | CH41: 0.041843866 | CI41: 0 | CJ41: 0 | CK41: 3.1009024 | CL41: 79 | CM41: KOTA BATU | CN41: 0 | CO41: 0 | CP41: 0 | CQ41: 0 | CR41: 0 | CS41: 79 | CT41: KOTA BATU | CU41: 0 | CV41: 0 | CW41: 0 | CX41: 0 | CY41: 0 | CZ41: 79 | DA41: KOTA BATU | DB41: 27.844825 | DC41: 0 | DD41: 0 | DE41: 0 | DF41: 27.844825 | DG41: 79 | DH41: KOTA BATU | DI41: 0 | DJ41: 0 | DK41: 0 | DL41: 0 | DM41: 0 | DN41: 79 | DO41: KOTA BATU | DP41: 49.548276 | DQ41: 8.5556475 | DR41: 0 | DS41: 0 | DT41: 58.103924 | DU41: 79 | DV41: KOTA BATU | DW41: 0 | DX41: 0 | DY41: 0 | DZ41: 0 | EA41: 0 | EB41: 79 | EC41: KOTA BATU | ED41: 232.90803 | EE41: 24.668299 | EF41: 0 | EG41: 0 | EH41: 257.57633
B42: Grand Total | C42: =SUM(C4:C41) -> 269.27677 | D42: =SUM(D4:D41) -> 689.8816 | E42: =SUM(E4:E41) -> 167.58291 | F42: =SUM(F4:F41) -> 2047.3629 | G42: =SUM(G4:G41) -> 606.75368 | H42: =SUM(H4:H41) -> 21.264033 | I42: =SUM(I4:I41) -> 2479.9703 | J42: =SUM(J4:J41) -> 545.34213 | ... O42: =SUM(O4:O41) -> 32420.135 | Q42: Grand Total | R42: =SUM(R4:R41) -> 269.27677 | S42: =SUM(S4:S41) -> 689.8816 | T42: =SUM(T4:T41) -> 167.58291 | U42: =SUM(U4:U41) -> 2047.3629 | V42: =SUM(V4:V41) -> 606.75368 | W42: =SUM(W4:W41) -> 21.264033 | X42: =SUM(X4:X41) -> 2479.9703 | Y42: =SUM(Y4:Y41) -> 545.34213 | ... AB42: =SUM(AB4:AB41) -> 10841.182 | AD42: Grand Total | AE42: =SUM(AE4:AE41) -> 19906.21 | AF42: =SUM(AF4:AF41) -> 1672.7435 | AG42: =SUM(AG4:AG41) -> 21578.953 | AI42: Grand Total | AJ42: =SUM(AJ4:AJ41) -> 26449.072 | AK42: =SUM(AK4:AK41) -> 4914.1461 | AL42: =SUM(AL4:AL41) -> 710.84105 | AM42: =SUM(AM4:AM41) -> 346.07666 | AN42: =SUM(AN4:AN41) -> 32420.135 | AP42: Grand Total | AQ42: =SUM(AQ4:AQ41) -> 6958.3411 | AR42: =SUM(AR4:AR41) -> 3068.7028 | AS42: =SUM(AS4:AS41) -> 502.65366 | AT42: =SUM(AT4:AT41) -> 311.48477 | AU42: =SUM(AU4:AU41) -> 10841.182 | AW42: Grand Total | AX42: =SUM(AX4:AX41) -> 19490.731 | AY42: =SUM(AY4:AY41) -> 1845.4433 | AZ42: =SUM(AZ4:AZ41) -> 208.18739 | BA42: =SUM(BA4:BA41) -> 34.591882 | BB42: =SUM(BB4:BB41) -> 21578.953 | BD42: Grand Total | BE42: 215.35979 | BF42: 40.322094 | BG42: 13.594889 | BH42: 0 | BI42: 269.27677 | BK42: Grand Total | BL42: 475.35057 | BM42: 140.58495 | BN42: 58.746956 | BO42: 15.199122 | BP42: 689.8816 | BR42: Grand Total | BS42: 20.658904 | BT42: 33.070782 | BU42: 45.652034 | BV42: 68.201189 | BW42: 167.58291 | BY42: Grand Total | BZ42: 1045.2106 | CA42: 866.09786 | CB42: 97.065689 | CC42: 38.988754 | CD42: 2047.3629 | CF42: Grand Total | CG42: 449.29776 | CH42: 136.6666 | CI42: 14.665302 | CJ42: 6.1240174 | CK42: 606.75368 | CM42: Grand Total | CN42: 0 | CO42: 0 | CP42: 9.4438411 | CQ42: 11.820192 | CR42: 21.264033 | CT42: Grand Total | CU42: 1738.5958 | CV42: 692.95705 | CW42: 48.417482 | CX42: 0 | CY42: 2479.9703 | DA42: Grand Total | DB42: 1108.7962 | DC42: 653.58885 | DD42: 85.874667 | DE42: 42.282882 | DF42: 1890.5426 | DH42: Grand Total | DI42: 289.54666 | DJ42: 95.404541 | DK42: 47.56671 | DL42: 112.82422 | DM42: 545.34213 | DO42: Grand Total | DP42: 1615.5249 | DQ42: 410.01005 | DR42: 81.626093 | DS42: 16.044396 | DT42: 2123.2054 | DV42: Grand Total | DW42: 1071.8664 | DX42: 423.28264 | DY42: 149.42288 | DZ42: 28.171628 | EA42: 1672.7435 | EC42: Grand Total | ED42: 18418.864 | EE42: 1422.1607 | EF42: 58.76451 | EG42: 6.4202541 | EH42: 19906.21
O43: =AB42+AG42 -> 32420.135 | AJ43: =AJ42*4% -> 1057.9629 | AK43: =AK42*4% -> 196.56584 | AL43: =AL42*4% -> 28.433642 | AM43: =AM42*4% -> 13.843066 | AN43: =O42 -> 32420.135 | AU43: =AB42 -> 10841.182 | BB43: =AG42 -> 21578.953
B47: =A1 -> Tabel 1 Jumlah Unit Usaha Aktif berdasarkan Jenis Kegiatan
B48: =P1 -> Tabel 2 Jumlah Unit Usaha Aktif berdasarkan Jenis Kegiatan Pengolahan
B49: =AC1 -> Tabel 3 Jumlah Unit Usaha Aktif berdasarkan Jenis Kegiatan Pemasaran
B50: =AH1 -> Tabel 4 Jumlah Unit Usaha Aktif berdasarkan Skala Usaha
B51: =AO1 -> Tabel 5 Jumlah Unit Usaha Aktif berdasarkan Skala Usaha pada Kegiatan Pengolahan
B52: =AV1 -> Tabel 6 Jumlah Unit Usaha Aktif berdasarkan Skala Usaha pada Kegiatan Pemasaran
B53: =BC1 -> Tabel 7 Jumlah Unit Usaha Aktif berdasarkan Skala Usaha pada Jenis Kegiatan Fermentasi
B54: =BJ1 -> Tabel 8 Jumlah Unit Usaha Aktif berdasarkan Skala Usaha pada Jenis Kegiatan Pelumatan Daging Ikan
B55: =BQ1 -> Tabel 9 Jumlah Unit Usaha Aktif berdasarkan Skala Usaha pada Jenis Kegiatan Pembekuan
B56: =BX1 -> Tabel 10 Jumlah Unit Usaha Aktif berdasarkan Skala Usaha pada Jenis Kegiatan Pemindangan
B57: =CE1 -> Tabel 11 Jumlah Unit Usaha Aktif berdasarkan Skala Usaha pada Jenis Kegiatan Penanganan Produk Segar
B58: =CL1 -> Tabel 12 Jumlah Unit Usaha Aktif berdasarkan Skala Usaha pada Jenis Kegiatan Pengalengan
B59: =CS1 -> Tabel 13 Jumlah Unit Usaha Aktif berdasarkan Skala Usaha pada Jenis Kegiatan Pengasapan / Pemanggangan
B60: =CZ1 -> Tabel 14 Jumlah Unit Usaha Aktif berdasarkan Skala Usaha pada Jenis Kegiatan Penggaraman / Pengeringan
B61: =DG1 -> Tabel 15 Jumlah Unit Usaha Aktif berdasarkan Skala Usaha pada Jenis Kegiatan Pereduksian/Ekstraksi
B62: =DN1 -> Tabel 16 Jumlah Unit Usaha Aktif berdasarkan Skala Usaha pada Jenis Kegiatan Pengolahan Lainnya
B63: =DU1 -> Tabel 17 Jumlah Unit Usaha Aktif berdasarkan Skala Usaha pada Jenis Kegiatan Pengumpul/Pedagang Besar/Distributor
B64: =EB1 -> Tabel 18 Jumlah Unit Usaha Aktif berdasarkan Skala Usaha pada Jenis Kegiatan Pengecer
A67: No | B67: Jenis Kegiatan | C67: Jumlah (Unit)
A68: 1 | B68: Fermentasi | C68: =C42 -> 269.27677
A69: 2 | B69: Pelumatan Daging Ikan | C69: =D42 -> 689.8816
A70: 3 | B70: Pembekuan | C70: =E42 -> 167.58291
A71: 4 | B71: Pemindangan | C71: =F42 -> 2047.3629
A72: 5 | B72: Penanganan Produk Segar | C72: =G42 -> 606.75368
A73: 6 | B73: Pengalengan | C73: =H42 -> 21.264033
A74: 7 | B74: Pengasapan/Pemanggangan | C74: =I42 -> 2479.9703
A75: 8 | B75: Pengecer | C75: =J42 -> 545.34213
A76: 9 | B76: Penggaraman/Pengeringan | C76: =K42 -> 1890.5426
A77: 10 | B77: Pengolahan Lainnya | C77: =L42 -> 2123.2054
A78: 11 | B78: Pengumpul/Pedagang Besar/Distributor | C78: =M42 -> 19906.21
A79: 12 | B79: Pereduksian/Ekstraksi | C79: =N42 -> 1672.7435
B80: Jumlah | C80: =O42 -> 32420.135 | D80: =SUM(C68:C79) -> 32420.135
A83: No | B83: Skala Usaha | C83: Jumlah (Unit)
A84: 1 | B84: Mikro | C84: =AJ42 -> 26449.072
A85: 2 | B85: Kecil | C85: =AK42 -> 4914.1461
A86: 3 | B86: Menengah | C86: =AL42 -> 710.84105
A87: 4 | B87: Besar | C87: =AM42 -> 346.07666
B88: Jumlah | C88: =AN42 -> 32420.135 | D88: =SUM(C84:C87) -> 32420.135
A91: No | B91: Kabupaten | C91: Jumlah (Unit)
A92: 1 | B92: Kab. Pacitan | C92: =O4 -> 957.93567
A93: 2 | B93: Kab. Ponorogo | C93: =O5 -> 967.53926
A94: 3 | B94: Kab. Trenggalek | C94: =O6 -> 1329.5191
A95: 4 | B95: Kab. Tulungagung | C95: =O7 -> 1164.7052
A96: 5 | B96: Kab. Blitar | C96: =O8 -> 618.46345
A97: 6 | B97: Kab. Kediri | C97: =O9 -> 1299.3554
A98: 7 | B98: Kab. Malang | C98: =O10 -> 559.04862
A99: 8 | B99: Kab. Lumajang | C99: =O11 -> 528.65326
A100: 9 | B100: Kab. Jember | C100: =O12 -> 914.38866
A101: 10 | B101: Kab. Banyuwangi | C101: =O13 -> 2096.1771
A102: 11 | B102: Kab. Bondowoso | C102: =O14 -> 905.44734
A103: 12 | B103: Kab. Situbondo | C103: =O15 -> 903.91462
... A129: 38 | B129: Kota Batu | C129: =O41 -> 353.68577
B130: Jumlah | C130: =SUM(C92:C129) -> 32420.135

Sheet Kapasitas
A1: Tabel 19 Jumlah Kapasitas (Kg) berdasarkan Jenis Kegiatan | P1: Tabel 20 Jumlah Kapasitas (Kg) berdasarkan Jenis Kegiatan Pengolahan | AC1: Tabel 21 Jumlah Kapasitas (Kg) berdasarkan Jenis Kegiatan Pemasaran | AH1: Tabel 22 Jumlah Kapasitas (Kg) berdasarkan Skala Usaha | AO1: Tabel 23 Jumlah Kapasitas (Kg) berdasarkan Skala Usaha pada Kegiatan Pengolahan | AV1: Tabel 24 Jumlah Kapasitas (Kg) berdasarkan Skala Usaha pada Kegiatan Pemasaran | BC1: Tabel 25 Jumlah Kapasitas (Kg) berdasarkan Skala Usaha pada Jenis Kegiatan Fermentasi | BJ1: Tabel 26 Jumlah Kapasitas (Kg) berdasarkan Skala Usaha pada Jenis Kegiatan Pelumatan Daging Ikan | BQ1: Tabel 27 Jumlah Kapasitas (Kg) berdasarkan Skala Usaha pada Jenis Kegiatan Pembekuan | BX1: Tabel 28 Jumlah Kapasitas (Kg) berdasarkan Skala Usaha pada Jenis Kegiatan Pemindangan | CE1: Tabel 29 Jumlah Kapasitas (Kg) berdasarkan Skala Usaha pada Jenis Kegiatan Penanganan Produk Segar | CL1: Tabel 30 Jumlah Kapasitas (Kg) berdasarkan Skala Usaha pada Jenis Kegiatan Pengalengan | CS1: Tabel 31 Jumlah Kapasitas (Kg) berdasarkan Skala Usaha pada Jenis Kegiatan Pengasapan / Pemanggangan | CZ1: Tabel 32 Jumlah Kapasitas (Kg) berdasarkan Skala Usaha pada Jenis Kegiatan Penggaraman / Pengeringan | DG1: Tabel 33 Jumlah Kapasitas (Kg) berdasarkan Skala Usaha pada Jenis Kegiatan Pereduksian/Ekstraksi | DN1: Tabel 34 Jumlah Kapasitas (Kg) berdasarkan Skala Usaha pada Jenis Kegiatan Pengolahan Lainnya | DU1: Tabel 35 Jumlah Kapasitas (Kg) berdasarkan Skala Usaha pada Jenis Kegiatan Pengumpul/Pedagang Besar/Distributor | EB1: Tabel 36 Jumlah Kapasitas (Kg) berdasarkan Skala Usaha pada Jenis Kegiatan Pengecer
A2: No | B2: Kabupaten/Kota | C2: Jenis Kegiatan | O2: Jumlah Total | P2: No | Q2: Kabupaten/Kota | R2: Jenis Kegiatan | AB2: Jumlah Total | AC2: No | AD2: Kabupaten/Kota | AE2: Jenis Kegiatan | AG2: Jumlah Total | AH2: No | AI2: Kabupaten/Kota | AJ2: Skala Usaha | AN2: Jumlah Total | AO2: No | AP2: Kabupaten/Kota | AQ2: Skala Usaha | AU2: Jumlah Total | AV2: No | AW2: Kabupaten/Kota | AX2: Skala Usaha | BB2: Jumlah Total | BC2: No | BD2: Kabupaten/Kota | BE2: Skala Usaha | BI2: Jumlah Total | BJ2: No | BK2: Kabupaten/Kota | BL2: Skala Usaha | BP2: Jumlah Total | BQ2: No | BR2: Kabupaten/Kota | BS2: Skala Usaha | BW2: Jumlah Total | BX2: No | BY2: Kabupaten/Kota | BZ2: Skala Usaha | CD2: Jumlah Total | CE2: No | CF2: Kabupaten/Kota | CG2: Skala Usaha | CK2: Jumlah Total | CL2: No | CM2: Kabupaten/Kota | CN2: Skala Usaha | CR2: Jumlah Total | CS2: No | CT2: Kabupaten/Kota | CU2: Skala Usaha | CY2: Jumlah Total | CZ2: No | DA2: Kabupaten/Kota | DB2: Skala Usaha | DF2: Jumlah Total | DG2: No | DH2: Kabupaten/Kota | DI2: Skala Usaha | DM2: Jumlah Total | DN2: No | DO2: Kabupaten/Kota | DP2: Skala Usaha | DT2: Jumlah Total | DU2: No | DV2: Kabupaten/Kota | DW2: Skala Usaha | EA2: Jumlah Total | EB2: No | EC2: Kabupaten/Kota | ED2: Skala Usaha | EH2: Jumlah Total
C3: Fermentasi | D3: Pelumatan Daging Ikan | E3: Pembekuan | F3: Pemindangan | G3: Penanganan Produk Segar | H3: Pengalengan | I3: Pengasapan/ Pemanggangan | J3: Pereduksian/ Ekstraksi | K3: Penggaraman/ Pengeringan | L3: Pengolahan Lainnya | M3: Pengecer | N3: Pengumpul/ Pedagang Besar/ Distributor | R3: Fermentasi | S3: Pelumatan Daging Ikan | T3: Pembekuan | U3: Pemindangan | V3: Penanganan Produk Segar | W3: Pengalengan | X3: Pengasapan/ Pemanggangan | Y3: Pereduksian/ Ekstraksi | Z3: Penggaraman/ Pengeringan | AA3: Pengolahan Lainnya | AE3: Pengecer | AF3: Pengumpul/Pedagang Besar/Distributor | AJ3: Mikro | AK3: Kecil | AL3: Menengah | AM3: Besar | AQ3: Mikro | AR3: Kecil | AS3: Menengah | AT3: Besar | AX3: Mikro | AY3: Kecil | AZ3: Menengah | BA3: Besar | BE3: Mikro | BF3: Kecil | BG3: Menengah | BH3: Besar | BL3: Mikro | BM3: Kecil | BN3: Menengah | BO3: Besar | BS3: Mikro | BT3: Kecil | BU3: Menengah | BV3: Besar | BZ3: Mikro | CA3: Kecil | CB3: Menengah | CC3: Besar | CG3: Mikro | CH3: Kecil | CI3: Menengah | CJ3: Besar | CN3: Mikro | CO3: Kecil | CP3: Menengah | CQ3: Besar | CU3: Mikro | CV3: Kecil | CW3: Menengah | CX3: Besar | DB3: Mikro | DC3: Kecil | DD3: Menengah | DE3: Besar | DI3: Mikro | DJ3: Kecil | DK3: Menengah | DL3: Besar | DP3: Mikro | DQ3: Kecil | DR3: Menengah | DS3: Besar | DW3: Mikro | DX3: Kecil | DY3: Menengah | DZ3: Besar | ED3: Mikro | EE3: Kecil | EF3: Menengah | EG3: Besar
A4: 01 | B4: KAB. PACITAN | C4: =BI4 -> 40019.128 | D4: =BP4 -> 1811718.1 | E4: =BW4 -> 2733668.2 | F4: =CD4 -> 13344.48 | G4: =CK4 -> 1.4934163e+08 | H4: =CR4 -> 0 | I4: =CY4 -> 17517.568 | J4: =DM4 -> 8403.9889 | K4: =DF4 -> 11569.168 | L4: =DT4 -> 42522.761 | M4: =EH4 -> 63971.377 | N4: =EA4 -> 4303.8455 | O4: =SUM(C4:N4) -> 1.5408867e+08 | P4: 01 | Q4: KAB. PACITAN | R4: =C4 -> 40019.128 | S4: =D4 -> 1811718.1 | T4: =E4 -> 2733668.2 | U4: =F4 -> 13344.48 | V4: =G4 -> 1.4934163e+08 | W4: =H4 -> 0 | X4: =I4 -> 17517.568 | Y4: =J4 -> 8403.9889 | ... AA4: =L4 -> 42522.761 | AB4: =SUM(R4:AA4) -> 1.5402039e+08 | AC4: 01 | AD4: KAB. PACITAN | AE4: =M4 -> 63971.377 | AF4: =N4 -> 4303.8455 | AG4: =SUM(AE4:AF4) -> 68275.223 | AH4: 01 | AI4: KAB. PACITAN | AJ4: =AQ4+AX4 -> 1.5223342e+08 | AK4: =AR4+AY4 -> 1717480.4 | AL4: =AS4+AZ4 -> 137765.55 | AM4: =AT4+BA4 -> 0 | AN4: =SUM(AJ4:AM4) -> 1.5408867e+08 | AO4: 01 | AP4: KAB. PACITAN | AQ4: =BE4+BL4+BS4+BZ4+CG4+CN4+CU4+DB4+DI4+DP4 -> 1.5216758e+08 | AR4: =BF4+BM4+BT4+CA4+CH4+CO4+CV4+DC4+DJ4+DQ4 -> 1715047.3 | AS4: =BG4+BN4+BU4+CB4+CI4+CP4+CW4+DD4+DK4+DR4 -> 137765.55 | AT4: =BH4+BO4+BV4+CC4+CJ4+CQ4+CX4+DE4+DL4+DS4 -> 0 | AU4: =SUM(AQ4:AT4) -> 1.5402039e+08 | AV4: 01 | AW4: KAB. PACITAN | AX4: =DW4+ED4 -> 65842.175 | AY4: =DX4+EE4 -> 2433.0482 | AZ4: =DY4+EF4 -> 0 | BA4: =DZ4+EG4 -> 0 | BB4: =SUM(AX4:BA4) -> 68275.223 | BC4: 01 | BD4: KAB. PACITAN | BE4: 40019.128 | BF4: 0 | BG4: 0 | BH4: 0 | BI4: 40019.128 | BJ4: 01 | BK4: KAB. PACITAN | BL4: 93609.314 | BM4: 1580343.2 | BN4: 137765.55 | BO4: 0 | BP4: 1811718.1 | BQ4: 01 | BR4: KAB. PACITAN | BS4: 2733668.2 | BT4: 0 | BU4: 0 | BV4: 0 | BW4: 2733668.2 | BX4: 01 | BY4: KAB. PACITAN | BZ4: 13344.48 | CA4: 0 | CB4: 0 | CC4: 0 | CD4: 13344.48 | CE4: 01 | CF4: KAB. PACITAN | CG4: 1.4920693e+08 | CH4: 134704.1 | CI4: 0 | CJ4: 0 | CK4: 1.4934163e+08 | CL4: 01 | CM4: KAB. PACITAN | CN4: 0 | CO4: 0 | CP4: 0 | CQ4: 0 | CR4: 0 | CS4: 01 | CT4: KAB. PACITAN | CU4: 17517.568 | CV4: 0 | CW4: 0 | CX4: 0 | CY4: 17517.568 | CZ4: 01 | DA4: KAB. PACITAN | DB4: 11569.168 | DC4: 0 | DD4: 0 | DE4: 0 | DF4: 11569.168 | DG4: 01 | DH4: KAB. PACITAN | DI4: 8403.9889 | DJ4: 0 | DK4: 0 | DL4: 0 | DM4: 8403.9889 | DN4: 01 | DO4: KAB. PACITAN | DP4: 42522.761 | DQ4: 0 | DR4: 0 | DS4: 0 | DT4: 42522.761 | DU4: 01 | DV4: KAB. PACITAN | DW4: 1870.7972 | DX4: 2433.0482 | DY4: 0 | DZ4: 0 | EA4: 4303.8455 | EB4: 01 | EC4: KAB. PACITAN | ED4: 63971.377 | EE4: 0 | EF4: 0 | EG4: 0 | EH4: 63971.377
A5: 02 | B5: KAB. PONOROGO | C5: =BI5 -> 0 | D5: =BP5 -> 27586.032 | E5: =BW5 -> 0 | F5: =CD5 -> 0 | G5: =CK5 -> 803.63239 | H5: =CR5 -> 0 | I5: =CY5 -> 0 | J5: =DM5 -> 0 | K5: =DF5 -> 0 | L5: =DT5 -> 775129.51 | M5: =EH5 -> 112758.24 | N5: =EA5 -> 1629878.2 | O5: =SUM(C5:N5) -> 2546155.7 | P5: 02 | Q5: KAB. PONOROGO | R5: =C5 -> 0 | S5: =D5 -> 27586.032 | T5: =E5 -> 0 | U5: =F5 -> 0 | V5: =G5 -> 803.63239 | W5: =H5 -> 0 | X5: =I5 -> 0 | Y5: =J5 -> 0 | ... AA5: =L5 -> 775129.51 | AB5: =SUM(R5:AA5) -> 803519.18 | AC5: 02 | AD5: KAB. PONOROGO | AE5: =M5 -> 112758.24 | AF5: =N5 -> 1629878.2 | AG5: =SUM(AE5:AF5) -> 1742636.5 | AH5: 02 | AI5: KAB. PONOROGO | AJ5: =AQ5+AX5 -> 921320.92 | AK5: =AR5+AY5 -> 322273.55 | AL5: =AS5+AZ5 -> 1302561.2 | AM5: =AT5+BA5 -> 0 | AN5: =SUM(AJ5:AM5) -> 2546155.7 | AO5: 02 | AP5: KAB. PONOROGO | AQ5: =BE5+BL5+BS5+BZ5+CG5+CN5+CU5+DB5+DI5+DP5 -> 802204.42 | AR5: =BF5+BM5+BT5+CA5+CH5+CO5+CV5+DC5+DJ5+DQ5 -> 1314.7545 | AS5: =BG5+BN5+BU5+CB5+CI5+CP5+CW5+DD5+DK5+DR5 -> 0 | AT5: =BH5+BO5+BV5+CC5+CJ5+CQ5+CX5+DE5+DL5+DS5 -> 0 | AU5: =SUM(AQ5:AT5) -> 803519.18 | AV5: 02 | AW5: KAB. PONOROGO | AX5: =DW5+ED5 -> 119116.49 | AY5: =DX5+EE5 -> 320958.79 | AZ5: =DY5+EF5 -> 1302561.2 | BA5: =DZ5+EG5 -> 0 | BB5: =SUM(AX5:BA5) -> 1742636.5 | BC5: 02 | BD5: KAB. PONOROGO | BE5: 0 | BF5: 0 | BG5: 0 | BH5: 0 | BI5: 0 | BJ5: 02 | BK5: KAB. PONOROGO | BL5: 26334.895 | BM5: 1251.1373 | BN5: 0 | BO5: 0 | BP5: 27586.032 | BQ5: 02 | BR5: KAB. PONOROGO | BS5: 0 | BT5: 0 | BU5: 0 | BV5: 0 | BW5: 0 | BX5: 02 | BY5: KAB. PONOROGO | BZ5: 0 | CA5: 0 | CB5: 0 | CC5: 0 | CD5: 0 | CE5: 02 | CF5: KAB. PONOROGO | CG5: 803.63239 | CH5: 0 | CI5: 0 | CJ5: 0 | CK5: 803.63239 | CL5: 02 | CM5: KAB. PONOROGO | CN5: 0 | CO5: 0 | CP5: 0 | CQ5: 0 | CR5: 0 | CS5: 02 | CT5: KAB. PONOROGO | CU5: 0 | CV5: 0 | CW5: 0 | CX5: 0 | CY5: 0 | CZ5: 02 | DA5: KAB. PONOROGO | DB5: 0 | DC5: 0 | DD5: 0 | DE5: 0 | DF5: 0 | DG5: 02 | DH5: KAB. PONOROGO | DI5: 0 | DJ5: 0 | DK5: 0 | DL5: 0 | DM5: 0 | DN5: 02 | DO5: KAB. PONOROGO | DP5: 775065.89 | DQ5: 63.617152 | DR5: 0 | DS5: 0 | DT5: 775129.51 | DU5: 02 | DV5: KAB. PONOROGO | DW5: 21626.376 | DX5: 305690.68 | DY5: 1302561.2 | DZ5: 0 | EA5: 1629878.2 | EB5: 02 | EC5: KAB. PONOROGO | ED5: 97490.119 | EE5: 15268.117 | EF5: 0 | EG5: 0 | EH5: 112758.24
A6: 03 | B6: KAB. TRENGGALEK | C6: =BI6 -> 0 | D6: =BP6 -> 17785.392 | E6: =BW6 -> 7649326.4 | F6: =CD6 -> 6513279.2 | G6: =CK6 -> 0 | H6: =CR6 -> 0 | I6: =CY6 -> 745701.69 | J6: =DM6 -> 0 | K6: =DF6 -> 1082926.8 | L6: =DT6 -> 2445.9911 | M6: =EH6 -> 3702769.7 | N6: =EA6 -> 3351243.2 | O6: =SUM(C6:N6) -> 23065478 | P6: 03 | Q6: KAB. TRENGGALEK | R6: =C6 -> 0 | S6: =D6 -> 17785.392 | T6: =E6 -> 7649326.4 | U6: =F6 -> 6513279.2 | V6: =G6 -> 0 | W6: =H6 -> 0 | X6: =I6 -> 745701.69 | Y6: =J6 -> 0 | ... AA6: =L6 -> 2445.9911 | AB6: =SUM(R6:AA6) -> 16011465 | AC6: 03 | AD6: KAB. TRENGGALEK | AE6: =M6 -> 3702769.7 | AF6: =N6 -> 3351243.2 | AG6: =SUM(AE6:AF6) -> 7054012.8 | AH6: 03 | AI6: KAB. TRENGGALEK | AJ6: =AQ6+AX6 -> 2631404.4 | AK6: =AR6+AY6 -> 3742598.1 | AL6: =AS6+AZ6 -> 8215126.4 | AM6: =AT6+BA6 -> 8476349.3 | AN6: =SUM(AJ6:AM6) -> 23065478 | AO6: 03 | AP6: KAB. TRENGGALEK | AQ6: =BE6+BL6+BS6+BZ6+CG6+CN6+CU6+DB6+DI6+DP6 -> 773861.41 | AR6: =BF6+BM6+BT6+CA6+CH6+CO6+CV6+DC6+DJ6+DQ6 -> 1681435.4 | AS6: =BG6+BN6+BU6+CB6+CI6+CP6+CW6+DD6+DK6+DR6 -> 5525139.3 | AT6: =BH6+BO6+BV6+CC6+CJ6+CQ6+CX6+DE6+DL6+DS6 -> 8031029.3 | AU6: =SUM(AQ6:AT6) -> 16011465 | AV6: 03 | AW6: KAB. TRENGGALEK | AX6: =DW6+ED6 -> 1857543 | AY6: =DX6+EE6 -> 2061162.7 | AZ6: =DY6+EF6 -> 2689987.1 | BA6: =DZ6+EG6 -> 445320.06 | BB6: =SUM(AX6:BA6) -> 7054012.8 | BC6: 03 | BD6: KAB. TRENGGALEK | BE6: 0 | BF6: 0 | BG6: 0 | BH6: 0 | BI6: 0 | BJ6: 03 | BK6: KAB. TRENGGALEK | BL6: 17785.392 | BM6: 0 | BN6: 0 | BO6: 0 | BP6: 17785.392 | BQ6: 03 | BR6: KAB. TRENGGALEK | BS6: 0 | BT6: 0 | BU6: 0 | BV6: 7649326.4 | BW6: 7649326.4 | BX6: 03 | BY6: KAB. TRENGGALEK | BZ6: 16800 | CA6: 589636.93 | CB6: 5525139.3 | CC6: 381702.91 | CD6: 6513279.2 | CE6: 03 | CF6: KAB. TRENGGALEK | CG6: 0 | CH6: 0 | CI6: 0 | CJ6: 0 | CK6: 0 | CL6: 03 | CM6: KAB. TRENGGALEK | CN6: 0 | CO6: 0 | CP6: 0 | CQ6: 0 | CR6: 0 | CS6: 03 | CT6: KAB. TRENGGALEK | CU6: 705553.16 | CV6: 40148.531 | CW6: 0 | CX6: 0 | CY6: 745701.69 | CZ6: 03 | DA6: KAB. TRENGGALEK | DB6: 31276.869 | DC6: 1051649.9 | DD6: 0 | DE6: 0 | DF6: 1082926.8 | DG6: 03 | DH6: KAB. TRENGGALEK | DI6: 0 | DJ6: 0 | DK6: 0 | DL6: 0 | DM6: 0 | DN6: 03 | DO6: KAB. TRENGGALEK | DP6: 2445.9911 | DQ6: 0 | DR6: 0 | DS6: 0 | DT6: 2445.9911 | DU6: 03 | DV6: KAB. TRENGGALEK | DW6: 0 | DX6: 236787.25 | DY6: 2669135.9 | DZ6: 445320.06 | EA6: 3351243.2 | EB6: 03 | EC6: KAB. TRENGGALEK | ED6: 1857543 | EE6: 1824375.4 | EF6: 20851.246 | EG6: 0 | EH6: 3702769.7
A7: 04 | B7: KAB. TULUNGAGUNG | C7: =BI7 -> 0 | D7: =BP7 -> 2944.0896 | E7: =BW7 -> 19806488 | F7: =CD7 -> 365473.24 | G7: =CK7 -> 29919.421 | H7: =CR7 -> 0 | I7: =CY7 -> 6073986.5 | J7: =DM7 -> 0 | K7: =DF7 -> 9602.1557 | L7: =DT7 -> 15183.913 | M7: =EH7 -> 2041502.5 | N7: =EA7 -> 406884.74 | O7: =SUM(C7:N7) -> 28751985 | P7: 04 | Q7: KAB. TULUNGAGUNG | R7: =C7 -> 0 | S7: =D7 -> 2944.0896 | T7: =E7 -> 19806488 | U7: =F7 -> 365473.24 | V7: =G7 -> 29919.421 | W7: =H7 -> 0 | X7: =I7 -> 6073986.5 | Y7: =J7 -> 0 | ... AA7: =L7 -> 15183.913 | AB7: =SUM(R7:AA7) -> 26303598 | AC7: 04 | AD7: KAB. TULUNGAGUNG | AE7: =M7 -> 2041502.5 | AF7: =N7 -> 406884.74 | AG7: =SUM(AE7:AF7) -> 2448387.2 | AH7: 04 | AI7: KAB. TULUNGAGUNG | AJ7: =AQ7+AX7 -> 4834033.6 | AK7: =AR7+AY7 -> 23499895 | AL7: =AS7+AZ7 -> 418056.21 | AM7: =AT7+BA7 -> 0 | AN7: =SUM(AJ7:AM7) -> 28751985 | AO7: 04 | AP7: KAB. TULUNGAGUNG | AQ7: =BE7+BL7+BS7+BZ7+CG7+CN7+CU7+DB7+DI7+DP7 -> 3920298.8 | AR7: =BF7+BM7+BT7+CA7+CH7+CO7+CV7+DC7+DJ7+DQ7 -> 21988482 | AS7: =BG7+BN7+BU7+CB7+CI7+CP7+CW7+DD7+DK7+DR7 -> 394817.19 | AT7: =BH7+BO7+BV7+CC7+CJ7+CQ7+CX7+DE7+DL7+DS7 -> 0 | AU7: =SUM(AQ7:AT7) -> 26303598 | AV7: 04 | AW7: KAB. TULUNGAGUNG | AX7: =DW7+ED7 -> 913734.81 | AY7: =DX7+EE7 -> 1511413.4 | AZ7: =DY7+EF7 -> 23239.021 | BA7: =DZ7+EG7 -> 0 | BB7: =SUM(AX7:BA7) -> 2448387.2 | BC7: 04 | BD7: KAB. TULUNGAGUNG | BE7: 0 | BF7: 0 | BG7: 0 | BH7: 0 | BI7: 0 | BJ7: 04 | BK7: KAB. TULUNGAGUNG | BL7: 2944.0896 | BM7: 0 | BN7: 0 | BO7: 0 | BP7: 2944.0896 | BQ7: 04 | BR7: KAB. TULUNGAGUNG | BS7: 1272.343 | BT7: 19427754 | BU7: 377461.77 | BV7: 0 | BW7: 19806488 | BX7: 04 | BY7: KAB. TULUNGAGUNG | BZ7: 358475.36 | CA7: 6997.8867 | CB7: 0 | CC7: 0 | CD7: 365473.24 | CE7: 04 | CF7: KAB. TULUNGAGUNG | CG7: 12513.711 | CH7: 12434.432 | CI7: 4971.2777 | CJ7: 0 | CK7: 29919.421 | CL7: 04 | CM7: KAB. TULUNGAGUNG | CN7: 0 | CO7: 0 | CP7: 0 | CQ7: 0 | CR7: 0 | CS7: 04 | CT7: KAB. TULUNGAGUNG | CU7: 3524107.3 | CV7: 2537495.1 | CW7: 12384.139 | CX7: 0 | CY7: 6073986.5 | CZ7: 04 | DA7: KAB. TULUNGAGUNG | DB7: 9602.1557 | DC7: 0 | DD7: 0 | DE7: 0 | DF7: 9602.1557 | DG7: 04 | DH7: KAB. TULUNGAGUNG | DI7: 0 | DJ7: 0 | DK7: 0 | DL7: 0 | DM7: 0 | DN7: 04 | DO7: KAB. TULUNGAGUNG | DP7: 11383.848 | DQ7: 3800.0646 | DR7: 0 | DS7: 0 | DT7: 15183.913 | DU7: 04 | DV7: KAB. TULUNGAGUNG | DW7: 328453.9 | DX7: 55191.819 | DY7: 23239.021 | DZ7: 0 | EA7: 406884.74 | EB7: 04 | EC7: KAB. TULUNGAGUNG | ED7: 585280.92 | EE7: 1456221.5 | EF7: 0 | EG7: 0 | EH7: 2041502.5
A8: 05 | B8: KAB. BLITAR | C8: =BI8 -> 0 | D8: =BP8 -> 3606.4807 | E8: =BW8 -> 0 | F8: =CD8 -> 0 | G8: =CK8 -> 71239.592 | H8: =CR8 -> 0 | I8: =CY8 -> 264970.42 | J8: =DM8 -> 82719993 | K8: =DF8 -> 0 | L8: =DT8 -> 13741.763 | M8: =EH8 -> 2065891.1 | N8: =EA8 -> 1501626.3 | O8: =SUM(C8:N8) -> 86641068 | P8: 05 | Q8: KAB. BLITAR | R8: =C8 -> 0 | S8: =D8 -> 3606.4807 | T8: =E8 -> 0 | U8: =F8 -> 0 | V8: =G8 -> 71239.592 | W8: =H8 -> 0 | X8: =I8 -> 264970.42 | Y8: =J8 -> 82719993 | ... AA8: =L8 -> 13741.763 | AB8: =SUM(R8:AA8) -> 83073551 | AC8: 05 | AD8: KAB. BLITAR | AE8: =M8 -> 2065891.1 | AF8: =N8 -> 1501626.3 | AG8: =SUM(AE8:AF8) -> 3567517.4 | AH8: 05 | AI8: KAB. BLITAR | AJ8: =AQ8+AX8 -> 85198923 | AK8: =AR8+AY8 -> 1368783.6 | AL8: =AS8+AZ8 -> 73361.757 | AM8: =AT8+BA8 -> 0 | AN8: =SUM(AJ8:AM8) -> 86641068 | AO8: 05 | AP8: KAB. BLITAR | AQ8: =BE8+BL8+BS8+BZ8+CG8+CN8+CU8+DB8+DI8+DP8 -> 82929967 | AR8: =BF8+BM8+BT8+CA8+CH8+CO8+CV8+DC8+DJ8+DQ8 -> 89509.478 | AS8: =BG8+BN8+BU8+CB8+CI8+CP8+CW8+DD8+DK8+DR8 -> 54074.579 | AT8: =BH8+BO8+BV8+CC8+CJ8+CQ8+CX8+DE8+DL8+DS8 -> 0 | AU8: =SUM(AQ8:AT8) -> 83073551 | AV8: 05 | AW8: KAB. BLITAR | AX8: =DW8+ED8 -> 2268956.1 | AY8: =DX8+EE8 -> 1279274.1 | AZ8: =DY8+EF8 -> 19287.177 | BA8: =DZ8+EG8 -> 0 | BB8: =SUM(AX8:BA8) -> 3567517.4 | BC8: 05 | BD8: KAB. BLITAR | BE8: 0 | BF8: 0 | BG8: 0 | BH8: 0 | BI8: 0 | BJ8: 05 | BK8: KAB. BLITAR | BL8: 0 | BM8: 425.62309 | BN8: 3180.8576 | BO8: 0 | BP8: 3606.4807 | BQ8: 05 | BR8: KAB. BLITAR | BS8: 0 | BT8: 0 | BU8: 0 | BV8: 0 | BW8: 0 | BX8: 05 | BY8: KAB. BLITAR | BZ8: 0 | CA8: 0 | CB8: 0 | CC8: 0 | CD8: 0 | CE8: 05 | CF8: KAB. BLITAR | CG8: 21196.601 | CH8: 50042.991 | CI8: 0 | CJ8: 0 | CK8: 71239.592 | CL8: 05 | CM8: KAB. BLITAR | CN8: 0 | CO8: 0 | CP8: 0 | CQ8: 0 | CR8: 0 | CS8: 05 | CT8: KAB. BLITAR | CU8: 237842.02 | CV8: 27128.402 | CW8: 0 | CX8: 0 | CY8: 264970.42 | CZ8: 05 | DA8: KAB. BLITAR | DB8: 0 | DC8: 0 | DD8: 0 | DE8: 0 | DF8: 0 | DG8: 05 | DH8: KAB. BLITAR | DI8: 82669099 | DJ8: 0 | DK8: 50893.722 | DL8: 0 | DM8: 82719993 | DN8: 05 | DO8: KAB. BLITAR | DP8: 1829.3009 | DQ8: 11912.463 | DR8: 0 | DS8: 0 | DT8: 13741.763 | DU8: 05 | DV8: KAB. BLITAR | DW8: 358768.35 | DX8: 1129999.8 | DY8: 12858.118 | DZ8: 0 | EA8: 1501626.3 | EB8: 05 | EC8: KAB. BLITAR | ED8: 1910187.8 | EE8: 149274.32 | EF8: 6429.0591 | EG8: 0 | EH8: 2065891.1
A9: 06 | B9: KAB. KEDIRI | C9: =BI9 -> 0 | D9: =BP9 -> 22753.811 | E9: =BW9 -> 0 | F9: =CD9 -> 0 | G9: =CK9 -> 22.132401 | H9: =CR9 -> 0 | I9: =CY9 -> 3967.5081 | J9: =DM9 -> 11786.741 | K9: =DF9 -> 0 | L9: =DT9 -> 27593.905 | M9: =EH9 -> 687011.31 | N9: =EA9 -> 168431.16 | O9: =SUM(C9:N9) -> 921566.56 | P9: 06 | Q9: KAB. KEDIRI | R9: =C9 -> 0 | S9: =D9 -> 22753.811 | T9: =E9 -> 0 | U9: =F9 -> 0 | V9: =G9 -> 22.132401 | W9: =H9 -> 0 | X9: =I9 -> 3967.5081 | Y9: =J9 -> 11786.741 | ... AA9: =L9 -> 27593.905 | AB9: =SUM(R9:AA9) -> 66124.098 | AC9: 06 | AD9: KAB. KEDIRI | AE9: =M9 -> 687011.31 | AF9: =N9 -> 168431.16 | AG9: =SUM(AE9:AF9) -> 855442.47 | AH9: 06 | AI9: KAB. KEDIRI | AJ9: =AQ9+AX9 -> 390511.89 | AK9: =AR9+AY9 -> 531054.67 | AL9: =AS9+AZ9 -> 0 | AM9: =AT9+BA9 -> 0 | AN9: =SUM(AJ9:AM9) -> 921566.56 | AO9: 06 | AP9: KAB. KEDIRI | AQ9: =BE9+BL9+BS9+BZ9+CG9+CN9+CU9+DB9+DI9+DP9 -> 24805.62 | AR9: =BF9+BM9+BT9+CA9+CH9+CO9+CV9+DC9+DJ9+DQ9 -> 41318.478 | AS9: =BG9+BN9+BU9+CB9+CI9+CP9+CW9+DD9+DK9+DR9 -> 0 | AT9: =BH9+BO9+BV9+CC9+CJ9+CQ9+CX9+DE9+DL9+DS9 -> 0 | AU9: =SUM(AQ9:AT9) -> 66124.098 | AV9: 06 | AW9: KAB. KEDIRI | AX9: =DW9+ED9 -> 365706.27 | AY9: =DX9+EE9 -> 489736.2 | AZ9: =DY9+EF9 -> 0 | BA9: =DZ9+EG9 -> 0 | BB9: =SUM(AX9:BA9) -> 855442.47 | BC9: 06 | BD9: KAB. KEDIRI | BE9: 0 | BF9: 0 | BG9: 0 | BH9: 0 | BI9: 0 | BJ9: 06 | BK9: KAB. KEDIRI | BL9: 18632.252 | BM9: 4121.559 | BN9: 0 | BO9: 0 | BP9: 22753.811 | BQ9: 06 | BR9: KAB. KEDIRI | BS9: 0 | BT9: 0 | BU9: 0 | BV9: 0 | BW9: 0 | BX9: 06 | BY9: KAB. KEDIRI | BZ9: 0 | CA9: 0 | CB9: 0 | CC9: 0 | CD9: 0 | CE9: 06 | CF9: KAB. KEDIRI | CG9: 22.132401 | CH9: 0 | CI9: 0 | CJ9: 0 | CK9: 22.132401 | CL9: 06 | CM9: KAB. KEDIRI | CN9: 0 | CO9: 0 | CP9: 0 | CQ9: 0 | CR9: 0 | CS9: 06 | CT9: KAB. KEDIRI | CU9: 3099.4084 | CV9: 868.09969 | CW9: 0 | CX9: 0 | CY9: 3967.5081 | CZ9: 06 | DA9: KAB. KEDIRI | DB9: 0 | DC9: 0 | DD9: 0 | DE9: 0 | DF9: 0 | DG9: 06 | DH9: KAB. KEDIRI | DI9: 0 | DJ9: 11786.741 | DK9: 0 | DL9: 0 | DM9: 11786.741 | DN9: 06 | DO9: KAB. KEDIRI | DP9: 3051.8267 | DQ9: 24542.079 | DR9: 0 | DS9: 0 | DT9: 27593.905 | DU9: 06 | DV9: KAB. KEDIRI | DW9: 35821.707 | DX9: 132609.45 | DY9: 0 | DZ9: 0 | EA9: 168431.16 | EB9: 06 | EC9: KAB. KEDIRI | ED9: 329884.56 | EE9: 357126.75 | EF9: 0 | EG9: 0 | EH9: 687011.31
A10: 07 | B10: KAB. MALANG | C10: =BI10 -> 0 | D10: =BP10 -> 1125.1298 | E10: =BW10 -> 51740210 | F10: =CD10 -> 748855.3 | G10: =CK10 -> 2009.0157 | H10: =CR10 -> 0 | I10: =CY10 -> 34929.901 | J10: =DM10 -> 3194033.4 | K10: =DF10 -> 12867.847 | L10: =DT10 -> 1839828.3 | M10: =EH10 -> 244158.73 | N10: =EA10 -> 531148.48 | O10: =SUM(C10:N10) -> 58349166 | P10: 07 | Q10: KAB. MALANG | R10: =C10 -> 0 | S10: =D10 -> 1125.1298 | T10: =E10 -> 51740210 | U10: =F10 -> 748855.3 | V10: =G10 -> 2009.0157 | W10: =H10 -> 0 | X10: =I10 -> 34929.901 | Y10: =J10 -> 3194033.4 | ... AA10: =L10 -> 1839828.3 | AB10: =SUM(R10:AA10) -> 57573859 | AC10: 07 | AD10: KAB. MALANG | AE10: =M10 -> 244158.73 | AF10: =N10 -> 531148.48 | AG10: =SUM(AE10:AF10) -> 775307.21 | AH10: 07 | AI10: KAB. MALANG | AJ10: =AQ10+AX10 -> 10358146 | AK10: =AR10+AY10 -> 185953.98 | AL10: =AS10+AZ10 -> 38535.607 | AM10: =AT10+BA10 -> 47766531 | AN10: =SUM(AJ10:AM10) -> 58349166 | AO10: 07 | AP10: KAB. MALANG | AQ10: =BE10+BL10+BS10+BZ10+CG10+CN10+CU10+DB10+DI10+DP10 -> 10069907 | AR10: =BF10+BM10+BT10+CA10+CH10+CO10+CV10+DC10+DJ10+DQ10 -> 135511.48 | AS10: =BG10+BN10+BU10+CB10+CI10+CP10+CW10+DD10+DK10+DR10 -> 26024.86 | AT10: =BH10+BO10+BV10+CC10+CJ10+CQ10+CX10+DE10+DL10+DS10 -> 47342416 | AU10: =SUM(AQ10:AT10) -> 57573859 | AV10: 07 | AW10: KAB. MALANG | AX10: =DW10+ED10 -> 288239.61 | AY10: =DX10+EE10 -> 50442.505 | AZ10: =DY10+EF10 -> 12510.748 | BA10: =DZ10+EG10 -> 424114.35 | BB10: =SUM(AX10:BA10) -> 775307.21 | BC10: 07 | BD10: KAB. MALANG | BE10: 0 | BF10: 0 | BG10: 0 | BH10: 0 | BI10: 0 | BJ10: 07 | BK10: KAB. MALANG | BL10: 1125.1298 | BM10: 0 | BN10: 0 | BO10: 0 | BP10: 1125.1298 | BQ10: 07 | BR10: KAB. MALANG | BS10: 6074818.1 | BT10: 104256.23 | BU10: 0 | BV10: 45561136 | BW10: 51740210 | BX10: 07 | BY10: KAB. MALANG | BZ10: 746734.72 | CA10: 2120.5717 | CB10: 0 | CC10: 0 | CD10: 748855.3 | CE10: 07 | CF10: KAB. MALANG | CG10: 2009.0157 | CH10: 0 | CI10: 0 | CJ10: 0 | CK10: 2009.0157 | CL10: 07 | CM10: KAB. MALANG | CN10: 0 | CO10: 0 | CP10: 0 | CQ10: 0 | CR10: 0 | CS10: 07 | CT10: KAB. MALANG | CU10: 8905.0414 | CV10: 0 | CW10: 26024.86 | CX10: 0 | CY10: 34929.901 | CZ10: 07 | DA10: KAB. MALANG | DB10: 12867.847 | DC10: 0 | DD10: 0 | DE10: 0 | DF10: 12867.847 | DG10: 07 | DH10: KAB. MALANG | DI10: 3194033.4 | DJ10: 0 | DK10: 0 | DL10: 0 | DM10: 3194033.4 | DN10: 07 | DO10: KAB. MALANG | DP10: 29413.346 | DQ10: 29134.677 | DR10: 0 | DS10: 1781280.3 | DT10: 1839828.3 | DU10: 07 | DV10: KAB. MALANG | DW10: 45224.571 | DX10: 49298.814 | DY10: 12510.748 | DZ10: 424114.35 | EA10: 531148.48 | EB10: 07 | EC10: KAB. MALANG | ED10: 243015.04 | EE10: 1143.6909 | EF10: 0 | EG10: 0 | EH10: 244158.73
A11: 08 | B11: KAB. LUMAJANG | C11: =BI11 -> 2533.5872 | D11: =BP11 -> 2688.9451 | E11: =BW11 -> 0 | F11: =CD11 -> 1257101.1 | G11: =CK11 -> 0 | H11: =CR11 -> 0 | I11: =CY11 -> 79963.191 | J11: =DM11 -> 3929.5825 | K11: =DF11 -> 0 | L11: =DT11 -> 9169.9571 | M11: =EH11 -> 6448277.3 | N11: =EA11 -> 916909.95 | O11: =SUM(C11:N11) -> 8720573.6 | P11: 08 | Q11: KAB. LUMAJANG | R11: =C11 -> 2533.5872 | S11: =D11 -> 2688.9451 | T11: =E11 -> 0 | U11: =F11 -> 1257101.1 | V11: =G11 -> 0 | W11: =H11 -> 0 | X11: =I11 -> 79963.191 | Y11: =J11 -> 3929.5825 | ... AA11: =L11 -> 9169.9571 | AB11: =SUM(R11:AA11) -> 1355386.4 | AC11: 08 | AD11: KAB. LUMAJANG | AE11: =M11 -> 6448277.3 | AF11: =N11 -> 916909.95 | AG11: =SUM(AE11:AF11) -> 7365187.2 | AH11: 08 | AI11: KAB. LUMAJANG | AJ11: =AQ11+AX11 -> 4288482.3 | AK11: =AR11+AY11 -> 3631606 | AL11: =AS11+AZ11 -> 800485.38 | AM11: =AT11+BA11 -> 0 | AN11: =SUM(AJ11:AM11) -> 8720573.6 | AO11: 08 | AP11: KAB. LUMAJANG | AQ11: =BE11+BL11+BS11+BZ11+CG11+CN11+CU11+DB11+DI11+DP11 -> 877690.73 | AR11: =BF11+BM11+BT11+CA11+CH11+CO11+CV11+DC11+DJ11+DQ11 -> 477695.66 | AS11: =BG11+BN11+BU11+CB11+CI11+CP11+CW11+DD11+DK11+DR11 -> 0 | AT11: =BH11+BO11+BV11+CC11+CJ11+CQ11+CX11+DE11+DL11+DS11 -> 0 | AU11: =SUM(AQ11:AT11) -> 1355386.4 | AV11: 08 | AW11: KAB. LUMAJANG | AX11: =DW11+ED11 -> 3410791.6 | AY11: =DX11+EE11 -> 3153910.3 | AZ11: =DY11+EF11 -> 800485.38 | BA11: =DZ11+EG11 -> 0 | BB11: =SUM(AX11:BA11) -> 7365187.2 | BC11: 08 | BD11: KAB. LUMAJANG | BE11: 2533.5872 | BF11: 0 | BG11: 0 | BH11: 0 | BI11: 2533.5872 | BJ11: 08 | BK11: KAB. LUMAJANG | BL11: 1363.5878 | BM11: 1325.3573 | BN11: 0 | BO11: 0 | BP11: 2688.9451 | BQ11: 08 | BR11: KAB. LUMAJANG | BS11: 0 | BT11: 0 | BU11: 0 | BV11: 0 | BW11: 0 | BX11: 08 | BY11: KAB. LUMAJANG | BZ11: 793560.28 | CA11: 463540.84 | CB11: 0 | CC11: 0 | CD11: 1257101.1 | CE11: 08 | CF11: KAB. LUMAJANG | CG11: 0 | CH11: 0 | CI11: 0 | CJ11: 0 | CK11: 0 | CL11: 08 | CM11: KAB. LUMAJANG | CN11: 0 | CO11: 0 | CP11: 0 | CQ11: 0 | CR11: 0 | CS11: 08 | CT11: KAB. LUMAJANG | CU11: 70420.618 | CV11: 9542.5728 | CW11: 0 | CX11: 0 | CY11: 79963.191 | CZ11: 08 | DA11: KAB. LUMAJANG | DB11: 0 | DC11: 0 | DD11: 0 | DE11: 0 | DF11: 0 | DG11: 08 | DH11: KAB. LUMAJANG | DI11: 2551.2109 | DJ11: 1378.3716 | DK11: 0 | DL11: 0 | DM11: 3929.5825 | DN11: 08 | DO11: KAB. LUMAJANG | DP11: 7261.4425 | DQ11: 1908.5146 | DR11: 0 | DS11: 0 | DT11: 9169.9571 | DU11: 08 | DV11: KAB. LUMAJANG | DW11: 72130.617 | DX11: 44293.955 | DY11: 800485.38 | DZ11: 0 | EA11: 916909.95 | EB11: 08 | EC11: KAB. LUMAJANG | ED11: 3338660.9 | EE11: 3109616.4 | EF11: 0 | EG11: 0 | EH11: 6448277.3
A12: 09 | B12: KAB. JEMBER | C12: =BI12 -> 99196.051 | D12: =BP12 -> 20.855531 | E12: =BW12 -> 0 | F12: =CD12 -> 6520141.8 | G12: =CK12 -> 187928.08 | H12: =CR12 -> 0 | I12: =CY12 -> 578779.57 | J12: =DM12 -> 510.74771 | K12: =DF12 -> 846573.29 | L12: =DT12 -> 8642.3506 | M12: =EH12 -> 2349771.1 | N12: =EA12 -> 18024198 | O12: =SUM(C12:N12) -> 28615761 | P12: 09 | Q12: KAB. JEMBER | R12: =C12 -> 99196.051 | S12: =D12 -> 20.855531 | T12: =E12 -> 0 | U12: =F12 -> 6520141.8 | V12: =G12 -> 187928.08 | W12: =H12 -> 0 | X12: =I12 -> 578779.57 | Y12: =J12 -> 510.74771 | ... AA12: =L12 -> 8642.3506 | AB12: =SUM(R12:AA12) -> 8241792.7 | AC12: 09 | AD12: KAB. JEMBER | AE12: =M12 -> 2349771.1 | AF12: =N12 -> 18024198 | AG12: =SUM(AE12:AF12) -> 20373969 | AH12: 09 | AI12: KAB. JEMBER | AJ12: =AQ12+AX12 -> 1934034.6 | AK12: =AR12+AY12 -> 8426008.7 | AL12: =AS12+AZ12 -> 17574721 | AM12: =AT12+BA12 -> 680996.94 | AN12: =SUM(AJ12:AM12) -> 28615761 | AO12: 09 | AP12: KAB. JEMBER | AQ12: =BE12+BL12+BS12+BZ12+CG12+CN12+CU12+DB12+DI12+DP12 -> 1605018.3 | AR12: =BF12+BM12+BT12+CA12+CH12+CO12+CV12+DC12+DJ12+DQ12 -> 4754814 | AS12: =BG12+BN12+BU12+CB12+CI12+CP12+CW12+DD12+DK12+DR12 -> 1881960.5 | AT12: =BH12+BO12+BV12+CC12+CJ12+CQ12+CX12+DE12+DL12+DS12 -> 0 | AU12: =SUM(AQ12:AT12) -> 8241792.7 | AV12: 09 | AW12: KAB. JEMBER | AX12: =DW12+ED12 -> 329016.31 | AY12: =DX12+EE12 -> 3671194.8 | AZ12: =DY12+EF12 -> 15692761 | BA12: =DZ12+EG12 -> 680996.94 | BB12: =SUM(AX12:BA12) -> 20373969 | BC12: 09 | BD12: KAB. JEMBER | BE12: 96711.786 | BF12: 2484.2655 | BG12: 0 | BH12: 0 | BI12: 99196.051 | BJ12: 09 | BK12: KAB. JEMBER | BL12: 0 | BM12: 0 | BN12: 20.855531 | BO12: 0 | BP12: 20.855531 | BQ12: 09 | BR12: KAB. JEMBER | BS12: 0 | BT12: 0 | BU12: 0 | BV12: 0 | BW12: 0 | BX12: 09 | BY12: KAB. JEMBER | BZ12: 576051.37 | CA12: 4110231.6 | CB12: 1833858.7 | CC12: 0 | CD12: 6520141.8 | CE12: 09 | CF12: KAB. JEMBER | CG12: 171166.74 | CH12: 16761.334 | CI12: 0 | CJ12: 0 | CK12: 187928.08 | CL12: 09 | CM12: KAB. JEMBER | CN12: 0 | CO12: 0 | CP12: 0 | CQ12: 0 | CR12: 0 | CS12: 09 | CT12: KAB. JEMBER | CU12: 40210.502 | CV12: 492871.69 | CW12: 45697.371 | CX12: 0 | CY12: 578779.57 | CZ12: 09 | DA12: KAB. JEMBER | DB12: 717889.29 | DC12: 126300.51 | DD12: 2383.4893 | DE12: 0 | DF12: 846573.29 | DG12: 09 | DH12: KAB. JEMBER | DI12: 510.74771 | DJ12: 0 | DK12: 0 | DL12: 0 | DM12: 510.74771 | DN12: 09 | DO12: KAB. JEMBER | DP12: 2477.8362 | DQ12: 6164.5144 | DR12: 0 | DS12: 0 | DT12: 8642.3506 | DU12: 09 | DV12: KAB. JEMBER | DW12: 12106.137 | DX12: 2484826.6 | DY12: 14846268 | DZ12: 680996.94 | EA12: 18024198 | EB12: 09 | EC12: KAB. JEMBER | ED12: 316910.18 | EE12: 1186368.2 | EF12: 846492.78 | EG12: 0 | EH12: 2349771.1
A13: 10 | B13: KAB. BANYUWANGI | C13: =BI13 -> 0 | D13: =BP13 -> 6478.9951 | E13: =BW13 -> 6.8899913e+08 | F13: =CD13 -> 29740540 | G13: =CK13 -> 3066.975 | H13: =CR13 -> 3.035839e+08 | I13: =CY13 -> 139506.12 | J13: =DM13 -> 6.6152697e+08 | K13: =DF13 -> 26207126 | L13: =DT13 -> 29388.131 | M13: =EH13 -> 2266041.7 | N13: =EA13 -> 1.0980408e+09 | O13: =SUM(C13:N13) -> 2.8105429e+09 | P13: 10 | Q13: KAB. BANYUWANGI | R13: =C13 -> 0 | S13: =D13 -> 6478.9951 | T13: =E13 -> 6.8899913e+08 | U13: =F13 -> 29740540 | V13: =G13 -> 3066.975 | W13: =H13 -> 3.035839e+08 | X13: =I13 -> 139506.12 | Y13: =J13 -> 6.6152697e+08 | ... AA13: =L13 -> 29388.131 | AB13: =SUM(R13:AA13) -> 1.7102361e+09 | AC13: 10 | AD13: KAB. BANYUWANGI | AE13: =M13 -> 2266041.7 | AF13: =N13 -> 1.0980408e+09 | AG13: =SUM(AE13:AF13) -> 1.1003068e+09 | AH13: 10 | AI13: KAB. BANYUWANGI | AJ13: =AQ13+AX13 -> 1997850.6 | AK13: =AR13+AY13 -> 3111189 | AL13: =AS13+AZ13 -> 1.1856931e+08 | AM13: =AT13+BA13 -> 2.6868646e+09 | AN13: =SUM(AJ13:AM13) -> 2.8105429e+09 | AO13: 10 | AP13: KAB. BANYUWANGI | AQ13: =BE13+BL13+BS13+BZ13+CG13+CN13+CU13+DB13+DI13+DP13 -> 431394.32 | AR13: =BF13+BM13+BT13+CA13+CH13+CO13+CV13+DC13+DJ13+DQ13 -> 2402855.5 | AS13: =BG13+BN13+BU13+CB13+CI13+CP13+CW13+DD13+DK13+DR13 -> 1.1856931e+08 | AT13: =BH13+BO13+BV13+CC13+CJ13+CQ13+CX13+DE13+DL13+DS13 -> 1.5888325e+09 | AU13: =SUM(AQ13:AT13) -> 1.7102361e+09 | AV13: 10 | AW13: KAB. BANYUWANGI | AX13: =DW13+ED13 -> 1566456.2 | AY13: =DX13+EE13 -> 708333.47 | AZ13: =DY13+EF13 -> 0 | BA13: =DZ13+EG13 -> 1.098032e+09 | BB13: =SUM(AX13:BA13) -> 1.1003068e+09 | BC13: 10 | BD13: KAB. BANYUWANGI | BE13: 0 | BF13: 0 | BG13: 0 | BH13: 0 | BI13: 0 | BJ13: 10 | BK13: KAB. BANYUWANGI | BL13: 1177.5658 | BM13: 0 | BN13: 0 | BO13: 5301.4293 | BP13: 6478.9951 | BQ13: 10 | BR13: KAB. BANYUWANGI | BS13: 0 | BT13: 25372.641 | BU13: 1908514.6 | BV13: 6.8706524e+08 | BW13: 6.8899913e+08 | BX13: 10 | BY13: KAB. BANYUWANGI | BZ13: 301260.78 | CA13: 1574966.2 | CB13: 0 | CC13: 27864313 | CD13: 29740540 | CE13: 10 | CF13: KAB. BANYUWANGI | CG13: 1476.5462 | CH13: 1590.4288 | CI13: 0 | CJ13: 0 | CK13: 3066.975 | CL13: 10 | CM13: KAB. BANYUWANGI | CN13: 0 | CO13: 0 | CP13: 1.1135407e+08 | CQ13: 1.9222983e+08 | CR13: 3.035839e+08 | CS13: 10 | CT13: KAB. BANYUWANGI | CU13: 86058.147 | CV13: 53447.976 | CW13: 0 | CX13: 0 | CY13: 139506.12 | CZ13: 10 | DA13: KAB. BANYUWANGI | DB13: 12142.568 | DC13: 742821.53 | DD13: 5301.4293 | DE13: 25446861 | DF13: 26207126 | DG13: 10 | DH13: KAB. BANYUWANGI | DI13: 2045.2081 | DJ13: 2502.1495 | DK13: 5301429.3 | DL13: 6.56221e+08 | DM13: 6.6152697e+08 | DN13: 10 | DO13: KAB. BANYUWANGI | DP13: 27233.509 | DQ13: 2154.6216 | DR13: 0 | DS13: 0 | DT13: 29388.131 | DU13: 10 | DV13: KAB. BANYUWANGI | DW13: 8748.0378 | DX13: 0 | DY13: 0 | DZ13: 1.098032e+09 | EA13: 1.0980408e+09 | EB13: 10 | EC13: KAB. BANYUWANGI | ED13: 1557708.2 | EE13: 708333.47 | EF13: 0 | EG13: 0 | EH13: 2266041.7
A14: 11 | B14: KAB. BONDOWOSO | C14: =BI14 -> 0 | D14: =BP14 -> 47185.131 | E14: =BW14 -> 0 | F14: =CD14 -> 36934.683 | G14: =CK14 -> 0 | H14: =CR14 -> 0 | I14: =CY14 -> 17.87617 | J14: =DM14 -> 0 | K14: =DF14 -> 0 | L14: =DT14 -> 47611.121 | M14: =EH14 -> 1037582.8 | N14: =EA14 -> 86199.117 | O14: =SUM(C14:N14) -> 1255530.8 | P14: 11 | Q14: KAB. BONDOWOSO | R14: =C14 -> 0 | S14: =D14 -> 47185.131 | T14: =E14 -> 0 | U14: =F14 -> 36934.683 | V14: =G14 -> 0 | W14: =H14 -> 0 | X14: =I14 -> 17.87617 | Y14: =J14 -> 0 | ... AA14: =L14 -> 47611.121 | AB14: =SUM(R14:AA14) -> 131748.81 | AC14: 11 | AD14: KAB. BONDOWOSO | AE14: =M14 -> 1037582.8 | AF14: =N14 -> 86199.117 | AG14: =SUM(AE14:AF14) -> 1123781.9 | AH14: 11 | AI14: KAB. BONDOWOSO | AJ14: =AQ14+AX14 -> 1255530.8 | AK14: =AR14+AY14 -> 0 | AL14: =AS14+AZ14 -> 0 | AM14: =AT14+BA14 -> 0 | AN14: =SUM(AJ14:AM14) -> 1255530.8 | AO14: 11 | AP14: KAB. BONDOWOSO | AQ14: =BE14+BL14+BS14+BZ14+CG14+CN14+CU14+DB14+DI14+DP14 -> 131748.81 | AR14: =BF14+BM14+BT14+CA14+CH14+CO14+CV14+DC14+DJ14+DQ14 -> 0 | AS14: =BG14+BN14+BU14+CB14+CI14+CP14+CW14+DD14+DK14+DR14 -> 0 | AT14: =BH14+BO14+BV14+CC14+CJ14+CQ14+CX14+DE14+DL14+DS14 -> 0 | AU14: =SUM(AQ14:AT14) -> 131748.81 | AV14: 11 | AW14: KAB. BONDOWOSO | AX14: =DW14+ED14 -> 1123781.9 | AY14: =DX14+EE14 -> 0 | AZ14: =DY14+EF14 -> 0 | BA14: =DZ14+EG14 -> 0 | BB14: =SUM(AX14:BA14) -> 1123781.9 | BC14: 11 | BD14: KAB. BONDOWOSO | BE14: 0 | BF14: 0 | BG14: 0 | BH14: 0 | BI14: 0 | BJ14: 11 | BK14: KAB. BONDOWOSO | BL14: 47185.131 | BM14: 0 | BN14: 0 | BO14: 0 | BP14: 47185.131 | BQ14: 11 | BR14: KAB. BONDOWOSO | BS14: 0 | BT14: 0 | BU14: 0 | BV14: 0 | BW14: 0 | BX14: 11 | BY14: KAB. BONDOWOSO | BZ14: 36934.683 | CA14: 0 | CB14: 0 | CC14: 0 | CD14: 36934.683 | CE14: 11 | CF14: KAB. BONDOWOSO | CG14: 0 | CH14: 0 | CI14: 0 | CJ14: 0 | CK14: 0 | CL14: 11 | CM14: KAB. BONDOWOSO | CN14: 0 | CO14: 0 | CP14: 0 | CQ14: 0 | CR14: 0 | CS14: 11 | CT14: KAB. BONDOWOSO | CU14: 17.87617 | CV14: 0 | CW14: 0 | CX14: 0 | CY14: 17.87617 | CZ14: 11 | DA14: KAB. BONDOWOSO | DB14: 0 | DC14: 0 | DD14: 0 | DE14: 0 | DF14: 0 | DG14: 11 | DH14: KAB. BONDOWOSO | DI14: 0 | DJ14: 0 | DK14: 0 | DL14: 0 | DM14: 0 | DN14: 11 | DO14: KAB. BONDOWOSO | DP14: 47611.121 | DQ14: 0 | DR14: 0 | DS14: 0 | DT14: 47611.121 | DU14: 11 | DV14: KAB. BONDOWOSO | DW14: 86199.117 | DX14: 0 | DY14: 0 | DZ14: 0 | EA14: 86199.117 | EB14: 11 | EC14: KAB. BONDOWOSO | ED14: 1037582.8 | EE14: 0 | EF14: 0 | EG14: 0 | EH14: 1037582.8
A15: 12 | B15: KAB. SITUBONDO | C15: =BI15 -> 0 | D15: =BP15 -> 0 | E15: =BW15 -> 62980981 | F15: =CD15 -> 999178.89 | G15: =CK15 -> 11978.295 | H15: =CR15 -> 0 | I15: =CY15 -> 0 | J15: =DM15 -> 1696.4292 | K15: =DF15 -> 153370.84 | L15: =DT15 -> 245814.62 | M15: =EH15 -> 453368.1 | N15: =EA15 -> 24480284 | O15: =SUM(C15:N15) -> 89326672 | P15: 12 | Q15: KAB. SITUBONDO | R15: =C15 -> 0 | S15: =D15 -> 0 | T15: =E15 -> 62980981 | U15: =F15 -> 999178.89 | V15: =G15 -> 11978.295 | W15: =H15 -> 0 | X15: =I15 -> 0 | Y15: =J15 -> 1696.4292 | ... AA15: =L15 -> 245814.62 | AB15: =SUM(R15:AA15) -> 64393020 | AC15: 12 | AD15: KAB. SITUBONDO | AE15: =M15 -> 453368.1 | AF15: =N15 -> 24480284 | AG15: =SUM(AE15:AF15) -> 24933652 | AH15: 12 | AI15: KAB. SITUBONDO | AJ15: =AQ15+AX15 -> 1074188.7 | AK15: =AR15+AY15 -> 6115444.4 | AL15: =AS15+AZ15 -> 70912.703 | AM15: =AT15+BA15 -> 82066126 | AN15: =SUM(AJ15:AM15) -> 89326672 | AO15: 12 | AP15: KAB. SITUBONDO | AQ15: =BE15+BL15+BS15+BZ15+CG15+CN15+CU15+DB15+DI15+DP15 -> 741916.72 | AR15: =BF15+BM15+BT15+CA15+CH15+CO15+CV15+DC15+DJ15+DQ15 -> 666520.9 | AS15: =BG15+BN15+BU15+CB15+CI15+CP15+CW15+DD15+DK15+DR15 -> 3601.4501 | AT15: =BH15+BO15+BV15+CC15+CJ15+CQ15+CX15+DE15+DL15+DS15 -> 62980981 | AU15: =SUM(AQ15:AT15) -> 64393020 | AV15: 12 | AW15: KAB. SITUBONDO | AX15: =DW15+ED15 -> 332271.95 | AY15: =DX15+EE15 -> 5448923.5 | AZ15: =DY15+EF15 -> 67311.253 | BA15: =DZ15+EG15 -> 19085146 | BB15: =SUM(AX15:BA15) -> 24933652 | BC15: 12 | BD15: KAB. SITUBONDO | BE15: 0 | BF15: 0 | BG15: 0 | BH15: 0 | BI15: 0 | BJ15: 12 | BK15: KAB. SITUBONDO | BL15: 0 | BM15: 0 | BN15: 0 | BO15: 0 | BP15: 0 | BQ15: 12 | BR15: KAB. SITUBONDO | BS15: 0 | BT15: 0 | BU15: 0 | BV15: 62980981 | BW15: 62980981 | BX15: 12 | BY15: KAB. SITUBONDO | BZ15: 443088.48 | CA15: 556069.13 | CB15: 21.281154 | CC15: 0 | CD15: 999178.89 | CE15: 12 | CF15: KAB. SITUBONDO | CG15: 9296.4818 | CH15: 2681.8134 | CI15: 0 | CJ15: 0 | CK15: 11978.295 | CL15: 12 | CM15: KAB. SITUBONDO | CN15: 0 | CO15: 0 | CP15: 0 | CQ15: 0 | CR15: 0 | CS15: 12 | CT15: KAB. SITUBONDO | CU15: 0 | CV15: 0 | CW15: 0 | CX15: 0 | CY15: 0 | CZ15: 12 | DA15: KAB. SITUBONDO | DB15: 42020.707 | DC15: 107769.96 | DD15: 3580.1689 | DE15: 0 | DF15: 153370.84 | DG15: 12 | DH15: KAB. SITUBONDO | DI15: 1696.4292 | DJ15: 0 | DK15: 0 | DL15: 0 | DM15: 1696.4292 | DN15: 12 | DO15: KAB. SITUBONDO | DP15: 245814.62 | DQ15: 0 | DR15: 0 | DS15: 0 | DT15: 245814.62 | DU15: 12 | DV15: KAB. SITUBONDO | DW15: 118001.62 | DX15: 5209825.7 | DY15: 67311.253 | DZ15: 19085146 | EA15: 24480284 | EB15: 12 | EC15: KAB. SITUBONDO | ED15: 214270.32 | EE15: 239097.78 | EF15: 0 | EG15: 0 | EH15: 453368.1
... A41: 79 | B41: KOTA BATU | C41: =BI41 -> 0 | D41: =BP41 -> 2442.9577 | E41: =BW41 -> 0 | F41: =CD41 -> 1205.8873 | G41: =CK41 -> 151.81991 | H41: =CR41 -> 0 | I41: =CY41 -> 0 | J41: =DM41 -> 0 | K41: =DF41 -> 104.73556 | L41: =DT41 -> 8947.7004 | M41: =EH41 -> 253276.11 | N41: =EA41 -> 0 | O41: =SUM(C41:N41) -> 266129.21 | P41: 79 | Q41: KOTA BATU | R41: =C41 -> 0 | S41: =D41 -> 2442.9577 | T41: =E41 -> 0 | U41: =F41 -> 1205.8873 | V41: =G41 -> 151.81991 | W41: =H41 -> 0 | X41: =I41 -> 0 | Y41: =J41 -> 0 | ... AA41: =L41 -> 8947.7004 | AB41: =SUM(R41:AA41) -> 12853.101 | AC41: 79 | AD41: KOTA BATU | AE41: =M41 -> 253276.11 | AF41: =N41 -> 0 | AG41: =SUM(AE41:AF41) -> 253276.11 | AH41: 79 | AI41: KOTA BATU | AJ41: =AQ41+AX41 -> 34971.326 | AK41: =AR41+AY41 -> 231157.89 | AL41: =AS41+AZ41 -> 0 | AM41: =AT41+BA41 -> 0 | AN41: =SUM(AJ41:AM41) -> 266129.21 | AO41: 79 | AP41: KOTA BATU | AQ41: =BE41+BL41+BS41+BZ41+CG41+CN41+CU41+DB41+DI41+DP41 -> 11576.2 | AR41: =BF41+BM41+BT41+CA41+CH41+CO41+CV41+DC41+DJ41+DQ41 -> 1276.901 | AS41: =BG41+BN41+BU41+CB41+CI41+CP41+CW41+DD41+DK41+DR41 -> 0 | AT41: =BH41+BO41+BV41+CC41+CJ41+CQ41+CX41+DE41+DL41+DS41 -> 0 | AU41: =SUM(AQ41:AT41) -> 12853.101 | AV41: 79 | AW41: KOTA BATU | AX41: =DW41+ED41 -> 23395.126 | AY41: =DX41+EE41 -> 229880.99 | AZ41: =DY41+EF41 -> 0 | BA41: =DZ41+EG41 -> 0 | BB41: =SUM(AX41:BA41) -> 253276.11 | BC41: 79 | BD41: KOTA BATU | BE41: 0 | BF41: 0 | BG41: 0 | BH41: 0 | BI41: 0 | BJ41: 79 | BK41: KOTA BATU | BL41: 2442.9577 | BM41: 0 | BN41: 0 | BO41: 0 | BP41: 2442.9577 | BQ41: 79 | BR41: KOTA BATU | BS41: 0 | BT41: 0 | BU41: 0 | BV41: 0 | BW41: 0 | BX41: 79 | BY41: KOTA BATU | BZ41: 1205.8873 | CA41: 0 | CB41: 0 | CC41: 0 | CD41: 1205.8873 | CE41: 79 | CF41: KOTA BATU | CG41: 62.439057 | CH41: 89.380849 | CI41: 0 | CJ41: 0 | CK41: 151.81991 | CL41: 79 | CM41: KOTA BATU | CN41: 0 | CO41: 0 | CP41: 0 | CQ41: 0 | CR41: 0 | CS41: 79 | CT41: KOTA BATU | CU41: 0 | CV41: 0 | CW41: 0 | CX41: 0 | CY41: 0 | CZ41: 79 | DA41: KOTA BATU | DB41: 104.73556 | DC41: 0 | DD41: 0 | DE41: 0 | DF41: 104.73556 | DG41: 79 | DH41: KOTA BATU | DI41: 0 | DJ41: 0 | DK41: 0 | DL41: 0 | DM41: 0 | DN41: 79 | DO41: KOTA BATU | DP41: 7760.1802 | DQ41: 1187.5202 | DR41: 0 | DS41: 0 | DT41: 8947.7004 | DU41: 79 | DV41: KOTA BATU | DW41: 0 | DX41: 0 | DY41: 0 | DZ41: 0 | EA41: 0 | EB41: 79 | EC41: KOTA BATU | ED41: 23395.126 | EE41: 229880.99 | EF41: 0 | EG41: 0 | EH41: 253276.11
B42: Grand Total | C42: =SUM(C4:C41) -> 2466866.1 | D42: =SUM(D4:D41) -> 29415823 | E42: =SUM(E4:E41) -> 1.977869e+09 | F42: =SUM(F4:F41) -> 62494418 | G42: =SUM(G4:G41) -> 1.5628415e+08 | H42: =SUM(H4:H41) -> 3.2272736e+08 | I42: =SUM(I4:I41) -> 38916243 | J42: =SUM(J4:J41) -> 7.6507858e+08 | ... O42: =SUM(O4:O41) -> 5.5739355e+09 | Q42: Grand Total | R42: =SUM(R4:R41) -> 2466866.1 | S42: =SUM(S4:S41) -> 29415823 | T42: =SUM(T4:T41) -> 1.977869e+09 | U42: =SUM(U4:U41) -> 62494418 | V42: =SUM(V4:V41) -> 1.5628415e+08 | W42: =SUM(W4:W41) -> 3.2272736e+08 | X42: =SUM(X4:X41) -> 38916243 | Y42: =SUM(Y4:Y41) -> 7.6507858e+08 | ... AB42: =SUM(AB4:AB41) -> 3.7711006e+09 | AD42: Grand Total | AE42: =SUM(AE4:AE41) -> 56212207 | AF42: =SUM(AF4:AF41) -> 1.7466227e+09 | AG42: =SUM(AG4:AG41) -> 1.8028349e+09 | AI42: Grand Total | AJ42: =SUM(AJ4:AJ41) -> 3.8793128e+08 | AK42: =SUM(AK4:AK41) -> 1.2544832e+08 | AL42: =SUM(AL4:AL41) -> 3.620796e+08 | AM42: =SUM(AM4:AM41) -> 4.6984763e+09 | AN42: =SUM(AN4:AN41) -> 5.5739355e+09 | AP42: Grand Total | AQ42: =SUM(AQ4:AQ41) -> 3.5901853e+08 | AR42: =SUM(AR4:AR41) -> 65521845 | AS42: =SUM(AS4:AS41) -> 2.5464478e+08 | AT42: =SUM(AT4:AT41) -> 3.0919155e+09 | AU42: =SUM(AU4:AU41) -> 3.7711006e+09 | AW42: Grand Total | AX42: =SUM(AX4:AX41) -> 28912754 | AY42: =SUM(AY4:AY41) -> 59926473 | AZ42: =SUM(AZ4:AZ41) -> 1.0743482e+08 | BA42: =SUM(BA4:BA41) -> 1.6065609e+09 | BB42: =SUM(BB4:BB41) -> 1.8028349e+09 | BD42: Grand Total | BE42: 2274591.7 | BF42: 117060.33 | BG42: 75214.105 | BH42: 0 | BI42: 2466866.1 | BK42: Grand Total | BL42: 409307.98 | BM42: 4316787.7 | BN42: 2365407.9 | BO42: 22324319 | BP42: 29415823 | BR42: Grand Total | BS42: 9419007.3 | BT42: 20844453 | BU42: 97064967 | BV42: 1.8505406e+09 | BW42: 1.977869e+09 | BY42: Grand Total | BZ42: 9905818.3 | CA42: 11290834 | CB42: 12670047 | CC42: 28627718 | CD42: 62494418 | CF42: Grand Total | CG42: 1.5026373e+08 | CH42: 5704745.5 | CI42: 172393.84 | CJ42: 143276.17 | CK42: 1.5628415e+08 | CM42: Grand Total | CN42: 0 | CO42: 0 | CP42: 1.2731879e+08 | CQ42: 1.9540856e+08 | CR42: 3.2272736e+08 | CT42: Grand Total | CU42: 33437670 | CV42: 4751900.3 | CW42: 726672.52 | CX42: 0 | CY42: 38916243 | DA42: Grand Total | DB42: 12548130 | DC42: 6746413.1 | DD42: 7114917 | DE42: 88262437 | DF42: 1.146719e+08 | DH42: Grand Total | DI42: 85979723 | DJ42: 329771.69 | DK42: 5668333.3 | DL42: 6.7310075e+08 | DM42: 7.6507858e+08 | DO42: Grand Total | DP42: 54780549 | DQ42: 11419879 | DR42: 1468033.2 | DS42: 2.3350782e+08 | DT42: 3.0117628e+08 | DV42: Grand Total | DW42: 4203302.1 | DX42: 31055264 | DY42: 1.0490758e+08 | DZ42: 1.6064566e+09 | EA42: 1.7466227e+09 | EC42: Grand Total | ED42: 24709452 | EE42: 28871209 | EF42: 2527247.5 | EG42: 104298.51 | EH42: 56212207
O43: =AB42+AG42 -> 5.5739355e+09 | AN43: =O42 -> 5.5739355e+09 | AU43: =AB42 -> 3.7711006e+09 | BB43: =AG42 -> 1.8028349e+09
B47: =A1 -> Tabel 19 Jumlah Kapasitas (Kg) berdasarkan Jenis Kegiatan
B48: =P1 -> Tabel 20 Jumlah Kapasitas (Kg) berdasarkan Jenis Kegiatan Pengolahan
B49: =AC1 -> Tabel 21 Jumlah Kapasitas (Kg) berdasarkan Jenis Kegiatan Pemasaran
B50: =AH1 -> Tabel 22 Jumlah Kapasitas (Kg) berdasarkan Skala Usaha
B51: =AO1 -> Tabel 23 Jumlah Kapasitas (Kg) berdasarkan Skala Usaha pada Kegiatan Pengolahan
B52: =AV1 -> Tabel 24 Jumlah Kapasitas (Kg) berdasarkan Skala Usaha pada Kegiatan Pemasaran
B53: =BC1 -> Tabel 25 Jumlah Kapasitas (Kg) berdasarkan Skala Usaha pada Jenis Kegiatan Fermentasi
B54: =BJ1 -> Tabel 26 Jumlah Kapasitas (Kg) berdasarkan Skala Usaha pada Jenis Kegiatan Pelumatan Daging Ikan
B55: =BQ1 -> Tabel 27 Jumlah Kapasitas (Kg) berdasarkan Skala Usaha pada Jenis Kegiatan Pembekuan
B56: =BX1 -> Tabel 28 Jumlah Kapasitas (Kg) berdasarkan Skala Usaha pada Jenis Kegiatan Pemindangan
B57: =CE1 -> Tabel 29 Jumlah Kapasitas (Kg) berdasarkan Skala Usaha pada Jenis Kegiatan Penanganan Produk Segar
B58: =CL1 -> Tabel 30 Jumlah Kapasitas (Kg) berdasarkan Skala Usaha pada Jenis Kegiatan Pengalengan
B59: =CS1 -> Tabel 31 Jumlah Kapasitas (Kg) berdasarkan Skala Usaha pada Jenis Kegiatan Pengasapan / Pemanggangan
B60: =CZ1 -> Tabel 32 Jumlah Kapasitas (Kg) berdasarkan Skala Usaha pada Jenis Kegiatan Penggaraman / Pengeringan
B61: =DG1 -> Tabel 33 Jumlah Kapasitas (Kg) berdasarkan Skala Usaha pada Jenis Kegiatan Pereduksian/Ekstraksi
B62: =DN1 -> Tabel 34 Jumlah Kapasitas (Kg) berdasarkan Skala Usaha pada Jenis Kegiatan Pengolahan Lainnya
B63: =DU1 -> Tabel 35 Jumlah Kapasitas (Kg) berdasarkan Skala Usaha pada Jenis Kegiatan Pengumpul/Pedagang Besar/Distributor
B64: =EB1 -> Tabel 36 Jumlah Kapasitas (Kg) berdasarkan Skala Usaha pada Jenis Kegiatan Pengecer
A67: No | B67: Jenis Kegiatan | C67: Jumlah (Kg)
A68: 1 | B68: Fermentasi | C68: =C42 -> 2466866.1
A69: 2 | B69: Pelumatan Daging Ikan | C69: =D42 -> 29415823
A70: 3 | B70: Pembekuan | C70: =E42 -> 1.977869e+09
A71: 4 | B71: Pemindangan | C71: =F42 -> 62494418
A72: 5 | B72: Penanganan Produk Segar | C72: =G42 -> 1.5628415e+08
A73: 6 | B73: Pengalengan | C73: =H42 -> 3.2272736e+08
A74: 7 | B74: Pengasapan/Pemanggangan | C74: =I42 -> 38916243
A75: 8 | B75: Pengecer | C75: =J42 -> 7.6507858e+08
A76: 9 | B76: Penggaraman/Pengeringan | C76: =K42 -> 1.146719e+08
A77: 10 | B77: Pengolahan Lainnya | C77: =L42 -> 3.0117628e+08
A78: 11 | B78: Pengumpul/Pedagang Besar/Distributor | C78: =M42 -> 56212207
A79: 12 | B79: Pereduksian/Ekstraksi | C79: =N42 -> 1.7466227e+09
B80: Jumlah | C80: =O42 -> 5.5739355e+09 | D80: =SUM(C68:C79) -> 5.5739355e+09
A83: No | B83: Skala Usaha | C83: Jumlah (Kg)
A84: 1 | B84: Mikro | C84: =AJ42 -> 3.8793128e+08
A85: 2 | B85: Kecil | C85: =AK42 -> 1.2544832e+08
A86: 3 | B86: Menengah | C86: =AL42 -> 3.620796e+08
A87: 4 | B87: Besar | C87: =AM42 -> 4.6984763e+09
B88: Jumlah | C88: =AN42 -> 5.5739355e+09 | D88: =SUM(C84:C87) -> 5.5739355e+09
A91: No | B91: Kabupaten | C91: Jumlah (Kg)
A92: 1 | B92: Kab. Pacitan | C92: =O4 -> 1.5408867e+08
A93: 2 | B93: Kab. Ponorogo | C93: =O5 -> 2546155.7
A94: 3 | B94: Kab. Trenggalek | C94: =O6 -> 23065478
A95: 4 | B95: Kab. Tulungagung | C95: =O7 -> 28751985
A96: 5 | B96: Kab. Blitar | C96: =O8 -> 86641068
A97: 6 | B97: Kab. Kediri | C97: =O9 -> 921566.56
A98: 7 | B98: Kab. Malang | C98: =O10 -> 58349166
A99: 8 | B99: Kab. Lumajang | C99: =O11 -> 8720573.6
A100: 9 | B100: Kab. Jember | C100: =O12 -> 28615761
A101: 10 | B101: Kab. Banyuwangi | C101: =O13 -> 2.8105429e+09
A102: 11 | B102: Kab. Bondowoso | C102: =O14 -> 1255530.8
A103: 12 | B103: Kab. Situbondo | C103: =O15 -> 89326672
... A129: 38 | B129: Kota Batu | C129: =O41 -> 266129.21
B130: Jumlah | C130: =SUM(C92:C129) -> 5.5739355e+09

Sheet Biaya
A1: Tabel 37 Jumlah Biaya (Rp) berdasarkan Jenis Kegiatan | P1: Tabel 38 Jumlah Biaya (Rp) berdasarkan Jenis Kegiatan Pengolahan | AC1: Tabel 39 Jumlah Biaya (Rp) berdasarkan Jenis Kegiatan Pemasaran | AH1: Tabel 40 Jumlah Biaya (Rp) berdasarkan Skala Usaha | AO1: Tabel 41 Jumlah Biaya (Rp) berdasarkan Skala Usaha pada Kegiatan Pengolahan | AV1: Tabel 42 Jumlah Biaya (Rp) berdasarkan Skala Usaha pada Kegiatan Pemasaran | BC1: Tabel 43 Jumlah Biaya (Rp) berdasarkan Skala Usaha pada Jenis Kegiatan Fermentasi | BJ1: Tabel 44 Jumlah Biaya (Rp) berdasarkan Skala Usaha pada Jenis Kegiatan Pelumatan Daging Ikan | BQ1: Tabel 45 Jumlah Biaya (Rp) berdasarkan Skala Usaha pada Jenis Kegiatan Pembekuan | BX1: Tabel 46 Jumlah Biaya (Rp) berdasarkan Skala Usaha pada Jenis Kegiatan Pemindangan | CE1: Tabel 47 Jumlah Biaya (Rp) berdasarkan Skala Usaha pada Jenis Kegiatan Penanganan Produk Segar | CL1: Tabel 48 Jumlah Biaya (Rp) berdasarkan Skala Usaha pada Jenis Kegiatan Pengalengan | CS1: Tabel 49 Jumlah Biaya (Rp) berdasarkan Skala Usaha pada Jenis Kegiatan Pengasapan / Pemanggangan | CZ1: Tabel 50 Jumlah Biaya (Rp) berdasarkan Skala Usaha pada Jenis Kegiatan Penggaraman / Pengeringan | DG1: Tabel 51 Jumlah Biaya (Rp) berdasarkan Skala Usaha pada Jenis Kegiatan Pereduksian/Ekstraksi | DN1: Tabel 52 Jumlah Biaya (Rp) berdasarkan Skala Usaha pada Jenis Kegiatan Pengolahan Lainnya | DU1: Tabel 53 Jumlah Biaya (Rp) berdasarkan Skala Usaha pada Jenis Kegiatan Pengumpul/Pedagang Besar/Distributor | EB1: Tabel 54 Jumlah Biaya (Rp) berdasarkan Skala Usaha pada Jenis Kegiatan Pengecer
A2: No | B2: Kabupaten/Kota | C2: Jenis Kegiatan | O2: Jumlah Total | P2: No | Q2: Kabupaten/Kota | R2: Jenis Kegiatan | AB2: Jumlah Total | AC2: No | AD2: Kabupaten/Kota | AE2: Jenis Kegiatan | AG2: Jumlah Total | AH2: No | AI2: Kabupaten/Kota | AJ2: Skala Usaha | AN2: Jumlah Total | AO2: No | AP2: Kabupaten/Kota | AQ2: Skala Usaha | AU2: Jumlah Total | AV2: No | AW2: Kabupaten/Kota | AX2: Skala Usaha | BB2: Jumlah Total | BC2: No | BD2: Kabupaten/Kota | BE2: Skala Usaha | BI2: Jumlah Total | BJ2: No | BK2: Kabupaten/Kota | BL2: Skala Usaha | BP2: Jumlah Total | BQ2: No | BR2: Kabupaten/Kota | BS2: Skala Usaha | BW2: Jumlah Total | BX2: No | BY2: Kabupaten/Kota | BZ2: Skala Usaha | CD2: Jumlah Total | CE2: No | CF2: Kabupaten/Kota | CG2: Skala Usaha | CK2: Jumlah Total | CL2: No | CM2: Kabupaten/Kota | CN2: Skala Usaha | CR2: Jumlah Total | CS2: No | CT2: Kabupaten/Kota | CU2: Skala Usaha | CY2: Jumlah Total | CZ2: No | DA2: Kabupaten/Kota | DB2: Skala Usaha | DF2: Jumlah Total | DG2: No | DH2: Kabupaten/Kota | DI2: Skala Usaha | DM2: Jumlah Total | DN2: No | DO2: Kabupaten/Kota | DP2: Skala Usaha | DT2: Jumlah Total | DU2: No | DV2: Kabupaten/Kota | DW2: Skala Usaha | EA2: Jumlah Total | EB2: No | EC2: Kabupaten/Kota | ED2: Skala Usaha | EH2: Jumlah Total
C3: Fermentasi | D3: Pelumatan Daging Ikan | E3: Pembekuan | F3: Pemindangan | G3: Penanganan Produk Segar | H3: Pengalengan | I3: Pengasapan/ Pemanggangan | J3: Pereduksian/ Ekstraksi | K3: Penggaraman/ Pengeringan | L3: Pengolahan Lainnya | M3: Pengecer | N3: Pengumpul/ Pedagang Besar/ Distributor | R3: Fermentasi | S3: Pelumatan Daging Ikan | T3: Pembekuan | U3: Pemindangan | V3: Penanganan Produk Segar | W3: Pengalengan | X3: Pengasapan/ Pemanggangan | Y3: Pereduksian/ Ekstraksi | Z3: Penggaraman/ Pengeringan | AA3: Pengolahan Lainnya | AE3: Pengecer | AF3: Pengumpul/Pedagang Besar/Distributor | AJ3: Mikro | AK3: Kecil | AL3: Menengah | AM3: Besar | AQ3: Mikro | AR3: Kecil | AS3: Menengah | AT3: Besar | AX3: Mikro | AY3: Kecil | AZ3: Menengah | BA3: Besar | BE3: Mikro | BF3: Kecil | BG3: Menengah | BH3: Besar | BL3: Mikro | BM3: Kecil | BN3: Menengah | BO3: Besar | BS3: Mikro | BT3: Kecil | BU3: Menengah | BV3: Besar | BZ3: Mikro | CA3: Kecil | CB3: Menengah | CC3: Besar | CG3: Mikro | CH3: Kecil | CI3: Menengah | CJ3: Besar | CN3: Mikro | CO3: Kecil | CP3: Menengah | CQ3: Besar | CU3: Mikro | CV3: Kecil | CW3: Menengah | CX3: Besar | DB3: Mikro | DC3: Kecil | DD3: Menengah | DE3: Besar | DI3: Mikro | DJ3: Kecil | DK3: Menengah | DL3: Besar | DP3: Mikro | DQ3: Kecil | DR3: Menengah | DS3: Besar | DW3: Mikro | DX3: Kecil | DY3: Menengah | DZ3: Besar | ED3: Mikro | EE3: Kecil | EF3: Menengah | EG3: Besar
A4: 01 | B4: KAB. PACITAN | C4: =BI4 -> 3.5862813e+08 | D4: =BP4 -> 1.1758127e+10 | E4: =BW4 -> 1.435602e+10 | F4: =CD4 -> 93142054 | G4: =CK4 -> 3.6944261e+10 | H4: =CR4 -> 0 | I4: =CY4 -> 2.9258051e+08 | J4: =DM4 -> 846337.66 | K4: =DF4 -> 1.0439651e+09 | L4: =DT4 -> 8.2087114e+08 | M4: =EH4 -> 1.1477512e+09 | N4: =EA4 -> 49709116 | O4: =SUM(C4:N4) -> 6.6865902e+10 | P4: 01 | Q4: KAB. PACITAN | R4: =C4 -> 3.5862813e+08 | S4: =D4 -> 1.1758127e+10 | T4: =E4 -> 1.435602e+10 | U4: =F4 -> 93142054 | V4: =G4 -> 3.6944261e+10 | W4: =H4 -> 0 | X4: =I4 -> 2.9258051e+08 | Y4: =J4 -> 846337.66 | ... AA4: =L4 -> 8.2087114e+08 | AB4: =SUM(R4:AA4) -> 6.5668441e+10 | AC4: 01 | AD4: KAB. PACITAN | AE4: =M4 -> 1.1477512e+09 | AF4: =N4 -> 49709116 | AG4: =SUM(AE4:AF4) -> 1.1974603e+09 | AH4: 01 | AI4: KAB. PACITAN | AJ4: =AQ4+AX4 -> 5.0400451e+10 | AK4: =AR4+AY4 -> 1.2532029e+10 | AL4: =AS4+AZ4 -> 3.9334216e+09 | AM4: =AT4+BA4 -> 0 | AN4: =SUM(AJ4:AM4) -> 6.6865902e+10 | AO4: 01 | AP4: KAB. PACITAN | AQ4: =BE4+BL4+BS4+BZ4+CG4+CN4+CU4+DB4+DI4+DP4 -> 4.9239744e+10 | AR4: =BF4+BM4+BT4+CA4+CH4+CO4+CV4+DC4+DJ4+DQ4 -> 1.2495275e+10 | AS4: =BG4+BN4+BU4+CB4+CI4+CP4+CW4+DD4+DK4+DR4 -> 3.9334216e+09 | AT4: =BH4+BO4+BV4+CC4+CJ4+CQ4+CX4+DE4+DL4+DS4 -> 0 | AU4: =SUM(AQ4:AT4) -> 6.5668441e+10 | AV4: 01 | AW4: KAB. PACITAN | AX4: =DW4+ED4 -> 1.1607067e+09 | AY4: =DX4+EE4 -> 36753625 | AZ4: =DY4+EF4 -> 0 | BA4: =DZ4+EG4 -> 0 | BB4: =SUM(AX4:BA4) -> 1.1974603e+09 | BC4: 01 | BD4: KAB. PACITAN | BE4: 3.5862813e+08 | BF4: 0 | BG4: 0 | BH4: 0 | BI4: 3.5862813e+08 | BJ4: 01 | BK4: KAB. PACITAN | BL4: 7.7570604e+08 | BM4: 7.0489994e+09 | BN4: 3.9334216e+09 | BO4: 0 | BP4: 1.1758127e+10 | BQ4: 01 | BR4: KAB. PACITAN | BS4: 1.435602e+10 | BT4: 0 | BU4: 0 | BV4: 0 | BW4: 1.435602e+10 | BX4: 01 | BY4: KAB. PACITAN | BZ4: 93142054 | CA4: 0 | CB4: 0 | CC4: 0 | CD4: 93142054 | CE4: 01 | CF4: KAB. PACITAN | CG4: 3.1497985e+10 | CH4: 5.446276e+09 | CI4: 0 | CJ4: 0 | CK4: 3.6944261e+10 | CL4: 01 | CM4: KAB. PACITAN | CN4: 0 | CO4: 0 | CP4: 0 | CQ4: 0 | CR4: 0 | CS4: 01 | CT4: KAB. PACITAN | CU4: 2.9258051e+08 | CV4: 0 | CW4: 0 | CX4: 0 | CY4: 2.9258051e+08 | CZ4: 01 | DA4: KAB. PACITAN | DB4: 1.0439651e+09 | DC4: 0 | DD4: 0 | DE4: 0 | DF4: 1.0439651e+09 | DG4: 01 | DH4: KAB. PACITAN | DI4: 846337.66 | DJ4: 0 | DK4: 0 | DL4: 0 | DM4: 846337.66 | DN4: 01 | DO4: KAB. PACITAN | DP4: 8.2087114e+08 | DQ4: 0 | DR4: 0 | DS4: 0 | DT4: 8.2087114e+08 | DU4: 01 | DV4: KAB. PACITAN | DW4: 12955491 | DX4: 36753625 | DY4: 0 | DZ4: 0 | EA4: 49709116 | EB4: 01 | EC4: KAB. PACITAN | ED4: 1.1477512e+09 | EE4: 0 | EF4: 0 | EG4: 0 | EH4: 1.1477512e+09
A5: 02 | B5: KAB. PONOROGO | C5: =BI5 -> 0 | D5: =BP5 -> 95338975 | E5: =BW5 -> 0 | F5: =CD5 -> 0 | G5: =CK5 -> 45385633 | H5: =CR5 -> 0 | I5: =CY5 -> 0 | J5: =DM5 -> 0 | K5: =DF5 -> 0 | L5: =DT5 -> 1.6327055e+10 | M5: =EH5 -> 2.4666623e+09 | N5: =EA5 -> 1.8922898e+10 | O5: =SUM(C5:N5) -> 3.7857341e+10 | P5: 02 | Q5: KAB. PONOROGO | R5: =C5 -> 0 | S5: =D5 -> 95338975 | T5: =E5 -> 0 | U5: =F5 -> 0 | V5: =G5 -> 45385633 | W5: =H5 -> 0 | X5: =I5 -> 0 | Y5: =J5 -> 0 | ... AA5: =L5 -> 1.6327055e+10 | AB5: =SUM(R5:AA5) -> 1.646778e+10 | AC5: 02 | AD5: KAB. PONOROGO | AE5: =M5 -> 2.4666623e+09 | AF5: =N5 -> 1.8922898e+10 | AG5: =SUM(AE5:AF5) -> 2.1389561e+10 | AH5: 02 | AI5: KAB. PONOROGO | AJ5: =AQ5+AX5 -> 1.8903357e+10 | AK5: =AR5+AY5 -> 3.1599375e+09 | AL5: =AS5+AZ5 -> 1.5794046e+10 | AM5: =AT5+BA5 -> 0 | AN5: =SUM(AJ5:AM5) -> 3.7857341e+10 | AO5: 02 | AP5: KAB. PONOROGO | AQ5: =BE5+BL5+BS5+BZ5+CG5+CN5+CU5+DB5+DI5+DP5 -> 1.6460839e+10 | AR5: =BF5+BM5+BT5+CA5+CH5+CO5+CV5+DC5+DJ5+DQ5 -> 6940560.2 | AS5: =BG5+BN5+BU5+CB5+CI5+CP5+CW5+DD5+DK5+DR5 -> 0 | AT5: =BH5+BO5+BV5+CC5+CJ5+CQ5+CX5+DE5+DL5+DS5 -> 0 | AU5: =SUM(AQ5:AT5) -> 1.646778e+10 | AV5: 02 | AW5: KAB. PONOROGO | AX5: =DW5+ED5 -> 2.4425181e+09 | AY5: =DX5+EE5 -> 3.152997e+09 | AZ5: =DY5+EF5 -> 1.5794046e+10 | BA5: =DZ5+EG5 -> 0 | BB5: =SUM(AX5:BA5) -> 2.1389561e+10 | BC5: 02 | BD5: KAB. PONOROGO | BE5: 0 | BF5: 0 | BG5: 0 | BH5: 0 | BI5: 0 | BJ5: 02 | BK5: KAB. PONOROGO | BL5: 89359416 | BM5: 5979559.6 | BN5: 0 | BO5: 0 | BP5: 95338975 | BQ5: 02 | BR5: KAB. PONOROGO | BS5: 0 | BT5: 0 | BU5: 0 | BV5: 0 | BW5: 0 | BX5: 02 | BY5: KAB. PONOROGO | BZ5: 0 | CA5: 0 | CB5: 0 | CC5: 0 | CD5: 0 | CE5: 02 | CF5: KAB. PONOROGO | CG5: 45385633 | CH5: 0 | CI5: 0 | CJ5: 0 | CK5: 45385633 | CL5: 02 | CM5: KAB. PONOROGO | CN5: 0 | CO5: 0 | CP5: 0 | CQ5: 0 | CR5: 0 | CS5: 02 | CT5: KAB. PONOROGO | CU5: 0 | CV5: 0 | CW5: 0 | CX5: 0 | CY5: 0 | CZ5: 02 | DA5: KAB. PONOROGO | DB5: 0 | DC5: 0 | DD5: 0 | DE5: 0 | DF5: 0 | DG5: 02 | DH5: KAB. PONOROGO | DI5: 0 | DJ5: 0 | DK5: 0 | DL5: 0 | DM5: 0 | DN5: 02 | DO5: KAB. PONOROGO | DP5: 1.6326094e+10 | DQ5: 961000.65 | DR5: 0 | DS5: 0 | DT5: 1.6327055e+10 | DU5: 02 | DV5: KAB. PONOROGO | DW5: 2.321226e+08 | DX5: 2.8967301e+09 | DY5: 1.5794046e+10 | DZ5: 0 | EA5: 1.8922898e+10 | EB5: 02 | EC5: KAB. PONOROGO | ED5: 2.2103955e+09 | EE5: 2.5626684e+08 | EF5: 0 | EG5: 0 | EH5: 2.4666623e+09
A6: 03 | B6: KAB. TRENGGALEK | C6: =BI6 -> 0 | D6: =BP6 -> 2.1962882e+08 | E6: =BW6 -> 1.0500534e+11 | F6: =CD6 -> 1.7804388e+11 | G6: =CK6 -> 0 | H6: =CR6 -> 0 | I6: =CY6 -> 1.2769862e+10 | J6: =DM6 -> 0 | K6: =DF6 -> 1.5123165e+10 | L6: =DT6 -> 56267002 | M6: =EH6 -> 4.6269116e+10 | N6: =EA6 -> 5.1920166e+10 | O6: =SUM(C6:N6) -> 4.0940742e+11 | P6: 03 | Q6: KAB. TRENGGALEK | R6: =C6 -> 0 | S6: =D6 -> 2.1962882e+08 | T6: =E6 -> 1.0500534e+11 | U6: =F6 -> 1.7804388e+11 | V6: =G6 -> 0 | W6: =H6 -> 0 | X6: =I6 -> 1.2769862e+10 | Y6: =J6 -> 0 | ... AA6: =L6 -> 56267002 | AB6: =SUM(R6:AA6) -> 3.1121814e+11 | AC6: 03 | AD6: KAB. TRENGGALEK | AE6: =M6 -> 4.6269116e+10 | AF6: =N6 -> 5.1920166e+10 | AG6: =SUM(AE6:AF6) -> 9.8189282e+10 | AH6: 03 | AI6: KAB. TRENGGALEK | AJ6: =AQ6+AX6 -> 4.0321977e+10 | AK6: =AR6+AY6 -> 5.2780547e+10 | AL6: =AS6+AZ6 -> 1.9506932e+11 | AM6: =AT6+BA6 -> 1.2123557e+11 | AN6: =SUM(AJ6:AM6) -> 4.0940742e+11 | AO6: 03 | AP6: KAB. TRENGGALEK | AQ6: =BE6+BL6+BS6+BZ6+CG6+CN6+CU6+DB6+DI6+DP6 -> 1.2557358e+10 | AR6: =BF6+BM6+BT6+CA6+CH6+CO6+CV6+DC6+DJ6+DQ6 -> 2.7492478e+10 | AS6: =BG6+BN6+BU6+CB6+CI6+CP6+CW6+DD6+DK6+DR6 -> 1.6274607e+11 | AT6: =BH6+BO6+BV6+CC6+CJ6+CQ6+CX6+DE6+DL6+DS6 -> 1.0842223e+11 | AU6: =SUM(AQ6:AT6) -> 3.1121814e+11 | AV6: 03 | AW6: KAB. TRENGGALEK | AX6: =DW6+ED6 -> 2.7764619e+10 | AY6: =DX6+EE6 -> 2.5288069e+10 | AZ6: =DY6+EF6 -> 3.2323251e+10 | BA6: =DZ6+EG6 -> 1.2813342e+10 | BB6: =SUM(AX6:BA6) -> 9.8189282e+10 | BC6: 03 | BD6: KAB. TRENGGALEK | BE6: 0 | BF6: 0 | BG6: 0 | BH6: 0 | BI6: 0 | BJ6: 03 | BK6: KAB. TRENGGALEK | BL6: 2.1962882e+08 | BM6: 0 | BN6: 0 | BO6: 0 | BP6: 2.1962882e+08 | BQ6: 03 | BR6: KAB. TRENGGALEK | BS6: 0 | BT6: 0 | BU6: 0 | BV6: 1.0500534e+11 | BW6: 1.0500534e+11 | BX6: 03 | BY6: KAB. TRENGGALEK | BZ6: 231200000 | CA6: 1.1649713e+10 | CB6: 1.6274607e+11 | CC6: 3.4168912e+09 | CD6: 1.7804388e+11 | CE6: 03 | CF6: KAB. TRENGGALEK | CG6: 0 | CH6: 0 | CI6: 0 | CJ6: 0 | CK6: 0 | CL6: 03 | CM6: KAB. TRENGGALEK | CN6: 0 | CO6: 0 | CP6: 0 | CQ6: 0 | CR6: 0 | CS6: 03 | CT6: KAB. TRENGGALEK | CU6: 1.183256e+10 | CV6: 9.3730243e+08 | CW6: 0 | CX6: 0 | CY6: 1.2769862e+10 | CZ6: 03 | DA6: KAB. TRENGGALEK | DB6: 2.1770241e+08 | DC6: 1.4905463e+10 | DD6: 0 | DE6: 0 | DF6: 1.5123165e+10 | DG6: 03 | DH6: KAB. TRENGGALEK | DI6: 0 | DJ6: 0 | DK6: 0 | DL6: 0 | DM6: 0 | DN6: 03 | DO6: KAB. TRENGGALEK | DP6: 56267002 | DQ6: 0 | DR6: 0 | DS6: 0 | DT6: 56267002 | DU6: 03 | DV6: KAB. TRENGGALEK | DW6: 705664000 | DX6: 6.3457861e+09 | DY6: 3.2055374e+10 | DZ6: 1.2813342e+10 | EA6: 5.1920166e+10 | EB6: 03 | EC6: KAB. TRENGGALEK | ED6: 2.7058955e+10 | EE6: 1.8942283e+10 | EF6: 2.6787763e+08 | EG6: 0 | EH6: 4.6269116e+10
A7: 04 | B7: KAB. TULUNGAGUNG | C7: =BI7 -> 0 | D7: =BP7 -> 81610134 | E7: =BW7 -> 2.4879013e+10 | F7: =CD7 -> 8.2949516e+09 | G7: =CK7 -> 7.3279658e+08 | H7: =CR7 -> 0 | I7: =CY7 -> 1.1242125e+11 | J7: =DM7 -> 0 | K7: =DF7 -> 1.3264622e+08 | L7: =DT7 -> 8.3278541e+08 | M7: =EH7 -> 5.8441963e+10 | N7: =EA7 -> 1.0553645e+10 | O7: =SUM(C7:N7) -> 2.1637066e+11 | P7: 04 | Q7: KAB. TULUNGAGUNG | R7: =C7 -> 0 | S7: =D7 -> 81610134 | T7: =E7 -> 2.4879013e+10 | U7: =F7 -> 8.2949516e+09 | V7: =G7 -> 7.3279658e+08 | W7: =H7 -> 0 | X7: =I7 -> 1.1242125e+11 | Y7: =J7 -> 0 | ... AA7: =L7 -> 8.3278541e+08 | AB7: =SUM(R7:AA7) -> 1.4737505e+11 | AC7: 04 | AD7: KAB. TULUNGAGUNG | AE7: =M7 -> 5.8441963e+10 | AF7: =N7 -> 1.0553645e+10 | AG7: =SUM(AE7:AF7) -> 6.8995609e+10 | AH7: 04 | AI7: KAB. TULUNGAGUNG | AJ7: =AQ7+AX7 -> 1.0214636e+11 | AK7: =AR7+AY7 -> 1.0786845e+11 | AL7: =AS7+AZ7 -> 6.3486975e+09 | AM7: =AT7+BA7 -> 7154115.9 | AN7: =SUM(AJ7:AM7) -> 2.1637066e+11 | AO7: 04 | AP7: KAB. TULUNGAGUNG | AQ7: =BE7+BL7+BS7+BZ7+CG7+CN7+CU7+DB7+DI7+DP7 -> 7.3839791e+10 | AR7: =BF7+BM7+BT7+CA7+CH7+CO7+CV7+DC7+DJ7+DQ7 -> 6.7607116e+10 | AS7: =BG7+BN7+BU7+CB7+CI7+CP7+CW7+DD7+DK7+DR7 -> 5.9281458e+09 | AT7: =BH7+BO7+BV7+CC7+CJ7+CQ7+CX7+DE7+DL7+DS7 -> 0 | AU7: =SUM(AQ7:AT7) -> 1.4737505e+11 | AV7: 04 | AW7: KAB. TULUNGAGUNG | AX7: =DW7+ED7 -> 2.8306572e+10 | AY7: =DX7+EE7 -> 4.0261331e+10 | AZ7: =DY7+EF7 -> 4.2055167e+08 | BA7: =DZ7+EG7 -> 7154115.9 | BB7: =SUM(AX7:BA7) -> 6.8995609e+10 | BC7: 04 | BD7: KAB. TULUNGAGUNG | BE7: 0 | BF7: 0 | BG7: 0 | BH7: 0 | BI7: 0 | BJ7: 04 | BK7: KAB. TULUNGAGUNG | BL7: 81610134 | BM7: 0 | BN7: 0 | BO7: 0 | BP7: 81610134 | BQ7: 04 | BR7: KAB. TULUNGAGUNG | BS7: 46128031 | BT7: 1.9066881e+10 | BU7: 5.7660039e+09 | BV7: 0 | BW7: 2.4879013e+10 | BX7: 04 | BY7: KAB. TULUNGAGUNG | BZ7: 8.167886e+09 | CA7: 1.2706564e+08 | CB7: 0 | CC7: 0 | CD7: 8.2949516e+09 | CE7: 04 | CF7: KAB. TULUNGAGUNG | CG7: 3.4683832e+08 | CH7: 2.5379954e+08 | CI7: 1.3215871e+08 | CJ7: 0 | CK7: 7.3279658e+08 | CL7: 04 | CM7: KAB. TULUNGAGUNG | CN7: 0 | CO7: 0 | CP7: 0 | CQ7: 0 | CR7: 0 | CS7: 04 | CT7: KAB. TULUNGAGUNG | CU7: 6.4434454e+10 | CV7: 4.7956813e+10 | CW7: 29983220 | CX7: 0 | CY7: 1.1242125e+11 | CZ7: 04 | DA7: KAB. TULUNGAGUNG | DB7: 1.3264622e+08 | DC7: 0 | DD7: 0 | DE7: 0 | DF7: 1.3264622e+08 | DG7: 04 | DH7: KAB. TULUNGAGUNG | DI7: 0 | DJ7: 0 | DK7: 0 | DL7: 0 | DM7: 0 | DN7: 04 | DO7: KAB. TULUNGAGUNG | DP7: 6.3022783e+08 | DQ7: 2.0255758e+08 | DR7: 0 | DS7: 0 | DT7: 8.3278541e+08 | DU7: 04 | DV7: KAB. TULUNGAGUNG | DW7: 8.5749036e+09 | DX7: 1.5581899e+09 | DY7: 4.2055167e+08 | DZ7: 0 | EA7: 1.0553645e+10 | EB7: 04 | EC7: KAB. TULUNGAGUNG | ED7: 1.9731668e+10 | EE7: 3.8703141e+10 | EF7: 0 | EG7: 7154115.9 | EH7: 5.8441963e+10
A8: 05 | B8: KAB. BLITAR | C8: =BI8 -> 0 | D8: =BP8 -> 25186215 | E8: =BW8 -> 0 | F8: =CD8 -> 0 | G8: =CK8 -> 6.5579521e+08 | H8: =CR8 -> 0 | I8: =CY8 -> 3.3391804e+09 | J8: =DM8 -> 1.1706752e+11 | K8: =DF8 -> 0 | L8: =DT8 -> 49166771 | M8: =EH8 -> 3.2517745e+10 | N8: =EA8 -> 1.242946e+10 | O8: =SUM(C8:N8) -> 1.6608405e+11 | P8: 05 | Q8: KAB. BLITAR | R8: =C8 -> 0 | S8: =D8 -> 25186215 | T8: =E8 -> 0 | U8: =F8 -> 0 | V8: =G8 -> 6.5579521e+08 | W8: =H8 -> 0 | X8: =I8 -> 3.3391804e+09 | Y8: =J8 -> 1.1706752e+11 | ... AA8: =L8 -> 49166771 | AB8: =SUM(R8:AA8) -> 1.2113685e+11 | AC8: 05 | AD8: KAB. BLITAR | AE8: =M8 -> 3.2517745e+10 | AF8: =N8 -> 1.242946e+10 | AG8: =SUM(AE8:AF8) -> 4.4947205e+10 | AH8: 05 | AI8: KAB. BLITAR | AJ8: =AQ8+AX8 -> 1.4352164e+11 | AK8: =AR8+AY8 -> 1.4003761e+10 | AL8: =AS8+AZ8 -> 8.5586494e+09 | AM8: =AT8+BA8 -> 0 | AN8: =SUM(AJ8:AM8) -> 1.6608405e+11 | AO8: 05 | AP8: KAB. BLITAR | AQ8: =BE8+BL8+BS8+BZ8+CG8+CN8+CU8+DB8+DI8+DP8 -> 1.1193445e+11 | AR8: =BF8+BM8+BT8+CA8+CH8+CO8+CV8+DC8+DJ8+DQ8 -> 1.882776e+09 | AS8: =BG8+BN8+BU8+CB8+CI8+CP8+CW8+DD8+DK8+DR8 -> 7.3196216e+09 | AT8: =BH8+BO8+BV8+CC8+CJ8+CQ8+CX8+DE8+DL8+DS8 -> 0 | AU8: =SUM(AQ8:AT8) -> 1.2113685e+11 | AV8: 05 | AW8: KAB. BLITAR | AX8: =DW8+ED8 -> 3.1587192e+10 | AY8: =DX8+EE8 -> 1.2120985e+10 | AZ8: =DY8+EF8 -> 1.2390278e+09 | BA8: =DZ8+EG8 -> 0 | BB8: =SUM(AX8:BA8) -> 4.4947205e+10 | BC8: 05 | BD8: KAB. BLITAR | BE8: 0 | BF8: 0 | BG8: 0 | BH8: 0 | BI8: 0 | BJ8: 05 | BK8: KAB. BLITAR | BL8: 0 | BM8: 9169537.5 | BN8: 16016677 | BO8: 0 | BP8: 25186215 | BQ8: 05 | BR8: KAB. BLITAR | BS8: 0 | BT8: 0 | BU8: 0 | BV8: 0 | BW8: 0 | BX8: 05 | BY8: KAB. BLITAR | BZ8: 0 | CA8: 0 | CB8: 0 | CC8: 0 | CD8: 0 | CE8: 05 | CF8: KAB. BLITAR | CG8: 1.5818969e+08 | CH8: 4.9760551e+08 | CI8: 0 | CJ8: 0 | CK8: 6.5579521e+08 | CL8: 05 | CM8: KAB. BLITAR | CN8: 0 | CO8: 0 | CP8: 0 | CQ8: 0 | CR8: 0 | CS8: 05 | CT8: KAB. BLITAR | CU8: 1.9769938e+09 | CV8: 1.3621866e+09 | CW8: 0 | CX8: 0 | CY8: 3.3391804e+09 | CZ8: 05 | DA8: KAB. BLITAR | DB8: 0 | DC8: 0 | DD8: 0 | DE8: 0 | DF8: 0 | DG8: 05 | DH8: KAB. BLITAR | DI8: 1.0976391e+11 | DJ8: 0 | DK8: 7.3036049e+09 | DL8: 0 | DM8: 1.1706752e+11 | DN8: 05 | DO8: KAB. BLITAR | DP8: 35352397 | DQ8: 13814374 | DR8: 0 | DS8: 0 | DT8: 49166771 | DU8: 05 | DV8: KAB. BLITAR | DW8: 2.742587e+09 | DX8: 8.8449693e+09 | DY8: 8.419035e+08 | DZ8: 0 | EA8: 1.242946e+10 | EB8: 05 | EC8: KAB. BLITAR | ED8: 2.8844605e+10 | EE8: 3.2760153e+09 | EF8: 3.9712429e+08 | EG8: 0 | EH8: 3.2517745e+10
A9: 06 | B9: KAB. KEDIRI | C9: =BI9 -> 0 | D9: =BP9 -> 3.763952e+08 | E9: =BW9 -> 0 | F9: =CD9 -> 0 | G9: =CK9 -> 410795.28 | H9: =CR9 -> 0 | I9: =CY9 -> 92017500 | J9: =DM9 -> 9746783.7 | K9: =DF9 -> 0 | L9: =DT9 -> 2.2984524e+09 | M9: =EH9 -> 3.139251e+10 | N9: =EA9 -> 3.4946226e+09 | O9: =SUM(C9:N9) -> 3.7664155e+10 | P9: 06 | Q9: KAB. KEDIRI | R9: =C9 -> 0 | S9: =D9 -> 3.763952e+08 | T9: =E9 -> 0 | U9: =F9 -> 0 | V9: =G9 -> 410795.28 | W9: =H9 -> 0 | X9: =I9 -> 92017500 | Y9: =J9 -> 9746783.7 | ... AA9: =L9 -> 2.2984524e+09 | AB9: =SUM(R9:AA9) -> 2.7770227e+09 | AC9: 06 | AD9: KAB. KEDIRI | AE9: =M9 -> 3.139251e+10 | AF9: =N9 -> 3.4946226e+09 | AG9: =SUM(AE9:AF9) -> 3.4887132e+10 | AH9: 06 | AI9: KAB. KEDIRI | AJ9: =AQ9+AX9 -> 1.0597617e+10 | AK9: =AR9+AY9 -> 2.7066537e+10 | AL9: =AS9+AZ9 -> 0 | AM9: =AT9+BA9 -> 0 | AN9: =SUM(AJ9:AM9) -> 3.7664155e+10 | AO9: 06 | AP9: KAB. KEDIRI | AQ9: =BE9+BL9+BS9+BZ9+CG9+CN9+CU9+DB9+DI9+DP9 -> 3.4077506e+08 | AR9: =BF9+BM9+BT9+CA9+CH9+CO9+CV9+DC9+DJ9+DQ9 -> 2.4362476e+09 | AS9: =BG9+BN9+BU9+CB9+CI9+CP9+CW9+DD9+DK9+DR9 -> 0 | AT9: =BH9+BO9+BV9+CC9+CJ9+CQ9+CX9+DE9+DL9+DS9 -> 0 | AU9: =SUM(AQ9:AT9) -> 2.7770227e+09 | AV9: 06 | AW9: KAB. KEDIRI | AX9: =DW9+ED9 -> 1.0256842e+10 | AY9: =DX9+EE9 -> 2.463029e+10 | AZ9: =DY9+EF9 -> 0 | BA9: =DZ9+EG9 -> 0 | BB9: =SUM(AX9:BA9) -> 3.4887132e+10 | BC9: 06 | BD9: KAB. KEDIRI | BE9: 0 | BF9: 0 | BG9: 0 | BH9: 0 | BI9: 0 | BJ9: 06 | BK9: KAB. KEDIRI | BL9: 2.3845759e+08 | BM9: 1.3793761e+08 | BN9: 0 | BO9: 0 | BP9: 3.763952e+08 | BQ9: 06 | BR9: KAB. KEDIRI | BS9: 0 | BT9: 0 | BU9: 0 | BV9: 0 | BW9: 0 | BX9: 06 | BY9: KAB. KEDIRI | BZ9: 0 | CA9: 0 | CB9: 0 | CC9: 0 | CD9: 0 | CE9: 06 | CF9: KAB. KEDIRI | CG9: 410795.28 | CH9: 0 | CI9: 0 | CJ9: 0 | CK9: 410795.28 | CL9: 06 | CM9: KAB. KEDIRI | CN9: 0 | CO9: 0 | CP9: 0 | CQ9: 0 | CR9: 0 | CS9: 06 | CT9: KAB. KEDIRI | CU9: 56183592 | CV9: 35833908 | CW9: 0 | CX9: 0 | CY9: 92017500 | CZ9: 06 | DA9: KAB. KEDIRI | DB9: 0 | DC9: 0 | DD9: 0 | DE9: 0 | DF9: 0 | DG9: 06 | DH9: KAB. KEDIRI | DI9: 0 | DJ9: 9746783.7 | DK9: 0 | DL9: 0 | DM9: 9746783.7 | DN9: 06 | DO9: KAB. KEDIRI | DP9: 45723076 | DQ9: 2.2527293e+09 | DR9: 0 | DS9: 0 | DT9: 2.2984524e+09 | DU9: 06 | DV9: KAB. KEDIRI | DW9: 5.0094841e+08 | DX9: 2.9936742e+09 | DY9: 0 | DZ9: 0 | EA9: 3.4946226e+09 | EB9: 06 | EC9: KAB. KEDIRI | ED9: 9.755894e+09 | EE9: 2.1636616e+10 | EF9: 0 | EG9: 0 | EH9: 3.139251e+10
A10: 07 | B10: KAB. MALANG | C10: =BI10 -> 0 | D10: =BP10 -> 32481645 | E10: =BW10 -> 4.4673539e+11 | F10: =CD10 -> 1.1672252e+10 | G10: =CK10 -> 30884502 | H10: =CR10 -> 0 | I10: =CY10 -> 8.2739253e+08 | J10: =DM10 -> 8.2667226e+09 | K10: =DF10 -> 8.7607829e+08 | L10: =DT10 -> 4.5815143e+10 | M10: =EH10 -> 8.3447963e+09 | N10: =EA10 -> 1.0138244e+10 | O10: =SUM(C10:N10) -> 5.3273939e+11 | P10: 07 | Q10: KAB. MALANG | R10: =C10 -> 0 | S10: =D10 -> 32481645 | T10: =E10 -> 4.4673539e+11 | U10: =F10 -> 1.1672252e+10 | V10: =G10 -> 30884502 | W10: =H10 -> 0 | X10: =I10 -> 8.2739253e+08 | Y10: =J10 -> 8.2667226e+09 | ... AA10: =L10 -> 4.5815143e+10 | AB10: =SUM(R10:AA10) -> 5.1425635e+11 | AC10: 07 | AD10: KAB. MALANG | AE10: =M10 -> 8.3447963e+09 | AF10: =N10 -> 1.0138244e+10 | AG10: =SUM(AE10:AF10) -> 1.848304e+10 | AH10: 07 | AI10: KAB. MALANG | AJ10: =AQ10+AX10 -> 1.5880811e+11 | AK10: =AR10+AY10 -> 3.3806651e+09 | AL10: =AS10+AZ10 -> 2.745883e+08 | AM10: =AT10+BA10 -> 3.7027603e+11 | AN10: =SUM(AJ10:AM10) -> 5.3273939e+11 | AO10: 07 | AP10: KAB. MALANG | AQ10: =BE10+BL10+BS10+BZ10+CG10+CN10+CU10+DB10+DI10+DP10 -> 1.4976027e+11 | AR10: =BF10+BM10+BT10+CA10+CH10+CO10+CV10+DC10+DJ10+DQ10 -> 1.8408036e+09 | AS10: =BG10+BN10+BU10+CB10+CI10+CP10+CW10+DD10+DK10+DR10 -> 67252672 | AT10: =BH10+BO10+BV10+CC10+CJ10+CQ10+CX10+DE10+DL10+DS10 -> 3.6258802e+11 | AU10: =SUM(AQ10:AT10) -> 5.1425635e+11 | AV10: 07 | AW10: KAB. MALANG | AX10: =DW10+ED10 -> 9.047838e+09 | AY10: =DX10+EE10 -> 1.5398616e+09 | AZ10: =DY10+EF10 -> 2.0733563e+08 | BA10: =DZ10+EG10 -> 7.6880052e+09 | BB10: =SUM(AX10:BA10) -> 1.848304e+10 | BC10: 07 | BD10: KAB. MALANG | BE10: 0 | BF10: 0 | BG10: 0 | BH10: 0 | BI10: 0 | BJ10: 07 | BK10: KAB. MALANG | BL10: 32481645 | BM10: 0 | BN10: 0 | BO10: 0 | BP10: 32481645 | BQ10: 07 | BR10: KAB. MALANG | BS10: 1.2760906e+11 | BT10: 1.0366782e+08 | BU10: 0 | BV10: 3.1902266e+11 | BW10: 4.4673539e+11 | BX10: 07 | BY10: KAB. MALANG | BZ10: 1.1658371e+10 | CA10: 13881120 | CB10: 0 | CC10: 0 | CD10: 1.1672252e+10 | CE10: 07 | CF10: KAB. MALANG | CG10: 30884502 | CH10: 0 | CI10: 0 | CJ10: 0 | CK10: 30884502 | CL10: 07 | CM10: KAB. MALANG | CN10: 0 | CO10: 0 | CP10: 0 | CQ10: 0 | CR10: 0 | CS10: 07 | CT10: KAB. MALANG | CU10: 7.6013986e+08 | CV10: 0 | CW10: 67252672 | CX10: 0 | CY10: 8.2739253e+08 | CZ10: 07 | DA10: KAB. MALANG | DB10: 8.7607829e+08 | DC10: 0 | DD10: 0 | DE10: 0 | DF10: 8.7607829e+08 | DG10: 07 | DH10: KAB. MALANG | DI10: 8.2667226e+09 | DJ10: 0 | DK10: 0 | DL10: 0 | DM10: 8.2667226e+09 | DN10: 07 | DO10: KAB. MALANG | DP10: 5.2652582e+08 | DQ10: 1.7232546e+09 | DR10: 0 | DS10: 4.3565363e+10 | DT10: 4.5815143e+10 | DU10: 07 | DV10: KAB. MALANG | DW10: 7.2092437e+08 | DX10: 1.5219789e+09 | DY10: 2.0733563e+08 | DZ10: 7.6880052e+09 | EA10: 1.0138244e+10 | EB10: 07 | EC10: KAB. MALANG | ED10: 8.3269136e+09 | EE10: 17882698 | EF10: 0 | EG10: 0 | EH10: 8.3447963e+09
A11: 08 | B11: KAB. LUMAJANG | C11: =BI11 -> 30078835 | D11: =BP11 -> 52651067 | E11: =BW11 -> 0 | F11: =CD11 -> 2.7876611e+10 | G11: =CK11 -> 0 | H11: =CR11 -> 0 | I11: =CY11 -> 2.3471346e+09 | J11: =DM11 -> 1.1265227e+08 | K11: =DF11 -> 0 | L11: =DT11 -> 2.7016682e+08 | M11: =EH11 -> 2.3546853e+11 | N11: =EA11 -> 1.3186276e+10 | O11: =SUM(C11:N11) -> 2.7934411e+11 | P11: 08 | Q11: KAB. LUMAJANG | R11: =C11 -> 30078835 | S11: =D11 -> 52651067 | T11: =E11 -> 0 | U11: =F11 -> 2.7876611e+10 | V11: =G11 -> 0 | W11: =H11 -> 0 | X11: =I11 -> 2.3471346e+09 | Y11: =J11 -> 1.1265227e+08 | ... AA11: =L11 -> 2.7016682e+08 | AB11: =SUM(R11:AA11) -> 3.0689295e+10 | AC11: 08 | AD11: KAB. LUMAJANG | AE11: =M11 -> 2.3546853e+11 | AF11: =N11 -> 1.3186276e+10 | AG11: =SUM(AE11:AF11) -> 2.4865481e+11 | AH11: 08 | AI11: KAB. LUMAJANG | AJ11: =AQ11+AX11 -> 1.7164877e+11 | AK11: =AR11+AY11 -> 1.0026566e+11 | AL11: =AS11+AZ11 -> 7.4296772e+09 | AM11: =AT11+BA11 -> 0 | AN11: =SUM(AJ11:AM11) -> 2.7934411e+11 | AO11: 08 | AP11: KAB. LUMAJANG | AQ11: =BE11+BL11+BS11+BZ11+CG11+CN11+CU11+DB11+DI11+DP11 -> 2.1312302e+10 | AR11: =BF11+BM11+BT11+CA11+CH11+CO11+CV11+DC11+DJ11+DQ11 -> 9.376993e+09 | AS11: =BG11+BN11+BU11+CB11+CI11+CP11+CW11+DD11+DK11+DR11 -> 0 | AT11: =BH11+BO11+BV11+CC11+CJ11+CQ11+CX11+DE11+DL11+DS11 -> 0 | AU11: =SUM(AQ11:AT11) -> 3.0689295e+10 | AV11: 08 | AW11: KAB. LUMAJANG | AX11: =DW11+ED11 -> 1.5033647e+11 | AY11: =DX11+EE11 -> 9.0888665e+10 | AZ11: =DY11+EF11 -> 7.4296772e+09 | BA11: =DZ11+EG11 -> 0 | BB11: =SUM(AX11:BA11) -> 2.4865481e+11 | BC11: 08 | BD11: KAB. LUMAJANG | BE11: 30078835 | BF11: 0 | BG11: 0 | BH11: 0 | BI11: 30078835 | BJ11: 08 | BK11: KAB. LUMAJANG | BL11: 52117178 | BM11: 533889.25 | BN11: 0 | BO11: 0 | BP11: 52651067 | BQ11: 08 | BR11: KAB. LUMAJANG | BS11: 0 | BT11: 0 | BU11: 0 | BV11: 0 | BW11: 0 | BX11: 08 | BY11: KAB. LUMAJANG | BZ11: 1.8724386e+10 | CA11: 9.1522256e+09 | CB11: 0 | CC11: 0 | CD11: 2.7876611e+10 | CE11: 08 | CF11: KAB. LUMAJANG | CG11: 0 | CH11: 0 | CI11: 0 | CJ11: 0 | CK11: 0 | CL11: 08 | CM11: KAB. LUMAJANG | CN11: 0 | CO11: 0 | CP11: 0 | CQ11: 0 | CR11: 0 | CS11: 08 | CT11: KAB. LUMAJANG | CU11: 2.2168656e+09 | CV11: 1.3026898e+08 | CW11: 0 | CX11: 0 | CY11: 2.3471346e+09 | CZ11: 08 | DA11: KAB. LUMAJANG | DB11: 0 | DC11: 0 | DD11: 0 | DE11: 0 | DF11: 0 | DG11: 08 | DH11: KAB. LUMAJANG | DI11: 57127792 | DJ11: 55524482 | DK11: 0 | DL11: 0 | DM11: 1.1265227e+08 | DN11: 08 | DO11: KAB. LUMAJANG | DP11: 2.3172679e+08 | DQ11: 38440026 | DR11: 0 | DS11: 0 | DT11: 2.7016682e+08 | DU11: 08 | DV11: KAB. LUMAJANG | DW11: 4.0587071e+09 | DX11: 1.6978918e+09 | DY11: 7.4296772e+09 | DZ11: 0 | EA11: 1.3186276e+10 | EB11: 08 | EC11: KAB. LUMAJANG | ED11: 1.4627776e+11 | EE11: 8.9190774e+10 | EF11: 0 | EG11: 0 | EH11: 2.3546853e+11
A12: 09 | B12: KAB. JEMBER | C12: =BI12 -> 1.1818253e+09 | D12: =BP12 -> 898614.68 | E12: =BW12 -> 0 | F12: =CD12 -> 1.140435e+11 | G12: =CK12 -> 1.3553893e+09 | H12: =CR12 -> 0 | I12: =CY12 -> 1.6243932e+10 | J12: =DM12 -> 7188917.4 | K12: =DF12 -> 7.1876832e+09 | L12: =DT12 -> 3.4595693e+08 | M12: =EH12 -> 6.3492925e+10 | N12: =EA12 -> 1.3360155e+11 | O12: =SUM(C12:N12) -> 3.3746085e+11 | P12: 09 | Q12: KAB. JEMBER | R12: =C12 -> 1.1818253e+09 | S12: =D12 -> 898614.68 | T12: =E12 -> 0 | U12: =F12 -> 1.140435e+11 | V12: =G12 -> 1.3553893e+09 | W12: =H12 -> 0 | X12: =I12 -> 1.6243932e+10 | Y12: =J12 -> 7188917.4 | ... AA12: =L12 -> 3.4595693e+08 | AB12: =SUM(R12:AA12) -> 1.4036637e+11 | AC12: 09 | AD12: KAB. JEMBER | AE12: =M12 -> 6.3492925e+10 | AF12: =N12 -> 1.3360155e+11 | AG12: =SUM(AE12:AF12) -> 1.9709448e+11 | AH12: 09 | AI12: KAB. JEMBER | AJ12: =AQ12+AX12 -> 2.0762456e+10 | AK12: =AR12+AY12 -> 1.3184745e+11 | AL12: =AS12+AZ12 -> 1.8116845e+11 | AM12: =AT12+BA12 -> 3.6824863e+09 | AN12: =SUM(AJ12:AM12) -> 3.3746085e+11 | AO12: 09 | AP12: KAB. JEMBER | AQ12: =BE12+BL12+BS12+BZ12+CG12+CN12+CU12+DB12+DI12+DP12 -> 1.1896315e+10 | AR12: =BF12+BM12+BT12+CA12+CH12+CO12+CV12+DC12+DJ12+DQ12 -> 8.4750819e+10 | AS12: =BG12+BN12+BU12+CB12+CI12+CP12+CW12+DD12+DK12+DR12 -> 4.3719238e+10 | AT12: =BH12+BO12+BV12+CC12+CJ12+CQ12+CX12+DE12+DL12+DS12 -> 0 | AU12: =SUM(AQ12:AT12) -> 1.4036637e+11 | AV12: 09 | AW12: KAB. JEMBER | AX12: =DW12+ED12 -> 8.8661407e+09 | AY12: =DX12+EE12 -> 4.7096633e+10 | AZ12: =DY12+EF12 -> 1.3744922e+11 | BA12: =DZ12+EG12 -> 3.6824863e+09 | BB12: =SUM(AX12:BA12) -> 1.9709448e+11 | BC12: 09 | BD12: KAB. JEMBER | BE12: 1.0926693e+09 | BF12: 89155981 | BG12: 0 | BH12: 0 | BI12: 1.1818253e+09 | BJ12: 09 | BK12: KAB. JEMBER | BL12: 0 | BM12: 0 | BN12: 898614.68 | BO12: 0 | BP12: 898614.68 | BQ12: 09 | BR12: KAB. JEMBER | BS12: 0 | BT12: 0 | BU12: 0 | BV12: 0 | BW12: 0 | BX12: 09 | BY12: KAB. JEMBER | BZ12: 2.929675e+09 | CA12: 6.8669132e+10 | CB12: 4.2444692e+10 | CC12: 0 | CD12: 1.140435e+11 | CE12: 09 | CF12: KAB. JEMBER | CG12: 1.3319866e+09 | CH12: 23402729 | CI12: 0 | CJ12: 0 | CK12: 1.3553893e+09 | CL12: 09 | CM12: KAB. JEMBER | CN12: 0 | CO12: 0 | CP12: 0 | CQ12: 0 | CR12: 0 | CS12: 09 | CT12: KAB. JEMBER | CU12: 6.0837189e+08 | CV12: 1.4375468e+10 | CW12: 1.2600917e+09 | CX12: 0 | CY12: 1.6243932e+10 | CZ12: 09 | DA12: KAB. JEMBER | DB12: 5.8042221e+09 | DC12: 1.3699049e+09 | DD12: 13556244 | DE12: 0 | DF12: 7.1876832e+09 | DG12: 09 | DH12: KAB. JEMBER | DI12: 7188917.4 | DJ12: 0 | DK12: 0 | DL12: 0 | DM12: 7188917.4 | DN12: 09 | DO12: KAB. JEMBER | DP12: 1.2220156e+08 | DQ12: 2.2375537e+08 | DR12: 0 | DS12: 0 | DT12: 3.4595693e+08 | DU12: 09 | DV12: KAB. JEMBER | DW12: 2.3076456e+08 | DX12: 2.2807065e+10 | DY12: 1.0688124e+11 | DZ12: 3.6824863e+09 | EA12: 1.3360155e+11 | EB12: 09 | EC12: KAB. JEMBER | ED12: 8.6353761e+09 | EE12: 2.4289568e+10 | EF12: 3.0567981e+10 | EG12: 0 | EH12: 6.3492925e+10
A13: 10 | B13: KAB. BANYUWANGI | C13: =BI13 -> 0 | D13: =BP13 -> 2.1402782e+08 | E13: =BW13 -> 4.1657607e+12 | F13: =CD13 -> 3.0779375e+11 | G13: =CK13 -> 22304706 | H13: =CR13 -> 6.0853819e+11 | I13: =CY13 -> 1.6192985e+09 | J13: =DM13 -> 2.4268949e+12 | K13: =DF13 -> 1.6252407e+10 | L13: =DT13 -> 75815557 | M13: =EH13 -> 1.0604522e+11 | N13: =EA13 -> 1.1262711e+12 | O13: =SUM(C13:N13) -> 8.7594877e+12 | P13: 10 | Q13: KAB. BANYUWANGI | R13: =C13 -> 0 | S13: =D13 -> 2.1402782e+08 | T13: =E13 -> 4.1657607e+12 | U13: =F13 -> 3.0779375e+11 | V13: =G13 -> 22304706 | W13: =H13 -> 6.0853819e+11 | X13: =I13 -> 1.6192985e+09 | Y13: =J13 -> 2.4268949e+12 | ... AA13: =L13 -> 75815557 | AB13: =SUM(R13:AA13) -> 7.5271713e+12 | AC13: 10 | AD13: KAB. BANYUWANGI | AE13: =M13 -> 1.0604522e+11 | AF13: =N13 -> 1.1262711e+12 | AG13: =SUM(AE13:AF13) -> 1.2323164e+12 | AH13: 10 | AI13: KAB. BANYUWANGI | AJ13: =AQ13+AX13 -> 8.6807081e+10 | AK13: =AR13+AY13 -> 4.5124621e+10 | AL13: =AS13+AZ13 -> 2.4411948e+11 | AM13: =AT13+BA13 -> 8.3834365e+12 | AN13: =SUM(AJ13:AM13) -> 8.7594877e+12 | AO13: 10 | AP13: KAB. BANYUWANGI | AQ13: =BE13+BL13+BS13+BZ13+CG13+CN13+CU13+DB13+DI13+DP13 -> 3.6491908e+09 | AR13: =BF13+BM13+BT13+CA13+CH13+CO13+CV13+DC13+DJ13+DQ13 -> 2.2098736e+10 | AS13: =BG13+BN13+BU13+CB13+CI13+CP13+CW13+DD13+DK13+DR13 -> 2.4411948e+11 | AT13: =BH13+BO13+BV13+CC13+CJ13+CQ13+CX13+DE13+DL13+DS13 -> 7.2573039e+12 | AU13: =SUM(AQ13:AT13) -> 7.5271713e+12 | AV13: 10 | AW13: KAB. BANYUWANGI | AX13: =DW13+ED13 -> 8.315789e+10 | AY13: =DX13+EE13 -> 2.3025885e+10 | AZ13: =DY13+EF13 -> 0 | BA13: =DZ13+EG13 -> 1.1261326e+12 | BB13: =SUM(AX13:BA13) -> 1.2323164e+12 | BC13: 10 | BD13: KAB. BANYUWANGI | BE13: 0 | BF13: 0 | BG13: 0 | BH13: 0 | BI13: 0 | BJ13: 10 | BK13: KAB. BANYUWANGI | BL13: 472116.94 | BM13: 0 | BN13: 0 | BO13: 2.135557e+08 | BP13: 2.1402782e+08 | BQ13: 10 | BR13: KAB. BANYUWANGI | BS13: 0 | BT13: 1.8447999e+08 | BU13: 3.8632226e+09 | BV13: 4.161713e+12 | BW13: 4.1657607e+12 | BX13: 10 | BY13: KAB. BANYUWANGI | BZ13: 2.393608e+09 | CA13: 1.7224629e+10 | CB13: 0 | CC13: 2.8817552e+11 | CD13: 3.0779375e+11 | CE13: 10 | CF13: KAB. BANYUWANGI | CG13: 6288028.9 | CH13: 16016677 | CI13: 0 | CJ13: 0 | CK13: 22304706 | CL13: 10 | CM13: KAB. BANYUWANGI | CN13: 0 | CO13: 0 | CP13: 2.2013291e+11 | CQ13: 3.8840528e+11 | CR13: 6.0853819e+11 | CS13: 10 | CT13: KAB. BANYUWANGI | CU13: 1.0069913e+09 | CV13: 6.1230721e+08 | CW13: 0 | CX13: 0 | CY13: 1.6192985e+09 | CZ13: 10 | DA13: KAB. BANYUWANGI | DB13: 1.9121697e+08 | DC13: 3.946175e+09 | DD13: 1.4372299e+09 | DE13: 1.0677785e+10 | DF13: 1.6252407e+10 | DG13: 10 | DH13: KAB. BANYUWANGI | DI13: 17774106 | DJ13: 72152799 | DK13: 1.8686124e+10 | DL13: 2.4081188e+12 | DM13: 2.4268949e+12 | DN13: 10 | DO13: KAB. BANYUWANGI | DP13: 32840334 | DQ13: 42975222 | DR13: 0 | DS13: 0 | DT13: 75815557 | DU13: 10 | DV13: KAB. BANYUWANGI | DW13: 1.3855502e+08 | DX13: 0 | DY13: 0 | DZ13: 1.1261326e+12 | EA13: 1.1262711e+12 | EB13: 10 | EC13: KAB. BANYUWANGI | ED13: 8.3019335e+10 | EE13: 2.3025885e+10 | EF13: 0 | EG13: 0 | EH13: 1.0604522e+11
A14: 11 | B14: KAB. BONDOWOSO | C14: =BI14 -> 0 | D14: =BP14 -> 3.455896e+08 | E14: =BW14 -> 0 | F14: =CD14 -> 1.2646533e+08 | G14: =CK14 -> 0 | H14: =CR14 -> 0 | I14: =CY14 -> 288840.43 | J14: =DM14 -> 0 | K14: =DF14 -> 0 | L14: =DT14 -> 5.3088658e+08 | M14: =EH14 -> 2.6808471e+09 | N14: =EA14 -> 5.151501e+08 | O14: =SUM(C14:N14) -> 4.1992275e+09 | P14: 11 | Q14: KAB. BONDOWOSO | R14: =C14 -> 0 | S14: =D14 -> 3.455896e+08 | T14: =E14 -> 0 | U14: =F14 -> 1.2646533e+08 | V14: =G14 -> 0 | W14: =H14 -> 0 | X14: =I14 -> 288840.43 | Y14: =J14 -> 0 | ... AA14: =L14 -> 5.3088658e+08 | AB14: =SUM(R14:AA14) -> 1.0032303e+09 | AC14: 11 | AD14: KAB. BONDOWOSO | AE14: =M14 -> 2.6808471e+09 | AF14: =N14 -> 5.151501e+08 | AG14: =SUM(AE14:AF14) -> 3.1959972e+09 | AH14: 11 | AI14: KAB. BONDOWOSO | AJ14: =AQ14+AX14 -> 4.1992275e+09 | AK14: =AR14+AY14 -> 0 | AL14: =AS14+AZ14 -> 0 | AM14: =AT14+BA14 -> 0 | AN14: =SUM(AJ14:AM14) -> 4.1992275e+09 | AO14: 11 | AP14: KAB. BONDOWOSO | AQ14: =BE14+BL14+BS14+BZ14+CG14+CN14+CU14+DB14+DI14+DP14 -> 1.0032303e+09 | AR14: =BF14+BM14+BT14+CA14+CH14+CO14+CV14+DC14+DJ14+DQ14 -> 0 | AS14: =BG14+BN14+BU14+CB14+CI14+CP14+CW14+DD14+DK14+DR14 -> 0 | AT14: =BH14+BO14+BV14+CC14+CJ14+CQ14+CX14+DE14+DL14+DS14 -> 0 | AU14: =SUM(AQ14:AT14) -> 1.0032303e+09 | AV14: 11 | AW14: KAB. BONDOWOSO | AX14: =DW14+ED14 -> 3.1959972e+09 | AY14: =DX14+EE14 -> 0 | AZ14: =DY14+EF14 -> 0 | BA14: =DZ14+EG14 -> 0 | BB14: =SUM(AX14:BA14) -> 3.1959972e+09 | BC14: 11 | BD14: KAB. BONDOWOSO | BE14: 0 | BF14: 0 | BG14: 0 | BH14: 0 | BI14: 0 | BJ14: 11 | BK14: KAB. BONDOWOSO | BL14: 3.455896e+08 | BM14: 0 | BN14: 0 | BO14: 0 | BP14: 3.455896e+08 | BQ14: 11 | BR14: KAB. BONDOWOSO | BS14: 0 | BT14: 0 | BU14: 0 | BV14: 0 | BW14: 0 | BX14: 11 | BY14: KAB. BONDOWOSO | BZ14: 1.2646533e+08 | CA14: 0 | CB14: 0 | CC14: 0 | CD14: 1.2646533e+08 | CE14: 11 | CF14: KAB. BONDOWOSO | CG14: 0 | CH14: 0 | CI14: 0 | CJ14: 0 | CK14: 0 | CL14: 11 | CM14: KAB. BONDOWOSO | CN14: 0 | CO14: 0 | CP14: 0 | CQ14: 0 | CR14: 0 | CS14: 11 | CT14: KAB. BONDOWOSO | CU14: 288840.43 | CV14: 0 | CW14: 0 | CX14: 0 | CY14: 288840.43 | CZ14: 11 | DA14: KAB. BONDOWOSO | DB14: 0 | DC14: 0 | DD14: 0 | DE14: 0 | DF14: 0 | DG14: 11 | DH14: KAB. BONDOWOSO | DI14: 0 | DJ14: 0 | DK14: 0 | DL14: 0 | DM14: 0 | DN14: 11 | DO14: KAB. BONDOWOSO | DP14: 5.3088658e+08 | DQ14: 0 | DR14: 0 | DS14: 0 | DT14: 5.3088658e+08 | DU14: 11 | DV14: KAB. BONDOWOSO | DW14: 5.151501e+08 | DX14: 0 | DY14: 0 | DZ14: 0 | EA14: 5.151501e+08 | EB14: 11 | EC14: KAB. BONDOWOSO | ED14: 2.6808471e+09 | EE14: 0 | EF14: 0 | EG14: 0 | EH14: 2.6808471e+09
A15: 12 | B15: KAB. SITUBONDO | C15: =BI15 -> 0 | D15: =BP15 -> 0 | E15: =BW15 -> 3.6907502e+12 | F15: =CD15 -> 6.5783812e+09 | G15: =CK15 -> 1.2336516e+08 | H15: =CR15 -> 0 | I15: =CY15 -> 0 | J15: =DM15 -> 2474311.5 | K15: =DF15 -> 1.9526463e+09 | L15: =DT15 -> 3.4730962e+09 | M15: =EH15 -> 4.6091705e+09 | N15: =EA15 -> 1.1413745e+12 | O15: =SUM(C15:N15) -> 4.8488639e+12 | P15: 12 | Q15: KAB. SITUBONDO | R15: =C15 -> 0 | S15: =D15 -> 0 | T15: =E15 -> 3.6907502e+12 | U15: =F15 -> 6.5783812e+09 | V15: =G15 -> 1.2336516e+08 | W15: =H15 -> 0 | X15: =I15 -> 0 | Y15: =J15 -> 2474311.5 | ... AA15: =L15 -> 3.4730962e+09 | AB15: =SUM(R15:AA15) -> 3.7028802e+12 | AC15: 12 | AD15: KAB. SITUBONDO | AE15: =M15 -> 4.6091705e+09 | AF15: =N15 -> 1.1413745e+12 | AG15: =SUM(AE15:AF15) -> 1.1459837e+12 | AH15: 12 | AI15: KAB. SITUBONDO | AJ15: =AQ15+AX15 -> 7.6795462e+09 | AK15: =AR15+AY15 -> 8.5266967e+10 | AL15: =AS15+AZ15 -> 6.0087216e+08 | AM15: =AT15+BA15 -> 4.7553165e+12 | AN15: =SUM(AJ15:AM15) -> 4.8488639e+12 | AO15: 12 | AP15: KAB. SITUBONDO | AQ15: =BE15+BL15+BS15+BZ15+CG15+CN15+CU15+DB15+DI15+DP15 -> 4.4793299e+09 | AR15: =BF15+BM15+BT15+CA15+CH15+CO15+CV15+DC15+DJ15+DQ15 -> 7.6035546e+09 | AS15: =BG15+BN15+BU15+CB15+CI15+CP15+CW15+DD15+DK15+DR15 -> 47078697 | AT15: =BH15+BO15+BV15+CC15+CJ15+CQ15+CX15+DE15+DL15+DS15 -> 3.6907502e+12 | AU15: =SUM(AQ15:AT15) -> 3.7028802e+12 | AV15: 12 | AW15: KAB. SITUBONDO | AX15: =DW15+ED15 -> 3.2002163e+09 | AY15: =DX15+EE15 -> 7.7663412e+10 | AZ15: =DY15+EF15 -> 5.5379347e+08 | BA15: =DZ15+EG15 -> 1.0645663e+12 | BB15: =SUM(AX15:BA15) -> 1.1459837e+12 | BC15: 12 | BD15: KAB. SITUBONDO | BE15: 0 | BF15: 0 | BG15: 0 | BH15: 0 | BI15: 0 | BJ15: 12 | BK15: KAB. SITUBONDO | BL15: 0 | BM15: 0 | BN15: 0 | BO15: 0 | BP15: 0 | BQ15: 12 | BR15: KAB. SITUBONDO | BS15: 0 | BT15: 0 | BU15: 0 | BV15: 3.6907502e+12 | BW15: 3.6907502e+12 | BX15: 12 | BY15: KAB. SITUBONDO | BZ15: 8.1690354e+08 | CA15: 5.7614557e+09 | CB15: 22006.89 | CC15: 0 | CD15: 6.5783812e+09 | CE15: 12 | CF15: KAB. SITUBONDO | CG15: 61482949 | CH15: 61882215 | CI15: 0 | CJ15: 0 | CK15: 1.2336516e+08 | CL15: 12 | CM15: KAB. SITUBONDO | CN15: 0 | CO15: 0 | CP15: 0 | CQ15: 0 | CR15: 0 | CS15: 12 | CT15: KAB. SITUBONDO | CU15: 0 | CV15: 0 | CW15: 0 | CX15: 0 | CY15: 0 | CZ15: 12 | DA15: KAB. SITUBONDO | DB15: 1.2537294e+08 | DC15: 1.7802167e+09 | DD15: 47056690 | DE15: 0 | DF15: 1.9526463e+09 | DG15: 12 | DH15: KAB. SITUBONDO | DI15: 2474311.5 | DJ15: 0 | DK15: 0 | DL15: 0 | DM15: 2474311.5 | DN15: 12 | DO15: KAB. SITUBONDO | DP15: 3.4730962e+09 | DQ15: 0 | DR15: 0 | DS15: 0 | DT15: 3.4730962e+09 | DU15: 12 | DV15: KAB. SITUBONDO | DW15: 378880000 | DX15: 7.5875578e+10 | DY15: 5.5379347e+08 | DZ15: 1.0645663e+12 | EA15: 1.1413745e+12 | EB15: 12 | EC15: KAB. SITUBONDO | ED15: 2.8213363e+09 | EE15: 1.7878342e+09 | EF15: 0 | EG15: 0 | EH15: 4.6091705e+09
... A41: 79 | B41: KOTA BATU | C41: =BI41 -> 0 | D41: =BP41 -> 88738760 | E41: =BW41 -> 0 | F41: =CD41 -> 996313 | G41: =CK41 -> 6189193.4 | H41: =CR41 -> 0 | I41: =CY41 -> 0 | J41: =DM41 -> 0 | K41: =DF41 -> 3881505 | L41: =DT41 -> 1.671854e+08 | M41: =EH41 -> 1.8314666e+10 | N41: =EA41 -> 0 | O41: =SUM(C41:N41) -> 1.8581657e+10 | P41: 79 | Q41: KOTA BATU | R41: =C41 -> 0 | S41: =D41 -> 88738760 | T41: =E41 -> 0 | U41: =F41 -> 996313 | V41: =G41 -> 6189193.4 | W41: =H41 -> 0 | X41: =I41 -> 0 | Y41: =J41 -> 0 | ... AA41: =L41 -> 1.671854e+08 | AB41: =SUM(R41:AA41) -> 2.6699117e+08 | AC41: 79 | AD41: KOTA BATU | AE41: =M41 -> 1.8314666e+10 | AF41: =N41 -> 0 | AG41: =SUM(AE41:AF41) -> 1.8314666e+10 | AH41: 79 | AI41: KOTA BATU | AJ41: =AQ41+AX41 -> 1.5240625e+09 | AK41: =AR41+AY41 -> 1.7057595e+10 | AL41: =AS41+AZ41 -> 0 | AM41: =AT41+BA41 -> 0 | AN41: =SUM(AJ41:AM41) -> 1.8581657e+10 | AO41: 79 | AP41: KOTA BATU | AQ41: =BE41+BL41+BS41+BZ41+CG41+CN41+CU41+DB41+DI41+DP41 -> 2.6322755e+08 | AR41: =BF41+BM41+BT41+CA41+CH41+CO41+CV41+DC41+DJ41+DQ41 -> 3763622.5 | AS41: =BG41+BN41+BU41+CB41+CI41+CP41+CW41+DD41+DK41+DR41 -> 0 | AT41: =BH41+BO41+BV41+CC41+CJ41+CQ41+CX41+DE41+DL41+DS41 -> 0 | AU41: =SUM(AQ41:AT41) -> 2.6699117e+08 | AV41: 79 | AW41: KOTA BATU | AX41: =DW41+ED41 -> 1.2608349e+09 | AY41: =DX41+EE41 -> 1.7053831e+10 | AZ41: =DY41+EF41 -> 0 | BA41: =DZ41+EG41 -> 0 | BB41: =SUM(AX41:BA41) -> 1.8314666e+10 | BC41: 79 | BD41: KOTA BATU | BE41: 0 | BF41: 0 | BG41: 0 | BH41: 0 | BI41: 0 | BJ41: 79 | BK41: KOTA BATU | BL41: 88738760 | BM41: 0 | BN41: 0 | BO41: 0 | BP41: 88738760 | BQ41: 79 | BR41: KOTA BATU | BS41: 0 | BT41: 0 | BU41: 0 | BV41: 0 | BW41: 0 | BX41: 79 | BY41: KOTA BATU | BZ41: 996313 | CA41: 0 | CB41: 0 | CC41: 0 | CD41: 996313 | CE41: 79 | CF41: KOTA BATU | CG41: 3493349.4 | CH41: 2695844 | CI41: 0 | CJ41: 0 | CK41: 6189193.4 | CL41: 79 | CM41: KOTA BATU | CN41: 0 | CO41: 0 | CP41: 0 | CQ41: 0 | CR41: 0 | CS41: 79 | CT41: KOTA BATU | CU41: 0 | CV41: 0 | CW41: 0 | CX41: 0 | CY41: 0 | CZ41: 79 | DA41: KOTA BATU | DB41: 3881505 | DC41: 0 | DD41: 0 | DE41: 0 | DF41: 3881505 | DG41: 79 | DH41: KOTA BATU | DI41: 0 | DJ41: 0 | DK41: 0 | DL41: 0 | DM41: 0 | DN41: 79 | DO41: KOTA BATU | DP41: 1.6611762e+08 | DQ41: 1067778.5 | DR41: 0 | DS41: 0 | DT41: 1.671854e+08 | DU41: 79 | DV41: KOTA BATU | DW41: 0 | DX41: 0 | DY41: 0 | DZ41: 0 | EA41: 0 | EB41: 79 | EC41: KOTA BATU | ED41: 1.2608349e+09 | EE41: 1.7053831e+10 | EF41: 0 | EG41: 0 | EH41: 1.8314666e+10
B42: Grand Total | C42: =SUM(C4:C41) -> 1.0478661e+10 | D42: =SUM(D4:D41) -> 1.4547409e+11 | E42: =SUM(E4:E41) -> 1.5699175e+13 | F42: =SUM(F4:F41) -> 9.8098735e+11 | G42: =SUM(G4:G41) -> 1.4376169e+11 | H42: =SUM(H4:H41) -> 7.0162018e+11 | I42: =SUM(I4:I41) -> 2.3173485e+11 | J42: =SUM(J4:J41) -> 2.7254632e+12 | ... O42: =SUM(O4:O41) -> 3.1978241e+13 | Q42: Grand Total | R42: =SUM(R4:R41) -> 1.0478661e+10 | S42: =SUM(S4:S41) -> 1.4547409e+11 | T42: =SUM(T4:T41) -> 1.5699175e+13 | U42: =SUM(U4:U41) -> 9.8098735e+11 | V42: =SUM(V4:V41) -> 1.4376169e+11 | W42: =SUM(W4:W41) -> 7.0162018e+11 | X42: =SUM(X4:X41) -> 2.3173485e+11 | Y42: =SUM(Y4:Y41) -> 2.7254632e+12 | ... AB42: =SUM(AB4:AB41) -> 2.2720952e+13 | AD42: Grand Total | AE42: =SUM(AE4:AE41) -> 1.8165657e+12 | AF42: =SUM(AF4:AF41) -> 7.4407235e+12 | AG42: =SUM(AG4:AG41) -> 9.2572892e+12 | AI42: Grand Total | AJ42: =SUM(AJ4:AJ41) -> 1.9088106e+12 | AK42: =SUM(AK4:AK41) -> 2.4896701e+12 | AL42: =SUM(AL4:AL41) -> 3.0940894e+12 | AM42: =SUM(AM4:AM41) -> 2.4485671e+13 | AN42: =SUM(AN4:AN41) -> 3.1978241e+13 | AP42: Grand Total | AQ42: =SUM(AQ4:AQ41) -> 8.4577943e+11 | AR42: =SUM(AR4:AR41) -> 1.0231017e+12 | AS42: =SUM(AS4:AS41) -> 1.278896e+12 | AT42: =SUM(AT4:AT41) -> 1.9573175e+13 | AU42: =SUM(AU4:AU41) -> 2.2720952e+13 | AW42: Grand Total | AX42: =SUM(AX4:AX41) -> 1.0630312e+12 | AY42: =SUM(AY4:AY41) -> 1.4665683e+12 | AZ42: =SUM(AZ4:AZ41) -> 1.8151933e+12 | BA42: =SUM(BA4:BA41) -> 4.9124964e+12 | BB42: =SUM(BB4:BB41) -> 9.2572892e+12 | BD42: Grand Total | BE42: 3.032183e+09 | BF42: 1.8396593e+09 | BG42: 5.6068185e+09 | BH42: 0 | BI42: 1.0478661e+10 | BK42: Grand Total | BL42: 6.011525e+09 | BM42: 1.805314e+10 | BN42: 1.7840745e+10 | BO42: 1.0356868e+11 | BP42: 1.4547409e+11 | BR42: Grand Total | BS42: 2.5049558e+11 | BT42: 2.1279484e+11 | BU42: 3.7723003e+11 | BV42: 1.4858655e+13 | BW42: 1.5699175e+13 | BY42: Grand Total | BZ42: 8.4026736e+10 | CA42: 2.238139e+11 | CB42: 3.7557475e+11 | CC42: 2.9757197e+11 | CD42: 9.8098735e+11 | CF42: Grand Total | CG42: 4.9439824e+10 | CH42: 7.7607803e+10 | CI42: 5.367653e+09 | CJ42: 1.1346408e+10 | CK42: 1.4376169e+11 | CM42: Grand Total | CN42: 0 | CO42: 0 | CP42: 2.2440135e+11 | CQ42: 4.7721883e+11 | CR42: 7.0162018e+11 | CT42: Grand Total | CU42: 1.1103715e+11 | CV42: 1.0211595e+11 | CW42: 1.8581746e+10 | CX42: 0 | CY42: 2.3173485e+11 | DA42: Grand Total | DB42: 7.3109153e+10 | DC42: 1.5162243e+11 | DD42: 9.1921717e+10 | DE42: 1.4859025e+11 | DF42: 4.6524355e+11 | DH42: Grand Total | DI42: 1.2393369e+11 | DJ42: 1.0858428e+10 | DK42: 3.8130494e+10 | DL42: 2.5525406e+12 | DM42: 2.7254632e+12 | DO42: Grand Total | DP42: 1.4469359e+11 | DQ42: 2.2439559e+11 | DR42: 1.2424075e+11 | DS42: 1.123683e+12 | DT42: 1.6170129e+12 | DV42: Grand Total | DW42: 2.2618743e+11 | DX42: 5.5807737e+11 | DY42: 1.7475074e+12 | DZ42: 4.9089513e+12 | EA42: 7.4407235e+12 | EC42: Grand Total | ED42: 8.3684378e+11 | EE42: 9.0849097e+11 | EF42: 6.7685896e+10 | EG42: 3.5450515e+09 | EH42: 1.8165657e+12
O43: =AB42+AG42 -> 3.1978241e+13 | AN43: =O42 -> 3.1978241e+13 | AU43: =AB42 -> 2.2720952e+13 | BB43: =AG42 -> 9.2572892e+12
B47: =A1 -> Tabel 37 Jumlah Biaya (Rp) berdasarkan Jenis Kegiatan
B48: =P1 -> Tabel 38 Jumlah Biaya (Rp) berdasarkan Jenis Kegiatan Pengolahan
B49: =AC1 -> Tabel 39 Jumlah Biaya (Rp) berdasarkan Jenis Kegiatan Pemasaran
B50: =AH1 -> Tabel 40 Jumlah Biaya (Rp) berdasarkan Skala Usaha
B51: =AO1 -> Tabel 41 Jumlah Biaya (Rp) berdasarkan Skala Usaha pada Kegiatan Pengolahan
B52: =AV1 -> Tabel 42 Jumlah Biaya (Rp) berdasarkan Skala Usaha pada Kegiatan Pemasaran
B53: =BC1 -> Tabel 43 Jumlah Biaya (Rp) berdasarkan Skala Usaha pada Jenis Kegiatan Fermentasi
B54: =BJ1 -> Tabel 44 Jumlah Biaya (Rp) berdasarkan Skala Usaha pada Jenis Kegiatan Pelumatan Daging Ikan
B55: =BQ1 -> Tabel 45 Jumlah Biaya (Rp) berdasarkan Skala Usaha pada Jenis Kegiatan Pembekuan
B56: =BX1 -> Tabel 46 Jumlah Biaya (Rp) berdasarkan Skala Usaha pada Jenis Kegiatan Pemindangan
B57: =CE1 -> Tabel 47 Jumlah Biaya (Rp) berdasarkan Skala Usaha pada Jenis Kegiatan Penanganan Produk Segar
B58: =CL1 -> Tabel 48 Jumlah Biaya (Rp) berdasarkan Skala Usaha pada Jenis Kegiatan Pengalengan
B59: =CS1 -> Tabel 49 Jumlah Biaya (Rp) berdasarkan Skala Usaha pada Jenis Kegiatan Pengasapan / Pemanggangan
B60: =CZ1 -> Tabel 50 Jumlah Biaya (Rp) berdasarkan Skala Usaha pada Jenis Kegiatan Penggaraman / Pengeringan
B61: =DG1 -> Tabel 51 Jumlah Biaya (Rp) berdasarkan Skala Usaha pada Jenis Kegiatan Pereduksian/Ekstraksi
B62: =DN1 -> Tabel 52 Jumlah Biaya (Rp) berdasarkan Skala Usaha pada Jenis Kegiatan Pengolahan Lainnya
B63: =DU1 -> Tabel 53 Jumlah Biaya (Rp) berdasarkan Skala Usaha pada Jenis Kegiatan Pengumpul/Pedagang Besar/Distributor
B64: =EB1 -> Tabel 54 Jumlah Biaya (Rp) berdasarkan Skala Usaha pada Jenis Kegiatan Pengecer
A67: No | B67: Jenis Kegiatan | C67: Jumlah (Rp)
A68: 1 | B68: Fermentasi | C68: =C42 -> 1.0478661e+10
A69: 2 | B69: Pelumatan Daging Ikan | C69: =D42 -> 1.4547409e+11
A70: 3 | B70: Pembekuan | C70: =E42 -> 1.5699175e+13
A71: 4 | B71: Pemindangan | C71: =F42 -> 9.8098735e+11
A72: 5 | B72: Penanganan Produk Segar | C72: =G42 -> 1.4376169e+11
A73: 6 | B73: Pengalengan | C73: =H42 -> 7.0162018e+11
A74: 7 | B74: Pengasapan/Pemanggangan | C74: =I42 -> 2.3173485e+11
A75: 8 | B75: Pengecer | C75: =J42 -> 2.7254632e+12
A76: 9 | B76: Penggaraman/Pengeringan | C76: =K42 -> 4.6524355e+11
A77: 10 | B77: Pengolahan Lainnya | C77: =L42 -> 1.6170129e+12
A78: 11 | B78: Pengumpul/Pedagang Besar/Distributor | C78: =M42 -> 1.8165657e+12
A79: 12 | B79: Pereduksian/Ekstraksi | C79: =N42 -> 7.4407235e+12
B80: Jumlah | C80: =O42 -> 3.1978241e+13 | D80: =SUM(C68:C79) -> 3.1978241e+13
A83: No | B83: Skala Usaha | C83: Jumlah (Rp)
A84: 1 | B84: Mikro | C84: =AJ42 -> 1.9088106e+12
A85: 2 | B85: Kecil | C85: =AK42 -> 2.4896701e+12
A86: 3 | B86: Menengah | C86: =AL42 -> 3.0940894e+12
A87: 4 | B87: Besar | C87: =AM42 -> 2.4485671e+13
B88: Jumlah | C88: =AN42 -> 3.1978241e+13 | D88: =SUM(C84:C87) -> 3.1978241e+13
A91: No | B91: Kabupaten | C91: Jumlah (Rp)
A92: 1 | B92: Kab. Pacitan | C92: =O4 -> 6.6865902e+10
A93: 2 | B93: Kab. Ponorogo | C93: =O5 -> 3.7857341e+10
A94: 3 | B94: Kab. Trenggalek | C94: =O6 -> 4.0940742e+11
A95: 4 | B95: Kab. Tulungagung | C95: =O7 -> 2.1637066e+11
A96: 5 | B96: Kab. Blitar | C96: =O8 -> 1.6608405e+11
A97: 6 | B97: Kab. Kediri | C97: =O9 -> 3.7664155e+10
A98: 7 | B98: Kab. Malang | C98: =O10 -> 5.3273939e+11
A99: 8 | B99: Kab. Lumajang | C99: =O11 -> 2.7934411e+11
A100: 9 | B100: Kab. Jember | C100: =O12 -> 3.3746085e+11
A101: 10 | B101: Kab. Banyuwangi | C101: =O13 -> 8.7594877e+12
A102: 11 | B102: Kab. Bondowoso | C102: =O14 -> 4.1992275e+09
A103: 12 | B103: Kab. Situbondo | C103: =O15 -> 4.8488639e+12
... A129: 38 | B129: Kota Batu | C129: =O41 -> 1.8581657e+10
B130: Jumlah | C130: =SUM(C92:C129) -> 3.1978241e+13

Sheet Hasil (Kg)
A1: Tabel 55 Jumlah Hasil Produksi (Kg) berdasarkan Jenis Kegiatan | P1: Tabel 56 Jumlah Hasil Produksi (Kg) berdasarkan Jenis Kegiatan Pengolahan | AC1: Tabel 57 Jumlah Hasil Produksi (Kg) berdasarkan Jenis Kegiatan Pemasaran | AH1: Tabel 58 Jumlah Hasil Produksi (Kg) berdasarkan Skala Usaha | AO1: Tabel 59 Jumlah Hasil Produksi (Kg) berdasarkan Skala Usaha pada Kegiatan Pengolahan | AV1: Tabel 60 Jumlah Hasil Produksi (Kg) berdasarkan Skala Usaha pada Kegiatan Pemasaran | BC1: Tabel 61 Jumlah Hasil Produksi (Kg) berdasarkan Skala Usaha pada Jenis Kegiatan Fermentasi | BJ1: Tabel 62 Jumlah Hasil Produksi (Kg) berdasarkan Skala Usaha pada Jenis Kegiatan Pelumatan Daging Ikan | BQ1: Tabel 63 Jumlah Hasil Produksi (Kg) berdasarkan Skala Usaha pada Jenis Kegiatan Pembekuan | BX1: Tabel 64 Jumlah Hasil Produksi (Kg) berdasarkan Skala Usaha pada Jenis Kegiatan Pemindangan | CE1: Tabel 65 Jumlah Hasil Produksi (Kg) berdasarkan Skala Usaha pada Jenis Kegiatan Penanganan Produk Segar | CL1: Tabel 66 Jumlah Hasil Produksi (Kg) berdasarkan Skala Usaha pada Jenis Kegiatan Pengalengan | CS1: Tabel 67 Jumlah Hasil Produksi (Kg) berdasarkan Skala Usaha pada Jenis Kegiatan Pengasapan / Pemanggangan | CZ1: Tabel 68 Jumlah Hasil Produksi (Kg) berdasarkan Skala Usaha pada Jenis Kegiatan Penggaraman / Pengeringan | DG1: Tabel 69 Jumlah Hasil Produksi (Kg) berdasarkan Skala Usaha pada Jenis Kegiatan Pereduksian/Ekstraksi | DN1: Tabel 70 Jumlah Hasil Produksi (Kg) berdasarkan Skala Usaha pada Jenis Kegiatan Pengolahan Lainnya | DU1: Tabel 71 Jumlah Hasil Produksi (Kg) berdasarkan Skala Usaha pada Jenis Kegiatan Pengumpul/Pedagang Besar/Distributor | EB1: Tabel 72 Jumlah Hasil Produksi (Kg) berdasarkan Skala Usaha pada Jenis Kegiatan Pengecer
A2: No | B2: Kabupaten/Kota | C2: Jenis Kegiatan | O2: Jumlah Total | P2: No | Q2: Kabupaten/Kota | R2: Jenis Kegiatan | AB2: Jumlah Total | AC2: No | AD2: Kabupaten/Kota | AE2: Jenis Kegiatan | AG2: Jumlah Total | AH2: No | AI2: Kabupaten/Kota | AJ2: Skala Usaha | AN2: Jumlah Total | AO2: No | AP2: Kabupaten/Kota | AQ2: Skala Usaha | AU2: Jumlah Total | AV2: No | AW2: Kabupaten/Kota | AX2: Skala Usaha | BB2: Jumlah Total | BC2: No | BD2: Kabupaten/Kota | BE2: Skala Usaha | BI2: Jumlah Total | BJ2: No | BK2: Kabupaten/Kota | BL2: Skala Usaha | BP2: Jumlah Total | BQ2: No | BR2: Kabupaten/Kota | BS2: Skala Usaha | BW2: Jumlah Total | BX2: No | BY2: Kabupaten/Kota | BZ2: Skala Usaha | CD2: Jumlah Total | CE2: No | CF2: Kabupaten/Kota | CG2: Skala Usaha | CK2: Jumlah Total | CL2: No | CM2: Kabupaten/Kota | CN2: Skala Usaha | CR2: Jumlah Total | CS2: No | CT2: Kabupaten/Kota | CU2: Skala Usaha | CY2: Jumlah Total | CZ2: No | DA2: Kabupaten/Kota | DB2: Skala Usaha | DF2: Jumlah Total | DG2: No | DH2: Kabupaten/Kota | DI2: Skala Usaha | DM2: Jumlah Total | DN2: No | DO2: Kabupaten/Kota | DP2: Skala Usaha | DT2: Jumlah Total | DU2: No | DV2: Kabupaten/Kota | DW2: Skala Usaha | EA2: Jumlah Total | EB2: No | EC2: Kabupaten/Kota | ED2: Skala Usaha | EH2: Jumlah Total
C3: Fermentasi | D3: Pelumatan Daging Ikan | E3: Pembekuan | F3: Pemindangan | G3: Penanganan Produk Segar | H3: Pengalengan | I3: Pengasapan/ Pemanggangan | J3: Pereduksian /Ekstraksi | K3: Penggaraman/ Pengeringan | L3: Pengolahan Lainnya | M3: Pengecer | N3: Pengumpul/ Pedagang Besar/ Distributor | R3: Fermentasi | S3: Pelumatan Daging Ikan | T3: Pembekuan | U3: Pemindangan | V3: Penanganan Produk Segar | W3: Pengalengan | X3: Pengasapan/ Pemanggangan | Y3: Pereduksian /Ekstraksi | Z3: Penggaraman /Pengeringan | AA3: Pengolahan Lainnya | AE3: Pengecer | AF3: Pengumpul/Pedagang Besar/Distributor | AJ3: Mikro | AK3: Kecil | AL3: Menengah | AM3: Besar | AQ3: Mikro | AR3: Kecil | AS3: Menengah | AT3: Besar | AX3: Mikro | AY3: Kecil | AZ3: Menengah | BA3: Besar | BE3: Mikro | BF3: Kecil | BG3: Menengah | BH3: Besar | BL3: Mikro | BM3: Kecil | BN3: Menengah | BO3: Besar | BS3: Mikro | BT3: Kecil | BU3: Menengah | BV3: Besar | BZ3: Mikro | CA3: Kecil | CB3: Menengah | CC3: Besar | CG3: Mikro | CH3: Kecil | CI3: Menengah | CJ3: Besar | CN3: Mikro | CO3: Kecil | CP3: Menengah | CQ3: Besar | CU3: Mikro | CV3: Kecil | CW3: Menengah | CX3: Besar | DB3: Mikro | DC3: Kecil | DD3: Menengah | DE3: Besar | DI3: Mikro | DJ3: Kecil | DK3: Menengah | DL3: Besar | DP3: Mikro | DQ3: Kecil | DR3: Menengah | DS3: Besar | DW3: Mikro | DX3: Kecil | DY3: Menengah | DZ3: Besar | ED3: Mikro | EE3: Kecil | EF3: Menengah | EG3: Besar
A4: 01 | B4: KAB. PACITAN | C4: =BI4 -> 14399.237 | D4: =BP4 -> 664145 | E4: =BW4 -> 198128.81 | F4: =CD4 -> 16598.99 | G4: =CK4 -> 454230.95 | H4: =CR4 -> 0 | I4: =CY4 -> 10576.004 | J4: =DM4 -> 1365.6792 | K4: =DF4 -> 25966.627 | L4: =DT4 -> 16904.389 | M4: =EH4 -> 34953.45 | N4: =EA4 -> 5260.6214 | O4: =SUM(C4:N4) -> 1442529.8 | P4: 01 | Q4: KAB. PACITAN | R4: =C4 -> 14399.237 | S4: =D4 -> 664145 | T4: =E4 -> 198128.81 | U4: =F4 -> 16598.99 | V4: =G4 -> 454230.95 | W4: =H4 -> 0 | X4: =I4 -> 10576.004 | Y4: =J4 -> 1365.6792 | ... AA4: =L4 -> 16904.389 | AB4: =SUM(R4:AA4) -> 1402315.7 | AC4: 01 | AD4: KAB. PACITAN | AE4: =M4 -> 34953.45 | AF4: =N4 -> 5260.6214 | AG4: =SUM(AE4:AF4) -> 40214.071 | AH4: 01 | AI4: KAB. PACITAN | AJ4: =AQ4+AX4 -> 770888.23 | AK4: =AR4+AY4 -> 623857.68 | AL4: =AS4+AZ4 -> 47783.857 | AM4: =AT4+BA4 -> 0 | AN4: =SUM(AJ4:AM4) -> 1442529.8 | AO4: 01 | AP4: KAB. PACITAN | AQ4: =BE4+BL4+BS4+BZ4+CG4+CN4+CU4+DB4+DI4+DP4 -> 733036.67 | AR4: =BF4+BM4+BT4+CA4+CH4+CO4+CV4+DC4+DJ4+DQ4 -> 621495.16 | AS4: =BG4+BN4+BU4+CB4+CI4+CP4+CW4+DD4+DK4+DR4 -> 47783.857 | AT4: =BH4+BO4+BV4+CC4+CJ4+CQ4+CX4+DE4+DL4+DS4 -> 0 | AU4: =SUM(AQ4:AT4) -> 1402315.7 | AV4: 01 | AW4: KAB. PACITAN | AX4: =DW4+ED4 -> 37851.554 | AY4: =DX4+EE4 -> 2362.5173 | AZ4: =DY4+EF4 -> 0 | BA4: =DZ4+EG4 -> 0 | BB4: =SUM(AX4:BA4) -> 40214.071 | BC4: 01 | BD4: KAB. PACITAN | BE4: 14399.237 | BF4: 0 | BG4: 0 | BH4: 0 | BI4: 14399.237 | BJ4: 01 | BK4: KAB. PACITAN | BL4: 49476.11 | BM4: 566885.04 | BN4: 47783.857 | BO4: 0 | BP4: 664145 | BQ4: 01 | BR4: KAB. PACITAN | BS4: 198128.81 | BT4: 0 | BU4: 0 | BV4: 0 | BW4: 198128.81 | BX4: 01 | BY4: KAB. PACITAN | BZ4: 16598.99 | CA4: 0 | CB4: 0 | CC4: 0 | CD4: 16598.99 | CE4: 01 | CF4: KAB. PACITAN | CG4: 399620.83 | CH4: 54610.122 | CI4: 0 | CJ4: 0 | CK4: 454230.95 | CL4: 01 | CM4: KAB. PACITAN | CN4: 0 | CO4: 0 | CP4: 0 | CQ4: 0 | CR4: 0 | CS4: 01 | CT4: KAB. PACITAN | CU4: 10576.004 | CV4: 0 | CW4: 0 | CX4: 0 | CY4: 10576.004 | CZ4: 01 | DA4: KAB. PACITAN | DB4: 25966.627 | DC4: 0 | DD4: 0 | DE4: 0 | DF4: 25966.627 | DG4: 01 | DH4: KAB. PACITAN | DI4: 1365.6792 | DJ4: 0 | DK4: 0 | DL4: 0 | DM4: 1365.6792 | DN4: 01 | DO4: KAB. PACITAN | DP4: 16904.389 | DQ4: 0 | DR4: 0 | DS4: 0 | DT4: 16904.389 | DU4: 01 | DV4: KAB. PACITAN | DW4: 2898.104 | DX4: 2362.5173 | DY4: 0 | DZ4: 0 | EA4: 5260.6214 | EB4: 01 | EC4: KAB. PACITAN | ED4: 34953.45 | EE4: 0 | EF4: 0 | EG4: 0 | EH4: 34953.45
A5: 02 | B5: KAB. PONOROGO | C5: =BI5 -> 0 | D5: =BP5 -> 11199.848 | E5: =BW5 -> 0 | F5: =CD5 -> 0 | G5: =CK5 -> 358.37893 | H5: =CR5 -> 0 | I5: =CY5 -> 0 | J5: =DM5 -> 0 | K5: =DF5 -> 0 | L5: =DT5 -> 1171358.9 | M5: =EH5 -> 99051.278 | N5: =EA5 -> 1007787 | O5: =SUM(C5:N5) -> 2289755.4 | P5: 02 | Q5: KAB. PONOROGO | R5: =C5 -> 0 | S5: =D5 -> 11199.848 | T5: =E5 -> 0 | U5: =F5 -> 0 | V5: =G5 -> 358.37893 | W5: =H5 -> 0 | X5: =I5 -> 0 | Y5: =J5 -> 0 | ... AA5: =L5 -> 1171358.9 | AB5: =SUM(R5:AA5) -> 1182917.1 | AC5: 02 | AD5: KAB. PONOROGO | AE5: =M5 -> 99051.278 | AF5: =N5 -> 1007787 | AG5: =SUM(AE5:AF5) -> 1106838.3 | AH5: 02 | AI5: KAB. PONOROGO | AJ5: =AQ5+AX5 -> 1279017.6 | AK5: =AR5+AY5 -> 165632.26 | AL5: =AS5+AZ5 -> 845105.55 | AM5: =AT5+BA5 -> 0 | AN5: =SUM(AJ5:AM5) -> 2289755.4 | AO5: 02 | AP5: KAB. PONOROGO | AQ5: =BE5+BL5+BS5+BZ5+CG5+CN5+CU5+DB5+DI5+DP5 -> 1180358.8 | AR5: =BF5+BM5+BT5+CA5+CH5+CO5+CV5+DC5+DJ5+DQ5 -> 2558.3289 | AS5: =BG5+BN5+BU5+CB5+CI5+CP5+CW5+DD5+DK5+DR5 -> 0 | AT5: =BH5+BO5+BV5+CC5+CJ5+CQ5+CX5+DE5+DL5+DS5 -> 0 | AU5: =SUM(AQ5:AT5) -> 1182917.1 | AV5: 02 | AW5: KAB. PONOROGO | AX5: =DW5+ED5 -> 98658.79 | AY5: =DX5+EE5 -> 163073.93 | AZ5: =DY5+EF5 -> 845105.55 | BA5: =DZ5+EG5 -> 0 | BB5: =SUM(AX5:BA5) -> 1106838.3 | BC5: 02 | BD5: KAB. PONOROGO | BE5: 0 | BF5: 0 | BG5: 0 | BH5: 0 | BI5: 0 | BJ5: 02 | BK5: KAB. PONOROGO | BL5: 9938.6705 | BM5: 1261.1779 | BN5: 0 | BO5: 0 | BP5: 11199.848 | BQ5: 02 | BR5: KAB. PONOROGO | BS5: 0 | BT5: 0 | BU5: 0 | BV5: 0 | BW5: 0 | BX5: 02 | BY5: KAB. PONOROGO | BZ5: 0 | CA5: 0 | CB5: 0 | CC5: 0 | CD5: 0 | CE5: 02 | CF5: KAB. PONOROGO | CG5: 358.37893 | CH5: 0 | CI5: 0 | CJ5: 0 | CK5: 358.37893 | CL5: 02 | CM5: KAB. PONOROGO | CN5: 0 | CO5: 0 | CP5: 0 | CQ5: 0 | CR5: 0 | CS5: 02 | CT5: KAB. PONOROGO | CU5: 0 | CV5: 0 | CW5: 0 | CX5: 0 | CY5: 0 | CZ5: 02 | DA5: KAB. PONOROGO | DB5: 0 | DC5: 0 | DD5: 0 | DE5: 0 | DF5: 0 | DG5: 02 | DH5: KAB. PONOROGO | DI5: 0 | DJ5: 0 | DK5: 0 | DL5: 0 | DM5: 0 | DN5: 02 | DO5: KAB. PONOROGO | DP5: 1170061.7 | DQ5: 1297.1511 | DR5: 0 | DS5: 0 | DT5: 1171358.9 | DU5: 02 | DV5: KAB. PONOROGO | DW5: 13065.719 | DX5: 149615.72 | DY5: 845105.55 | DZ5: 0 | EA5: 1007787 | EB5: 02 | EC5: KAB. PONOROGO | ED5: 85593.071 | EE5: 13458.207 | EF5: 0 | EG5: 0 | EH5: 99051.278
A6: 03 | B6: KAB. TRENGGALEK | C6: =BI6 -> 0 | D6: =BP6 -> 7368.1849 | E6: =BW6 -> 8633566.5 | F6: =CD6 -> 3263811.2 | G6: =CK6 -> 0 | H6: =CR6 -> 0 | I6: =CY6 -> 1489386.6 | J6: =DM6 -> 0 | K6: =DF6 -> 636952.54 | L6: =DT6 -> 1245.6219 | M6: =EH6 -> 2402447.7 | N6: =EA6 -> 4449789.7 | O6: =SUM(C6:N6) -> 20884568 | P6: 03 | Q6: KAB. TRENGGALEK | R6: =C6 -> 0 | S6: =D6 -> 7368.1849 | T6: =E6 -> 8633566.5 | U6: =F6 -> 3263811.2 | V6: =G6 -> 0 | W6: =H6 -> 0 | X6: =I6 -> 1489386.6 | Y6: =J6 -> 0 | ... AA6: =L6 -> 1245.6219 | AB6: =SUM(R6:AA6) -> 14032331 | AC6: 03 | AD6: KAB. TRENGGALEK | AE6: =M6 -> 2402447.7 | AF6: =N6 -> 4449789.7 | AG6: =SUM(AE6:AF6) -> 6852237.4 | AH6: 03 | AI6: KAB. TRENGGALEK | AJ6: =AQ6+AX6 -> 3403117.7 | AK6: =AR6+AY6 -> 2277991.1 | AL6: =AS6+AZ6 -> 5808107.3 | AM6: =AT6+BA6 -> 9395351.8 | AN6: =SUM(AJ6:AM6) -> 20884568 | AO6: 03 | AP6: KAB. TRENGGALEK | AQ6: =BE6+BL6+BS6+BZ6+CG6+CN6+CU6+DB6+DI6+DP6 -> 1479998.8 | AR6: =BF6+BM6+BT6+CA6+CH6+CO6+CV6+DC6+DJ6+DQ6 -> 963827.92 | AS6: =BG6+BN6+BU6+CB6+CI6+CP6+CW6+DD6+DK6+DR6 -> 2637526.9 | AT6: =BH6+BO6+BV6+CC6+CJ6+CQ6+CX6+DE6+DL6+DS6 -> 8950977.1 | AU6: =SUM(AQ6:AT6) -> 14032331 | AV6: 03 | AW6: KAB. TRENGGALEK | AX6: =DW6+ED6 -> 1923118.9 | AY6: =DX6+EE6 -> 1314163.2 | AZ6: =DY6+EF6 -> 3170580.4 | BA6: =DZ6+EG6 -> 444374.75 | BB6: =SUM(AX6:BA6) -> 6852237.4 | BC6: 03 | BD6: KAB. TRENGGALEK | BE6: 0 | BF6: 0 | BG6: 0 | BH6: 0 | BI6: 0 | BJ6: 03 | BK6: KAB. TRENGGALEK | BL6: 7368.1849 | BM6: 0 | BN6: 0 | BO6: 0 | BP6: 7368.1849 | BQ6: 03 | BR6: KAB. TRENGGALEK | BS6: 0 | BT6: 0 | BU6: 0 | BV6: 8633566.5 | BW6: 8633566.5 | BX6: 03 | BY6: KAB. TRENGGALEK | BZ6: 13600 | CA6: 295273.75 | CB6: 2637526.9 | CC6: 317410.53 | CD6: 3263811.2 | CE6: 03 | CF6: KAB. TRENGGALEK | CG6: 0 | CH6: 0 | CI6: 0 | CJ6: 0 | CK6: 0 | CL6: 03 | CM6: KAB. TRENGGALEK | CN6: 0 | CO6: 0 | CP6: 0 | CQ6: 0 | CR6: 0 | CS6: 03 | CT6: KAB. TRENGGALEK | CU6: 1445349.7 | CV6: 44036.912 | CW6: 0 | CX6: 0 | CY6: 1489386.6 | CZ6: 03 | DA6: KAB. TRENGGALEK | DB6: 12435.28 | DC6: 624517.26 | DD6: 0 | DE6: 0 | DF6: 636952.54 | DG6: 03 | DH6: KAB. TRENGGALEK | DI6: 0 | DJ6: 0 | DK6: 0 | DL6: 0 | DM6: 0 | DN6: 03 | DO6: KAB. TRENGGALEK | DP6: 1245.6219 | DQ6: 0 | DR6: 0 | DS6: 0 | DT6: 1245.6219 | DU6: 03 | DV6: KAB. TRENGGALEK | DW6: 506188.59 | DX6: 343568.24 | DY6: 3155658.1 | DZ6: 444374.75 | EA6: 4449789.7 | EB6: 03 | EC6: KAB. TRENGGALEK | ED6: 1416930.4 | EE6: 970594.98 | EF6: 14922.337 | EG6: 0 | EH6: 2402447.7
A7: 04 | B7: KAB. TULUNGAGUNG | C7: =BI7 -> 0 | D7: =BP7 -> 2937.84 | E7: =BW7 -> 17770121 | F7: =CD7 -> 364724.52 | G7: =CK7 -> 40777.654 | H7: =CR7 -> 0 | I7: =CY7 -> 6931386.6 | J7: =DM7 -> 0 | K7: =DF7 -> 9581.7725 | L7: =DT7 -> 15145.436 | M7: =EH7 -> 2256928.7 | N7: =EA7 -> 407266.8 | O7: =SUM(C7:N7) -> 27798871 | P7: 04 | Q7: KAB. TULUNGAGUNG | R7: =C7 -> 0 | S7: =D7 -> 2937.84 | T7: =E7 -> 17770121 | U7: =F7 -> 364724.52 | V7: =G7 -> 40777.654 | W7: =H7 -> 0 | X7: =I7 -> 6931386.6 | Y7: =J7 -> 0 | ... AA7: =L7 -> 15145.436 | AB7: =SUM(R7:AA7) -> 25134675 | AC7: 04 | AD7: KAB. TULUNGAGUNG | AE7: =M7 -> 2256928.7 | AF7: =N7 -> 407266.8 | AG7: =SUM(AE7:AF7) -> 2664195.5 | AH7: 04 | AI7: KAB. TULUNGAGUNG | AJ7: =AQ7+AX7 -> 5107182.8 | AK7: =AR7+AY7 -> 22278627 | AL7: =AS7+AZ7 -> 413060.34 | AM7: =AT7+BA7 -> 0 | AN7: =SUM(AJ7:AM7) -> 27798871 | AO7: 04 | AP7: KAB. TULUNGAGUNG | AQ7: =BE7+BL7+BS7+BZ7+CG7+CN7+CU7+DB7+DI7+DP7 -> 3963432.7 | AR7: =BF7+BM7+BT7+CA7+CH7+CO7+CV7+DC7+DJ7+DQ7 -> 20777987 | AS7: =BG7+BN7+BU7+CB7+CI7+CP7+CW7+DD7+DK7+DR7 -> 393255.08 | AT7: =BH7+BO7+BV7+CC7+CJ7+CQ7+CX7+DE7+DL7+DS7 -> 0 | AU7: =SUM(AQ7:AT7) -> 25134675 | AV7: 04 | AW7: KAB. TULUNGAGUNG | AX7: =DW7+ED7 -> 1143750 | AY7: =DX7+EE7 -> 1500640.2 | AZ7: =DY7+EF7 -> 19805.263 | BA7: =DZ7+EG7 -> 0 | BB7: =SUM(AX7:BA7) -> 2664195.5 | BC7: 04 | BD7: KAB. TULUNGAGUNG | BE7: 0 | BF7: 0 | BG7: 0 | BH7: 0 | BI7: 0 | BJ7: 04 | BK7: KAB. TULUNGAGUNG | BL7: 2937.84 | BM7: 0 | BN7: 0 | BO7: 0 | BP7: 2937.84 | BQ7: 04 | BR7: KAB. TULUNGAGUNG | BS7: 1269.6421 | BT7: 17392191 | BU7: 376660.5 | BV7: 0 | BW7: 17770121 | BX7: 04 | BY7: KAB. TULUNGAGUNG | BZ7: 357741.49 | CA7: 6983.0318 | CB7: 0 | CC7: 0 | CD7: 364724.52 | CE7: 04 | CF7: KAB. TULUNGAGUNG | CG7: 12541.454 | CH7: 23999.47 | CI7: 4236.7302 | CJ7: 0 | CK7: 40777.654 | CL7: 04 | CM7: KAB. TULUNGAGUNG | CN7: 0 | CO7: 0 | CP7: 0 | CQ7: 0 | CR7: 0 | CS7: 04 | CT7: KAB. TULUNGAGUNG | CU7: 3568007.1 | CV7: 3351021.7 | CW7: 12357.85 | CX7: 0 | CY7: 6931386.6 | CZ7: 04 | DA7: KAB. TULUNGAGUNG | DB7: 9581.7725 | DC7: 0 | DD7: 0 | DE7: 0 | DF7: 9581.7725 | DG7: 04 | DH7: KAB. TULUNGAGUNG | DI7: 0 | DJ7: 0 | DK7: 0 | DL7: 0 | DM7: 0 | DN7: 04 | DO7: KAB. TULUNGAGUNG | DP7: 11353.438 | DQ7: 3791.9979 | DR7: 0 | DS7: 0 | DT7: 15145.436 | DU7: 04 | DV7: KAB. TULUNGAGUNG | DW7: 329088.75 | DX7: 58372.782 | DY7: 19805.263 | DZ7: 0 | EA7: 407266.8 | EB7: 04 | EC7: KAB. TULUNGAGUNG | ED7: 814661.27 | EE7: 1442267.4 | EF7: 0 | EG7: 0 | EH7: 2256928.7
A8: 05 | B8: KAB. BLITAR | C8: =BI8 -> 0 | D8: =BP8 -> 2464.2946 | E8: =BW8 -> 0 | F8: =CD8 -> 0 | G8: =CK8 -> 31618.467 | H8: =CR8 -> 0 | I8: =CY8 -> 102547.28 | J8: =DM8 -> 17983731 | K8: =DF8 -> 0 | L8: =DT8 -> 2752.0802 | M8: =EH8 -> 711954.44 | N8: =EA8 -> 508288.97 | O8: =SUM(C8:N8) -> 19343357 | P8: 05 | Q8: KAB. BLITAR | R8: =C8 -> 0 | S8: =D8 -> 2464.2946 | T8: =E8 -> 0 | U8: =F8 -> 0 | V8: =G8 -> 31618.467 | W8: =H8 -> 0 | X8: =I8 -> 102547.28 | Y8: =J8 -> 17983731 | ... AA8: =L8 -> 2752.0802 | AB8: =SUM(R8:AA8) -> 18123113 | AC8: 05 | AD8: KAB. BLITAR | AE8: =M8 -> 711954.44 | AF8: =N8 -> 508288.97 | AG8: =SUM(AE8:AF8) -> 1220243.4 | AH8: 05 | AI8: KAB. BLITAR | AJ8: =AQ8+AX8 -> 18474815 | AK8: =AR8+AY8 -> 476931.98 | AL8: =AS8+AZ8 -> 391609.81 | AM8: =AT8+BA8 -> 0 | AN8: =SUM(AJ8:AM8) -> 19343357 | AO8: 05 | AP8: KAB. BLITAR | AQ8: =BE8+BL8+BS8+BZ8+CG8+CN8+CU8+DB8+DI8+DP8 -> 17694758 | AR8: =BF8+BM8+BT8+CA8+CH8+CO8+CV8+DC8+DJ8+DQ8 -> 45346.954 | AS8: =BG8+BN8+BU8+CB8+CI8+CP8+CW8+DD8+DK8+DR8 -> 383008.71 | AT8: =BH8+BO8+BV8+CC8+CJ8+CQ8+CX8+DE8+DL8+DS8 -> 0 | AU8: =SUM(AQ8:AT8) -> 18123113 | AV8: 05 | AW8: KAB. BLITAR | AX8: =DW8+ED8 -> 780057.3 | AY8: =DX8+EE8 -> 431585.02 | AZ8: =DY8+EF8 -> 8601.0942 | BA8: =DZ8+EG8 -> 0 | BB8: =SUM(AX8:BA8) -> 1220243.4 | BC8: 05 | BD8: KAB. BLITAR | BE8: 0 | BF8: 0 | BG8: 0 | BH8: 0 | BI8: 0 | BJ8: 05 | BK8: KAB. BLITAR | BL8: 0 | BM8: 348.2244 | BN8: 2116.0702 | BO8: 0 | BP8: 2464.2946 | BQ8: 05 | BR8: KAB. BLITAR | BS8: 0 | BT8: 0 | BU8: 0 | BV8: 0 | BW8: 0 | BX8: 05 | BY8: KAB. BLITAR | BZ8: 0 | CA8: 0 | CB8: 0 | CC8: 0 | CD8: 0 | CE8: 05 | CF8: KAB. BLITAR | CG8: 7742.7289 | CH8: 23875.739 | CI8: 0 | CJ8: 0 | CK8: 31618.467 | CL8: 05 | CM8: KAB. BLITAR | CN8: 0 | CO8: 0 | CP8: 0 | CQ8: 0 | CR8: 0 | CS8: 05 | CT8: KAB. BLITAR | CU8: 84176.364 | CV8: 18370.911 | CW8: 0 | CX8: 0 | CY8: 102547.28 | CZ8: 05 | DA8: KAB. BLITAR | DB8: 0 | DC8: 0 | DD8: 0 | DE8: 0 | DF8: 0 | DG8: 05 | DH8: KAB. BLITAR | DI8: 17602838 | DJ8: 0 | DK8: 380892.64 | DL8: 0 | DM8: 17983731 | DN8: 05 | DO8: KAB. BLITAR | DP8: 0 | DQ8: 2752.0802 | DR8: 0 | DS8: 0 | DT8: 2752.0802 | DU8: 05 | DV8: KAB. BLITAR | DW8: 130995.03 | DX8: 371559.88 | DY8: 5734.0628 | DZ8: 0 | EA8: 508288.97 | EB8: 05 | EC8: KAB. BLITAR | ED8: 649062.27 | EE8: 60025.142 | EF8: 2867.0314 | EG8: 0 | EH8: 711954.44
A9: 06 | B9: KAB. KEDIRI | C9: =BI9 -> 0 | D9: =BP9 -> 10566.167 | E9: =BW9 -> 0 | F9: =CD9 -> 0 | G9: =CK9 -> 18.862155 | H9: =CR9 -> 0 | I9: =CY9 -> 2389.9426 | J9: =DM9 -> 1306.8479 | K9: =DF9 -> 0 | L9: =DT9 -> 30123.396 | M9: =EH9 -> 359542.48 | N9: =EA9 -> 159835.06 | O9: =SUM(C9:N9) -> 563782.75 | P9: 06 | Q9: KAB. KEDIRI | R9: =C9 -> 0 | S9: =D9 -> 10566.167 | T9: =E9 -> 0 | U9: =F9 -> 0 | V9: =G9 -> 18.862155 | W9: =H9 -> 0 | X9: =I9 -> 2389.9426 | Y9: =J9 -> 1306.8479 | ... AA9: =L9 -> 30123.396 | AB9: =SUM(R9:AA9) -> 44405.215 | AC9: 06 | AD9: KAB. KEDIRI | AE9: =M9 -> 359542.48 | AF9: =N9 -> 159835.06 | AG9: =SUM(AE9:AF9) -> 519377.54 | AH9: 06 | AI9: KAB. KEDIRI | AJ9: =AQ9+AX9 -> 201954.56 | AK9: =AR9+AY9 -> 361828.19 | AL9: =AS9+AZ9 -> 0 | AM9: =AT9+BA9 -> 0 | AN9: =SUM(AJ9:AM9) -> 563782.75 | AO9: 06 | AP9: KAB. KEDIRI | AQ9: =BE9+BL9+BS9+BZ9+CG9+CN9+CU9+DB9+DI9+DP9 -> 10871.32 | AR9: =BF9+BM9+BT9+CA9+CH9+CO9+CV9+DC9+DJ9+DQ9 -> 33533.895 | AS9: =BG9+BN9+BU9+CB9+CI9+CP9+CW9+DD9+DK9+DR9 -> 0 | AT9: =BH9+BO9+BV9+CC9+CJ9+CQ9+CX9+DE9+DL9+DS9 -> 0 | AU9: =SUM(AQ9:AT9) -> 44405.215 | AV9: 06 | AW9: KAB. KEDIRI | AX9: =DW9+ED9 -> 191083.24 | AY9: =DX9+EE9 -> 328294.3 | AZ9: =DY9+EF9 -> 0 | BA9: =DZ9+EG9 -> 0 | BB9: =SUM(AX9:BA9) -> 519377.54 | BC9: 06 | BD9: KAB. KEDIRI | BE9: 0 | BF9: 0 | BG9: 0 | BH9: 0 | BI9: 0 | BJ9: 06 | BK9: KAB. KEDIRI | BL9: 7277.5762 | BM9: 3288.5906 | BN9: 0 | BO9: 0 | BP9: 10566.167 | BQ9: 06 | BR9: KAB. KEDIRI | BS9: 0 | BT9: 0 | BU9: 0 | BV9: 0 | BW9: 0 | BX9: 06 | BY9: KAB. KEDIRI | BZ9: 0 | CA9: 0 | CB9: 0 | CC9: 0 | CD9: 0 | CE9: 06 | CF9: KAB. KEDIRI | CG9: 18.862155 | CH9: 0 | CI9: 0 | CJ9: 0 | CK9: 18.862155 | CL9: 06 | CM9: KAB. KEDIRI | CN9: 0 | CO9: 0 | CP9: 0 | CQ9: 0 | CR9: 0 | CS9: 06 | CT9: KAB. KEDIRI | CU9: 1546.4145 | CV9: 843.52805 | CW9: 0 | CX9: 0 | CY9: 2389.9426 | CZ9: 06 | DA9: KAB. KEDIRI | DB9: 0 | DC9: 0 | DD9: 0 | DE9: 0 | DF9: 0 | DG9: 06 | DH9: KAB. KEDIRI | DI9: 0 | DJ9: 1306.8479 | DK9: 0 | DL9: 0 | DM9: 1306.8479 | DN9: 06 | DO9: KAB. KEDIRI | DP9: 2028.4667 | DQ9: 28094.929 | DR9: 0 | DS9: 0 | DT9: 30123.396 | DU9: 06 | DV9: KAB. KEDIRI | DW9: 28434.052 | DX9: 131401 | DY9: 0 | DZ9: 0 | EA9: 159835.06 | EB9: 06 | EC9: KAB. KEDIRI | ED9: 162649.19 | EE9: 196893.29 | EF9: 0 | EG9: 0 | EH9: 359542.48
A10: 07 | B10: KAB. MALANG | C10: =BI10 -> 0 | D10: =BP10 -> 1881.3788 | E10: =BW10 -> 18574924 | F10: =CD10 -> 304636.88 | G10: =CK10 -> 3556.3072 | H10: =CR10 -> 0 | I10: =CY10 -> 13061.011 | J10: =DM10 -> 2301909.6 | K10: =DF10 -> 6436.1746 | L10: =DT10 -> 310377.83 | M10: =EH10 -> 107539.1 | N10: =EA10 -> 3892881.1 | O10: =SUM(C10:N10) -> 25517203 | P10: 07 | Q10: KAB. MALANG | R10: =C10 -> 0 | S10: =D10 -> 1881.3788 | T10: =E10 -> 18574924 | U10: =F10 -> 304636.88 | V10: =G10 -> 3556.3072 | W10: =H10 -> 0 | X10: =I10 -> 13061.011 | Y10: =J10 -> 2301909.6 | ... AA10: =L10 -> 310377.83 | AB10: =SUM(R10:AA10) -> 21516783 | AC10: 07 | AD10: KAB. MALANG | AE10: =M10 -> 107539.1 | AF10: =N10 -> 3892881.1 | AG10: =SUM(AE10:AF10) -> 4000420.2 | AH10: 07 | AI10: KAB. MALANG | AJ10: =AQ10+AX10 -> 4767005.2 | AK10: =AR10+AY10 -> 157703.03 | AL10: =AS10+AZ10 -> 18906.294 | AM10: =AT10+BA10 -> 20573589 | AN10: =SUM(AJ10:AM10) -> 25517203 | AO10: 07 | AP10: KAB. MALANG | AQ10: =BE10+BL10+BS10+BZ10+CG10+CN10+CU10+DB10+DI10+DP10 -> 4624153.2 | AR10: =BF10+BM10+BT10+CA10+CH10+CO10+CV10+DC10+DJ10+DQ10 -> 119423.97 | AS10: =BG10+BN10+BU10+CB10+CI10+CP10+CW10+DD10+DK10+DR10 -> 8543.5598 | AT10: =BH10+BO10+BV10+CC10+CJ10+CQ10+CX10+DE10+DL10+DS10 -> 16764662 | AU10: =SUM(AQ10:AT10) -> 21516783 | AV10: 07 | AW10: KAB. MALANG | AX10: =DW10+ED10 -> 142851.97 | AY10: =DX10+EE10 -> 38279.06 | AZ10: =DY10+EF10 -> 10362.734 | BA10: =DZ10+EG10 -> 3808926.4 | BB10: =SUM(AX10:BA10) -> 4000420.2 | BC10: 07 | BD10: KAB. MALANG | BE10: 0 | BF10: 0 | BG10: 0 | BH10: 0 | BI10: 0 | BJ10: 07 | BK10: KAB. MALANG | BL10: 1881.3788 | BM10: 0 | BN10: 0 | BO10: 0 | BP10: 1881.3788 | BQ10: 07 | BR10: KAB. MALANG | BS10: 1981288.1 | BT10: 82901.87 | BU10: 0 | BV10: 16510734 | BW10: 18574924 | BX10: 07 | BY10: KAB. MALANG | BZ10: 303578.85 | CA10: 1058.0351 | CB10: 0 | CC10: 0 | CD10: 304636.88 | CE10: 07 | CF10: KAB. MALANG | CG10: 3556.3072 | CH10: 0 | CI10: 0 | CJ10: 0 | CK10: 3556.3072 | CL10: 07 | CM10: KAB. MALANG | CN10: 0 | CO10: 0 | CP10: 0 | CQ10: 0 | CR10: 0 | CS10: 07 | CT10: KAB. MALANG | CU10: 4517.4513 | CV10: 0 | CW10: 8543.5598 | CX10: 0 | CY10: 13061.011 | CZ10: 07 | DA10: KAB. MALANG | DB10: 6436.1746 | DC10: 0 | DD10: 0 | DE10: 0 | DF10: 6436.1746 | DG10: 07 | DH10: KAB. MALANG | DI10: 2301909.6 | DJ10: 0 | DK10: 0 | DL10: 0 | DM10: 2301909.6 | DN10: 07 | DO10: KAB. MALANG | DP10: 20985.336 | DQ10: 35464.062 | DR10: 0 | DS10: 253928.43 | DT10: 310377.83 | DU10: 07 | DV10: KAB. MALANG | DW10: 36453.811 | DX10: 37138.123 | DY10: 10362.734 | DZ10: 3808926.4 | EA10: 3892881.1 | EB10: 07 | EC10: KAB. MALANG | ED10: 106398.16 | EE10: 1140.937 | EF10: 0 | EG10: 0 | EH10: 107539.1
A11: 08 | B11: KAB. LUMAJANG | C11: =BI11 -> 3573.4435 | D11: =BP11 -> 3653.4793 | E11: =BW11 -> 0 | F11: =CD11 -> 1117002.9 | G11: =CK11 -> 0 | H11: =CR11 -> 0 | I11: =CY11 -> 62793.793 | J11: =DM11 -> 3921.2409 | K11: =DF11 -> 0 | L11: =DT11 -> 9738.3512 | M11: =EH11 -> 6255187 | N11: =EA11 -> 1347093 | O11: =SUM(C11:N11) -> 8802963.2 | P11: 08 | Q11: KAB. LUMAJANG | R11: =C11 -> 3573.4435 | S11: =D11 -> 3653.4793 | T11: =E11 -> 0 | U11: =F11 -> 1117002.9 | V11: =G11 -> 0 | W11: =H11 -> 0 | X11: =I11 -> 62793.793 | Y11: =J11 -> 3921.2409 | ... AA11: =L11 -> 9738.3512 | AB11: =SUM(R11:AA11) -> 1200683.2 | AC11: 08 | AD11: KAB. LUMAJANG | AE11: =M11 -> 6255187 | AF11: =N11 -> 1347093 | AG11: =SUM(AE11:AF11) -> 7602280 | AH11: 08 | AI11: KAB. LUMAJANG | AJ11: =AQ11+AX11 -> 3844606 | AK11: =AR11+AY11 -> 3696384.1 | AL11: =AS11+AZ11 -> 1261973.1 | AM11: =AT11+BA11 -> 0 | AN11: =SUM(AJ11:AM11) -> 8802963.2 | AO11: 08 | AP11: KAB. LUMAJANG | AQ11: =BE11+BL11+BS11+BZ11+CG11+CN11+CU11+DB11+DI11+DP11 -> 726684.14 | AR11: =BF11+BM11+BT11+CA11+CH11+CO11+CV11+DC11+DJ11+DQ11 -> 473999.09 | AS11: =BG11+BN11+BU11+CB11+CI11+CP11+CW11+DD11+DK11+DR11 -> 0 | AT11: =BH11+BO11+BV11+CC11+CJ11+CQ11+CX11+DE11+DL11+DS11 -> 0 | AU11: =SUM(AQ11:AT11) -> 1200683.2 | AV11: 08 | AW11: KAB. LUMAJANG | AX11: =DW11+ED11 -> 3117921.9 | AY11: =DX11+EE11 -> 3222385 | AZ11: =DY11+EF11 -> 1261973.1 | BA11: =DZ11+EG11 -> 0 | BB11: =SUM(AX11:BA11) -> 7602280 | BC11: 08 | BD11: KAB. LUMAJANG | BE11: 3573.4435 | BF11: 0 | BG11: 0 | BH11: 0 | BI11: 3573.4435 | BJ11: 08 | BK11: KAB. LUMAJANG | BL11: 2330.9354 | BM11: 1322.5439 | BN11: 0 | BO11: 0 | BP11: 3653.4793 | BQ11: 08 | BR11: KAB. LUMAJANG | BS11: 0 | BT11: 0 | BU11: 0 | BV11: 0 | BW11: 0 | BX11: 08 | BY11: KAB. LUMAJANG | BZ11: 657128.6 | CA11: 459874.32 | CB11: 0 | CC11: 0 | CD11: 1117002.9 | CE11: 08 | CF11: KAB. LUMAJANG | CG11: 0 | CH11: 0 | CI11: 0 | CJ11: 0 | CK11: 0 | CL11: 08 | CM11: KAB. LUMAJANG | CN11: 0 | CO11: 0 | CP11: 0 | CQ11: 0 | CR11: 0 | CS11: 08 | CT11: KAB. LUMAJANG | CU11: 53271.477 | CV11: 9522.316 | CW11: 0 | CX11: 0 | CY11: 62793.793 | CZ11: 08 | DA11: KAB. LUMAJANG | DB11: 0 | DC11: 0 | DD11: 0 | DE11: 0 | DF11: 0 | DG11: 08 | DH11: KAB. LUMAJANG | DI11: 2545.7953 | DJ11: 1375.4457 | DK11: 0 | DL11: 0 | DM11: 3921.2409 | DN11: 08 | DO11: KAB. LUMAJANG | DP11: 7833.888 | DQ11: 1904.4632 | DR11: 0 | DS11: 0 | DT11: 9738.3512 | DU11: 08 | DV11: KAB. LUMAJANG | DW11: 40920.004 | DX11: 44199.929 | DY11: 1261973.1 | DZ11: 0 | EA11: 1347093 | EB11: 08 | EC11: KAB. LUMAJANG | ED11: 3077001.9 | EE11: 3178185.1 | EF11: 0 | EG11: 0 | EH11: 6255187
A12: 09 | B12: KAB. JEMBER | C12: =BI12 -> 37259.913 | D12: =BP12 -> 17.773954 | E12: =BW12 -> 0 | F12: =CD12 -> 2794620.9 | G12: =CK12 -> 93080.598 | H12: =CR12 -> 0 | I12: =CY12 -> 269218.98 | J12: =DM12 -> 121.87854 | K12: =DF12 -> 283654.84 | L12: =DT12 -> 16020.604 | M12: =EH12 -> 1268809.9 | N12: =EA12 -> 12135290 | O12: =SUM(C12:N12) -> 16898095 | P12: 09 | Q12: KAB. JEMBER | R12: =C12 -> 37259.913 | S12: =D12 -> 17.773954 | T12: =E12 -> 0 | U12: =F12 -> 2794620.9 | V12: =G12 -> 93080.598 | W12: =H12 -> 0 | X12: =I12 -> 269218.98 | Y12: =J12 -> 121.87854 | ... AA12: =L12 -> 16020.604 | AB12: =SUM(R12:AA12) -> 3493995.5 | AC12: 09 | AD12: KAB. JEMBER | AE12: =M12 -> 1268809.9 | AF12: =N12 -> 12135290 | AG12: =SUM(AE12:AF12) -> 13404100 | AH12: 09 | AI12: KAB. JEMBER | AJ12: =AQ12+AX12 -> 860492.4 | AK12: =AR12+AY12 -> 4923510.6 | AL12: =AS12+AZ12 -> 10794886 | AM12: =AT12+BA12 -> 319205.7 | AN12: =SUM(AJ12:AM12) -> 16898095 | AO12: 09 | AP12: KAB. JEMBER | AQ12: =BE12+BL12+BS12+BZ12+CG12+CN12+CU12+DB12+DI12+DP12 -> 664710.86 | AR12: =BF12+BM12+BT12+CA12+CH12+CO12+CV12+DC12+DJ12+DQ12 -> 2092808.7 | AS12: =BG12+BN12+BU12+CB12+CI12+CP12+CW12+DD12+DK12+DR12 -> 736475.88 | AT12: =BH12+BO12+BV12+CC12+CJ12+CQ12+CX12+DE12+DL12+DS12 -> 0 | AU12: =SUM(AQ12:AT12) -> 3493995.5 | AV12: 09 | AW12: KAB. JEMBER | AX12: =DW12+ED12 -> 195781.54 | AY12: =DX12+EE12 -> 2830701.9 | AZ12: =DY12+EF12 -> 10058410 | BA12: =DZ12+EG12 -> 319205.7 | BB12: =SUM(AX12:BA12) -> 13404100 | BC12: 09 | BD12: KAB. JEMBER | BE12: 34524.643 | BF12: 2735.2699 | BG12: 0 | BH12: 0 | BI12: 37259.913 | BJ12: 09 | BK12: KAB. JEMBER | BL12: 0 | BM12: 0 | BN12: 17.773954 | BO12: 0 | BP12: 17.773954 | BQ12: 09 | BR12: KAB. JEMBER | BS12: 0 | BT12: 0 | BU12: 0 | BV12: 0 | BW12: 0 | BX12: 09 | BY12: KAB. JEMBER | BZ12: 342585.8 | CA12: 1738382.8 | CB12: 713652.26 | CC12: 0 | CD12: 2794620.9 | CE12: 09 | CF12: KAB. JEMBER | CG12: 89474.57 | CH12: 3606.028 | CI12: 0 | CJ12: 0 | CK12: 93080.598 | CL12: 09 | CM12: KAB. JEMBER | CN12: 0 | CO12: 0 | CP12: 0 | CQ12: 0 | CR12: 0 | CS12: 09 | CT12: KAB. JEMBER | CU12: 24210.634 | CV12: 222659.55 | CW12: 22348.804 | CX12: 0 | CY12: 269218.98 | CZ12: 09 | DA12: KAB. JEMBER | DB12: 161124.27 | DC12: 122073.52 | DD12: 457.04452 | DE12: 0 | DF12: 283654.84 | DG12: 09 | DH12: KAB. JEMBER | DI12: 121.87854 | DJ12: 0 | DK12: 0 | DL12: 0 | DM12: 121.87854 | DN12: 09 | DO12: KAB. JEMBER | DP12: 12669.067 | DQ12: 3351.537 | DR12: 0 | DS12: 0 | DT12: 16020.604 | DU12: 09 | DV12: KAB. JEMBER | DW12: 10175.193 | DX12: 2211001.7 | DY12: 9594907 | DZ12: 319205.7 | EA12: 12135290 | EB12: 09 | EC12: KAB. JEMBER | ED12: 185606.34 | EE12: 619700.18 | EF12: 463503.41 | EG12: 0 | EH12: 1268809.9
A13: 10 | B13: KAB. BANYUWANGI | C13: =BI13 -> 0 | D13: =BP13 -> 2233.1012 | E13: =BW13 -> 2.8503333e+08 | F13: =CD13 -> 7000376.2 | G13: =CK13 -> 13111.798 | H13: =CR13 -> 1.4879363e+08 | I13: =CY13 -> 74653.313 | J13: =DM13 -> 3.2967109e+08 | K13: =DF13 -> 6910445.5 | L13: =DT13 -> 4755.5194 | M13: =EH13 -> 1329371.7 | N13: =EA13 -> 1.4151035e+08 | O13: =SUM(C13:N13) -> 9.2034334e+08 | P13: 10 | Q13: KAB. BANYUWANGI | R13: =C13 -> 0 | S13: =D13 -> 2233.1012 | T13: =E13 -> 2.8503333e+08 | U13: =F13 -> 7000376.2 | V13: =G13 -> 13111.798 | W13: =H13 -> 1.4879363e+08 | X13: =I13 -> 74653.313 | Y13: =J13 -> 3.2967109e+08 | ... AA13: =L13 -> 4755.5194 | AB13: =SUM(R13:AA13) -> 7.7750362e+08 | AC13: 10 | AD13: KAB. BANYUWANGI | AE13: =M13 -> 1329371.7 | AF13: =N13 -> 1.4151035e+08 | AG13: =SUM(AE13:AF13) -> 1.4283972e+08 | AH13: 10 | AI13: KAB. BANYUWANGI | AJ13: =AQ13+AX13 -> 991015.06 | AK13: =AR13+AY13 -> 2178681.5 | AL13: =AS13+AZ13 -> 63592176 | AM13: =AT13+BA13 -> 8.5358147e+08 | AN13: =SUM(AJ13:AM13) -> 9.2034334e+08 | AO13: 10 | AP13: KAB. BANYUWANGI | AQ13: =BE13+BL13+BS13+BZ13+CG13+CN13+CU13+DB13+DI13+DP13 -> 197906.44 | AR13: =BF13+BM13+BT13+CA13+CH13+CO13+CV13+DC13+DJ13+DQ13 -> 1633688.9 | AS13: =BG13+BN13+BU13+CB13+CI13+CP13+CW13+DD13+DK13+DR13 -> 63592176 | AT13: =BH13+BO13+BV13+CC13+CJ13+CQ13+CX13+DE13+DL13+DS13 -> 7.1207985e+08 | AU13: =SUM(AQ13:AT13) -> 7.7750362e+08 | AV13: 10 | AW13: KAB. BANYUWANGI | AX13: =DW13+ED13 -> 793108.62 | AY13: =DX13+EE13 -> 544992.58 | AZ13: =DY13+EF13 -> 0 | BA13: =DZ13+EG13 -> 1.4150162e+08 | BB13: =SUM(AX13:BA13) -> 1.4283972e+08 | BC13: 10 | BD13: KAB. BANYUWANGI | BE13: 0 | BF13: 0 | BG13: 0 | BH13: 0 | BI13: 0 | BJ13: 10 | BK13: KAB. BANYUWANGI | BL13: 117.03093 | BM13: 0 | BN13: 0 | BO13: 2116.0702 | BP13: 2233.1012 | BQ13: 10 | BR13: KAB. BANYUWANGI | BS13: 0 | BT13: 15597.554 | BU13: 634821.07 | BV13: 2.8438291e+08 | BW13: 2.8503333e+08 | BX13: 10 | BY13: KAB. BANYUWANGI | BZ13: 139207.64 | CA13: 1147778.9 | CB13: 0 | CC13: 5713389.6 | CD13: 7000376.2 | CE13: 10 | CF13: KAB. BANYUWANGI | CG13: 1473.4119 | CH13: 11638.386 | CI13: 0 | CJ13: 0 | CK13: 13111.798 | CL13: 10 | CM13: KAB. BANYUWANGI | CN13: 0 | CO13: 0 | CP13: 58860642 | CQ13: 89932985 | CR13: 1.4879363e+08 | CS13: 10 | CT13: KAB. BANYUWANGI | CU13: 44476.911 | CV13: 30176.402 | CW13: 0 | CX13: 0 | CY13: 74653.313 | CZ13: 10 | DA13: KAB. BANYUWANGI | DB13: 8108.0359 | DC13: 425046.49 | DD13: 129080.28 | DE13: 6348210.7 | DF13: 6910445.5 | DG13: 10 | DH13: KAB. BANYUWANGI | DI13: 1892.6695 | DJ13: 1326.4299 | DK13: 3967631.7 | DL13: 3.2570024e+08 | DM13: 3.2967109e+08 | DN13: 10 | DO13: KAB. BANYUWANGI | DP13: 2630.7436 | DQ13: 2124.7758 | DR13: 0 | DS13: 0 | DT13: 4755.5194 | DU13: 10 | DV13: KAB. BANYUWANGI | DW13: 8729.4677 | DX13: 0 | DY13: 0 | DZ13: 1.4150162e+08 | EA13: 1.4151035e+08 | EB13: 10 | EC13: KAB. BANYUWANGI | ED13: 784379.15 | EE13: 544992.58 | EF13: 0 | EG13: 0 | EH13: 1329371.7
A14: 11 | B14: KAB. BONDOWOSO | C14: =BI14 -> 0 | D14: =BP14 -> 25682.709 | E14: =BW14 -> 0 | F14: =CD14 -> 14742.511 | G14: =CK14 -> 0 | H14: =CR14 -> 0 | I14: =CY14 -> 11.426113 | J14: =DM14 -> 0 | K14: =DF14 -> 0 | L14: =DT14 -> 16863.873 | M14: =EH14 -> 130972.55 | N14: =EA14 -> 51888.183 | O14: =SUM(C14:N14) -> 240161.26 | P14: 11 | Q14: KAB. BONDOWOSO | R14: =C14 -> 0 | S14: =D14 -> 25682.709 | T14: =E14 -> 0 | U14: =F14 -> 14742.511 | V14: =G14 -> 0 | W14: =H14 -> 0 | X14: =I14 -> 11.426113 | Y14: =J14 -> 0 | ... AA14: =L14 -> 16863.873 | AB14: =SUM(R14:AA14) -> 57300.52 | AC14: 11 | AD14: KAB. BONDOWOSO | AE14: =M14 -> 130972.55 | AF14: =N14 -> 51888.183 | AG14: =SUM(AE14:AF14) -> 182860.74 | AH14: 11 | AI14: KAB. BONDOWOSO | AJ14: =AQ14+AX14 -> 240161.26 | AK14: =AR14+AY14 -> 0 | AL14: =AS14+AZ14 -> 0 | AM14: =AT14+BA14 -> 0 | AN14: =SUM(AJ14:AM14) -> 240161.26 | AO14: 11 | AP14: KAB. BONDOWOSO | AQ14: =BE14+BL14+BS14+BZ14+CG14+CN14+CU14+DB14+DI14+DP14 -> 57300.52 | AR14: =BF14+BM14+BT14+CA14+CH14+CO14+CV14+DC14+DJ14+DQ14 -> 0 | AS14: =BG14+BN14+BU14+CB14+CI14+CP14+CW14+DD14+DK14+DR14 -> 0 | AT14: =BH14+BO14+BV14+CC14+CJ14+CQ14+CX14+DE14+DL14+DS14 -> 0 | AU14: =SUM(AQ14:AT14) -> 57300.52 | AV14: 11 | AW14: KAB. BONDOWOSO | AX14: =DW14+ED14 -> 182860.74 | AY14: =DX14+EE14 -> 0 | AZ14: =DY14+EF14 -> 0 | BA14: =DZ14+EG14 -> 0 | BB14: =SUM(AX14:BA14) -> 182860.74 | BC14: 11 | BD14: KAB. BONDOWOSO | BE14: 0 | BF14: 0 | BG14: 0 | BH14: 0 | BI14: 0 | BJ14: 11 | BK14: KAB. BONDOWOSO | BL14: 25682.709 | BM14: 0 | BN14: 0 | BO14: 0 | BP14: 25682.709 | BQ14: 11 | BR14: KAB. BONDOWOSO | BS14: 0 | BT14: 0 | BU14: 0 | BV14: 0 | BW14: 0 | BX14: 11 | BY14: KAB. BONDOWOSO | BZ14: 14742.511 | CA14: 0 | CB14: 0 | CC14: 0 | CD14: 14742.511 | CE14: 11 | CF14: KAB. BONDOWOSO | CG14: 0 | CH14: 0 | CI14: 0 | CJ14: 0 | CK14: 0 | CL14: 11 | CM14: KAB. BONDOWOSO | CN14: 0 | CO14: 0 | CP14: 0 | CQ14: 0 | CR14: 0 | CS14: 11 | CT14: KAB. BONDOWOSO | CU14: 11.426113 | CV14: 0 | CW14: 0 | CX14: 0 | CY14: 11.426113 | CZ14: 11 | DA14: KAB. BONDOWOSO | DB14: 0 | DC14: 0 | DD14: 0 | DE14: 0 | DF14: 0 | DG14: 11 | DH14: KAB. BONDOWOSO | DI14: 0 | DJ14: 0 | DK14: 0 | DL14: 0 | DM14: 0 | DN14: 11 | DO14: KAB. BONDOWOSO | DP14: 16863.873 | DQ14: 0 | DR14: 0 | DS14: 0 | DT14: 16863.873 | DU14: 11 | DV14: KAB. BONDOWOSO | DW14: 51888.183 | DX14: 0 | DY14: 0 | DZ14: 0 | EA14: 51888.183 | EB14: 11 | EC14: KAB. BONDOWOSO | ED14: 130972.55 | EE14: 0 | EF14: 0 | EG14: 0 | EH14: 130972.55
A15: 12 | B15: KAB. SITUBONDO | C15: =BI15 -> 0 | D15: =BP15 -> 0 | E15: =BW15 -> 33620413 | F15: =CD15 -> 284336.7 | G15: =CK15 -> 8365.1722 | H15: =CR15 -> 0 | I15: =CY15 -> 0 | J15: =DM15 -> 1318.3648 | K15: =DF15 -> 186953 | L15: =DT15 -> 55024.31 | M15: =EH15 -> 173797.31 | N15: =EA15 -> 16607540 | O15: =SUM(C15:N15) -> 50937748 | P15: 12 | Q15: KAB. SITUBONDO | R15: =C15 -> 0 | S15: =D15 -> 0 | T15: =E15 -> 33620413 | U15: =F15 -> 284336.7 | V15: =G15 -> 8365.1722 | W15: =H15 -> 0 | X15: =I15 -> 0 | Y15: =J15 -> 1318.3648 | ... AA15: =L15 -> 55024.31 | AB15: =SUM(R15:AA15) -> 34156410 | AC15: 12 | AD15: KAB. SITUBONDO | AE15: =M15 -> 173797.31 | AF15: =N15 -> 16607540 | AG15: =SUM(AE15:AF15) -> 16781337 | AH15: 12 | AI15: KAB. SITUBONDO | AJ15: =AQ15+AX15 -> 323788.97 | AK15: =AR15+AY15 -> 5725539.5 | AL15: =AS15+AZ15 -> 28861.276 | AM15: =AT15+BA15 -> 44859558 | AN15: =SUM(AJ15:AM15) -> 50937748 | AO15: 12 | AP15: KAB. SITUBONDO | AQ15: =BE15+BL15+BS15+BZ15+CG15+CN15+CU15+DB15+DI15+DP15 -> 190056.75 | AR15: =BF15+BM15+BT15+CA15+CH15+CO15+CV15+DC15+DJ15+DQ15 -> 341125.42 | AS15: =BG15+BN15+BU15+CB15+CI15+CP15+CW15+DD15+DK15+DR15 -> 4815.381 | AT15: =BH15+BO15+BV15+CC15+CJ15+CQ15+CX15+DE15+DL15+DS15 -> 33620413 | AU15: =SUM(AQ15:AT15) -> 34156410 | AV15: 12 | AW15: KAB. SITUBONDO | AX15: =DW15+ED15 -> 133732.22 | AY15: =DX15+EE15 -> 5384414.1 | AZ15: =DY15+EF15 -> 24045.895 | BA15: =DZ15+EG15 -> 11239145 | BB15: =SUM(AX15:BA15) -> 16781337 | BC15: 12 | BD15: KAB. SITUBONDO | BE15: 0 | BF15: 0 | BG15: 0 | BH15: 0 | BI15: 0 | BJ15: 12 | BK15: KAB. SITUBONDO | BL15: 0 | BM15: 0 | BN15: 0 | BO15: 0 | BP15: 0 | BQ15: 12 | BR15: KAB. SITUBONDO | BS15: 0 | BT15: 0 | BU15: 0 | BV15: 33620413 | BW15: 33620413 | BX15: 12 | BY15: KAB. SITUBONDO | BZ15: 109588.27 | CA15: 174744.8 | CB15: 3.6273375 | CC15: 0 | CD15: 284336.7 | CE15: 12 | CF15: KAB. SITUBONDO | CG15: 4984.521 | CH15: 3380.6512 | CI15: 0 | CJ15: 0 | CK15: 8365.1722 | CL15: 12 | CM15: KAB. SITUBONDO | CN15: 0 | CO15: 0 | CP15: 0 | CQ15: 0 | CR15: 0 | CS15: 12 | CT15: KAB. SITUBONDO | CU15: 0 | CV15: 0 | CW15: 0 | CX15: 0 | CY15: 0 | CZ15: 12 | DA15: KAB. SITUBONDO | DB15: 19141.281 | DC15: 162999.97 | DD15: 4811.7536 | DE15: 0 | DF15: 186953 | DG15: 12 | DH15: KAB. SITUBONDO | DI15: 1318.3648 | DJ15: 0 | DK15: 0 | DL15: 0 | DM15: 1318.3648 | DN15: 12 | DO15: KAB. SITUBONDO | DP15: 55024.31 | DQ15: 0 | DR15: 0 | DS15: 0 | DT15: 55024.31 | DU15: 12 | DV15: KAB. SITUBONDO | DW15: 38803.948 | DX15: 5305545.1 | DY15: 24045.895 | DZ15: 11239145 | EA15: 16607540 | EB15: 12 | EC15: KAB. SITUBONDO | ED15: 94928.272 | EE15: 78869.035 | EF15: 0 | EG15: 0 | EH15: 173797.31
... A41: 79 | B41: KOTA BATU | C41: =BI41 -> 0 | D41: =BP41 -> 1771.6594 | E41: =BW41 -> 0 | F41: =CD41 -> 1172.1313 | G41: =CK41 -> 137.19907 | H41: =CR41 -> 0 | I41: =CY41 -> 0 | J41: =DM41 -> 0 | K41: =DF41 -> 102.36359 | L41: =DT41 -> 6426.8178 | M41: =EH41 -> 154473.36 | N41: =EA41 -> 0 | O41: =SUM(C41:N41) -> 164083.53 | P41: 79 | Q41: KOTA BATU | R41: =C41 -> 0 | S41: =D41 -> 1771.6594 | T41: =E41 -> 0 | U41: =F41 -> 1172.1313 | V41: =G41 -> 137.19907 | W41: =H41 -> 0 | X41: =I41 -> 0 | Y41: =J41 -> 0 | ... AA41: =L41 -> 6426.8178 | AB41: =SUM(R41:AA41) -> 9610.1711 | AC41: 79 | AD41: KOTA BATU | AE41: =M41 -> 154473.36 | AF41: =N41 -> 0 | AG41: =SUM(AE41:AF41) -> 154473.36 | AH41: 79 | AI41: KOTA BATU | AJ41: =AQ41+AX41 -> 30091.447 | AK41: =AR41+AY41 -> 133992.08 | AL41: =AS41+AZ41 -> 0 | AM41: =AT41+BA41 -> 0 | AN41: =SUM(AJ41:AM41) -> 164083.53 | AO41: 79 | AP41: KOTA BATU | AQ41: =BE41+BL41+BS41+BZ41+CG41+CN41+CU41+DB41+DI41+DP41 -> 9471.8206 | AR41: =BF41+BM41+BT41+CA41+CH41+CO41+CV41+DC41+DJ41+DQ41 -> 138.35049 | AS41: =BG41+BN41+BU41+CB41+CI41+CP41+CW41+DD41+DK41+DR41 -> 0 | AT41: =BH41+BO41+BV41+CC41+CJ41+CQ41+CX41+DE41+DL41+DS41 -> 0 | AU41: =SUM(AQ41:AT41) -> 9610.1711 | AV41: 79 | AW41: KOTA BATU | AX41: =DW41+ED41 -> 20619.627 | AY41: =DX41+EE41 -> 133853.73 | AZ41: =DY41+EF41 -> 0 | BA41: =DZ41+EG41 -> 0 | BB41: =SUM(AX41:BA41) -> 154473.36 | BC41: 79 | BD41: KOTA BATU | BE41: 0 | BF41: 0 | BG41: 0 | BH41: 0 | BI41: 0 | BJ41: 79 | BK41: KOTA BATU | BL41: 1771.6594 | BM41: 0 | BN41: 0 | BO41: 0 | BP41: 1771.6594 | BQ41: 79 | BR41: KOTA BATU | BS41: 0 | BT41: 0 | BU41: 0 | BV41: 0 | BW41: 0 | BX41: 79 | BY41: KOTA BATU | BZ41: 1172.1313 | CA41: 0 | CB41: 0 | CC41: 0 | CD41: 1172.1313 | CE41: 79 | CF41: KOTA BATU | CG41: 61.024988 | CH41: 76.174087 | CI41: 0 | CJ41: 0 | CK41: 137.19907 | CL41: 79 | CM41: KOTA BATU | CN41: 0 | CO41: 0 | CP41: 0 | CQ41: 0 | CR41: 0 | CS41: 79 | CT41: KOTA BATU | CU41: 0 | CV41: 0 | CW41: 0 | CX41: 0 | CY41: 0 | CZ41: 79 | DA41: KOTA BATU | DB41: 102.36359 | DC41: 0 | DD41: 0 | DE41: 0 | DF41: 102.36359 | DG41: 79 | DH41: KOTA BATU | DI41: 0 | DJ41: 0 | DK41: 0 | DL41: 0 | DM41: 0 | DN41: 79 | DO41: KOTA BATU | DP41: 6364.6414 | DQ41: 62.176402 | DR41: 0 | DS41: 0 | DT41: 6426.8178 | DU41: 79 | DV41: KOTA BATU | DW41: 0 | DX41: 0 | DY41: 0 | DZ41: 0 | EA41: 0 | EB41: 79 | EC41: KOTA BATU | ED41: 20619.627 | EE41: 133853.73 | EF41: 0 | EG41: 0 | EH41: 154473.36
B42: Grand Total | C42: =SUM(C4:C41) -> 271003.54 | D42: =SUM(D4:D41) -> 7951321.8 | E42: =SUM(E4:E41) -> 4.9629017e+08 | F42: =SUM(F4:F41) -> 23583767 | G42: =SUM(G4:G41) -> 4597503.4 | H42: =SUM(H4:H41) -> 1.6713837e+08 | I42: =SUM(I4:I41) -> 17334442 | J42: =SUM(J4:J41) -> 3.5745807e+08 | ... O42: =SUM(O4:O41) -> 1.6767503e+09 | Q42: Grand Total | R42: =SUM(R4:R41) -> 271003.54 | S42: =SUM(S4:S41) -> 7951321.8 | T42: =SUM(T4:T41) -> 4.9629017e+08 | U42: =SUM(U4:U41) -> 23583767 | V42: =SUM(V4:V41) -> 4597503.4 | W42: =SUM(W4:W41) -> 1.6713837e+08 | X42: =SUM(X4:X41) -> 17334442 | Y42: =SUM(Y4:Y41) -> 3.5745807e+08 | ... AB42: =SUM(AB4:AB41) -> 1.1631824e+09 | AD42: Grand Total | AE42: =SUM(AE4:AE41) -> 53632544 | AF42: =SUM(AF4:AF41) -> 4.5993531e+08 | AG42: =SUM(AG4:AG41) -> 5.1356786e+08 | AI42: Grand Total | AJ42: =SUM(AJ4:AJ41) -> 69517015 | AK42: =SUM(AK4:AK41) -> 1.1579068e+08 | AL42: =SUM(AL4:AL41) -> 2.0882911e+08 | AM42: =SUM(AM4:AM41) -> 1.2826135e+09 | AN42: =SUM(AN4:AN41) -> 1.6767503e+09 | AP42: Grand Total | AQ42: =SUM(AQ4:AQ41) -> 43273967 | AR42: =SUM(AR4:AR41) -> 55033044 | AS42: =SUM(AS4:AS41) -> 1.1057098e+08 | AT42: =SUM(AT4:AT41) -> 9.5430444e+08 | AU42: =SUM(AU4:AU41) -> 1.1631824e+09 | AW42: Grand Total | AX42: =SUM(AX4:AX41) -> 26243048 | AY42: =SUM(AY4:AY41) -> 60757635 | AZ42: =SUM(AZ4:AZ41) -> 98258123 | BA42: =SUM(BA4:BA41) -> 3.2830905e+08 | BB42: =SUM(BB4:BB41) -> 5.1356786e+08 | BD42: Grand Total | BE42: 117265.66 | BF42: 104679.3 | BG42: 49058.585 | BH42: 0 | BI42: 271003.54 | BK42: Grand Total | BL42: 431277.18 | BM42: 1215055.9 | BN42: 1444375.4 | BO42: 4860613.3 | BP42: 7951321.8 | BR42: Grand Total | BS42: 7684937.4 | BT42: 28573298 | BU42: 11084477 | BV42: 4.4894745e+08 | BW42: 4.9629017e+08 | BY42: Grand Total | BZ42: 3341880 | CA42: 7133299.3 | CB42: 6977274.6 | CC42: 6131313.5 | CD42: 23583767 | CF42: Grand Total | CG42: 1087972.2 | CH42: 3284266.2 | CI42: 161371.17 | CJ42: 63893.843 | CK42: 4597503.4 | CM42: Grand Total | CN42: 0 | CO42: 0 | CP42: 74776136 | CQ42: 92362233 | CR42: 1.6713837e+08 | CT42: Grand Total | CU42: 6209708.6 | CV42: 4666099.9 | CW42: 6458633.3 | CX42: 0 | CY42: 17334442 | DA42: Grand Total | DB42: 1969270.9 | DC42: 5326704.7 | DD42: 3810274.4 | DE42: 7324966.5 | DF42: 18431216 | DH42: Grand Total | DI42: 19988366 | DJ42: 271916.19 | DK42: 4567422.6 | DL42: 3.3263037e+08 | DM42: 3.5745807e+08 | DO42: Grand Total | DP42: 2443288.5 | DQ42: 4457724.3 | DR42: 1241959.6 | DS42: 61983591 | DT42: 70126563 | DV42: Grand Total | DW42: 9838735.4 | DX42: 25376478 | DY42: 96411429 | DZ42: 3.2830867e+08 | EA42: 4.5993531e+08 | EC42: Grand Total | ED42: 16404313 | EE42: 35381157 | EF42: 1846694 | EG42: 380.87043 | EH42: 53632544
O43: =AB42+AG42 -> 1.6767503e+09 | AN43: =O42 -> 1.6767503e+09 | AU43: =AB42 -> 1.1631824e+09 | BB43: =AG42 -> 5.1356786e+08
B47: =A1 -> Tabel 55 Jumlah Hasil Produksi (Kg) berdasarkan Jenis Kegiatan
B48: =P1 -> Tabel 56 Jumlah Hasil Produksi (Kg) berdasarkan Jenis Kegiatan Pengolahan
B49: =AC1 -> Tabel 57 Jumlah Hasil Produksi (Kg) berdasarkan Jenis Kegiatan Pemasaran
B50: =AH1 -> Tabel 58 Jumlah Hasil Produksi (Kg) berdasarkan Skala Usaha
B51: =AO1 -> Tabel 59 Jumlah Hasil Produksi (Kg) berdasarkan Skala Usaha pada Kegiatan Pengolahan
B52: =AV1 -> Tabel 60 Jumlah Hasil Produksi (Kg) berdasarkan Skala Usaha pada Kegiatan Pemasaran
B53: =BC1 -> Tabel 61 Jumlah Hasil Produksi (Kg) berdasarkan Skala Usaha pada Jenis Kegiatan Fermentasi
B54: =BJ1 -> Tabel 62 Jumlah Hasil Produksi (Kg) berdasarkan Skala Usaha pada Jenis Kegiatan Pelumatan Daging Ikan
B55: =BQ1 -> Tabel 63 Jumlah Hasil Produksi (Kg) berdasarkan Skala Usaha pada Jenis Kegiatan Pembekuan
B56: =BX1 -> Tabel 64 Jumlah Hasil Produksi (Kg) berdasarkan Skala Usaha pada Jenis Kegiatan Pemindangan
B57: =CE1 -> Tabel 65 Jumlah Hasil Produksi (Kg) berdasarkan Skala Usaha pada Jenis Kegiatan Penanganan Produk Segar
B58: =CL1 -> Tabel 66 Jumlah Hasil Produksi (Kg) berdasarkan Skala Usaha pada Jenis Kegiatan Pengalengan
B59: =CS1 -> Tabel 67 Jumlah Hasil Produksi (Kg) berdasarkan Skala Usaha pada Jenis Kegiatan Pengasapan / Pemanggangan
B60: =CZ1 -> Tabel 68 Jumlah Hasil Produksi (Kg) berdasarkan Skala Usaha pada Jenis Kegiatan Penggaraman / Pengeringan
B61: =DG1 -> Tabel 69 Jumlah Hasil Produksi (Kg) berdasarkan Skala Usaha pada Jenis Kegiatan Pereduksian/Ekstraksi
B62: =DN1 -> Tabel 70 Jumlah Hasil Produksi (Kg) berdasarkan Skala Usaha pada Jenis Kegiatan Pengolahan Lainnya
B63: =DU1 -> Tabel 71 Jumlah Hasil Produksi (Kg) berdasarkan Skala Usaha pada Jenis Kegiatan Pengumpul/Pedagang Besar/Distributor
B64: =EB1 -> Tabel 72 Jumlah Hasil Produksi (Kg) berdasarkan Skala Usaha pada Jenis Kegiatan Pengecer
A67: No | B67: Jenis Kegiatan | C67: Jumlah (Kg)
A68: 1 | B68: Fermentasi | C68: =C42 -> 271003.54
A69: 2 | B69: Pelumatan Daging Ikan | C69: =D42 -> 7951321.8
A70: 3 | B70: Pembekuan | C70: =E42 -> 4.9629017e+08
A71: 4 | B71: Pemindangan | C71: =F42 -> 23583767
A72: 5 | B72: Penanganan Produk Segar | C72: =G42 -> 4597503.4
A73: 6 | B73: Pengalengan | C73: =H42 -> 1.6713837e+08
A74: 7 | B74: Pengasapan/Pemanggangan | C74: =I42 -> 17334442
A75: 8 | B75: Pengecer | C75: =J42 -> 3.5745807e+08
A76: 9 | B76: Penggaraman/Pengeringan | C76: =K42 -> 18431216
A77: 10 | B77: Pengolahan Lainnya | C77: =L42 -> 70126563
A78: 11 | B78: Pengumpul/Pedagang Besar/Distributor | C78: =M42 -> 53632544
A79: 12 | B79: Pereduksian/Ekstraksi | C79: =N42 -> 4.5993531e+08
B80: Jumlah | C80: =O42 -> 1.6767503e+09 | D80: =SUM(C68:C79) -> 1.6767503e+09
A83: No | B83: Skala Usaha | C83: Jumlah (Kg)
A84: 1 | B84: Mikro | C84: =AJ42 -> 69517015
A85: 2 | B85: Kecil | C85: =AK42 -> 1.1579068e+08
A86: 3 | B86: Menengah | C86: =AL42 -> 2.0882911e+08
A87: 4 | B87: Besar | C87: =AM42 -> 1.2826135e+09
B88: Jumlah | C88: =AN42 -> 1.6767503e+09 | D88: =SUM(C84:C87) -> 1.6767503e+09
A91: No | B91: Kabupaten | C91: Jumlah (Kg)
A92: 1 | B92: Kab. Pacitan | C92: =O4 -> 1442529.8
A93: 2 | B93: Kab. Ponorogo | C93: =O5 -> 2289755.4
A94: 3 | B94: Kab. Trenggalek | C94: =O6 -> 20884568
A95: 4 | B95: Kab. Tulungagung | C95: =O7 -> 27798871
A96: 5 | B96: Kab. Blitar | C96: =O8 -> 19343357
A97: 6 | B97: Kab. Kediri | C97: =O9 -> 563782.75
A98: 7 | B98: Kab. Malang | C98: =O10 -> 25517203
A99: 8 | B99: Kab. Lumajang | C99: =O11 -> 8802963.2
A100: 9 | B100: Kab. Jember | C100: =O12 -> 16898095
A101: 10 | B101: Kab. Banyuwangi | C101: =O13 -> 9.2034334e+08
A102: 11 | B102: Kab. Bondowoso | C102: =O14 -> 240161.26
A103: 12 | B103: Kab. Situbondo | C103: =O15 -> 50937748
... A129: 38 | B129: Kota Batu | C129: =O41 -> 164083.53
B130: Jumlah | C130: =SUM(C92:C129) -> 1.6767503e+09

Sheet Hasil (Rp)
A1: Tabel 73 Jumlah Hasil Produksi (Rp) berdasarkan Jenis Kegiatan | P1: Tabel 74 Jumlah Hasil Produksi (Rp) berdasarkan Jenis Kegiatan Pengolahan | AC1: Tabel 75 Jumlah Hasil Produksi (Rp) berdasarkan Jenis Kegiatan Pemasaran | AH1: Tabel 76 Jumlah Hasil Produksi (Rp) berdasarkan Skala Usaha | AO1: Tabel 77 Jumlah Hasil Produksi (Rp) berdasarkan Skala Usaha pada Kegiatan Pengolahan | AV1: Tabel 78 Jumlah Hasil Produksi (Rp) berdasarkan Skala Usaha pada Kegiatan Pemasaran | BC1: Tabel 79 Jumlah Hasil Produksi (Rp) berdasarkan Skala Usaha pada Jenis Kegiatan Fermentasi | BJ1: Tabel 80 Jumlah Hasil Produksi (Rp) berdasarkan Skala Usaha pada Jenis Kegiatan Pelumatan Daging Ikan | BQ1: Tabel 81 Jumlah Hasil Produksi (Rp) berdasarkan Skala Usaha pada Jenis Kegiatan Pembekuan | BX1: Tabel 82 Jumlah Hasil Produksi (Rp) berdasarkan Skala Usaha pada Jenis Kegiatan Pemindangan | CE1: Tabel 83 Jumlah Hasil Produksi (Rp) berdasarkan Skala Usaha pada Jenis Kegiatan Penanganan Produk Segar | CL1: Tabel 84 Jumlah Hasil Produksi (Rp) berdasarkan Skala Usaha pada Jenis Kegiatan Pengalengan | CS1: Tabel 84 Jumlah Hasil Produksi (Rp) berdasarkan Skala Usaha pada Jenis Kegiatan Pengasapan / Pemanggangan | CZ1: Tabel 86 Jumlah Hasil Produksi (Rp) berdasarkan Skala Usaha pada Jenis Kegiatan Penggaraman / Pengeringan | DG1: Tabel 87 Jumlah Hasil Produksi (Rp) berdasarkan Skala Usaha pada Jenis Kegiatan Pereduksian/Ekstraksi | DN1: Tabel 88 Jumlah Hasil Produksi (Rp) berdasarkan Skala Usaha pada Jenis Kegiatan Pengolahan Lainnya | DU1: Tabel 89 Jumlah Hasil Produksi (Rp) berdasarkan Skala Usaha pada Jenis Kegiatan Pengumpul/Pedagang Besar/Distributor | EB1: Tabel 90 Jumlah Hasil Produksi (Rp) berdasarkan Skala Usaha pada Jenis Kegiatan Pengecer
A2: No | B2: Kabupaten/Kota | C2: Jenis Kegiatan | O2: Jumlah Total | P2: No | Q2: Kabupaten/Kota | R2: Jenis Kegiatan | AB2: Jumlah Total | AC2: No | AD2: Kabupaten/Kota | AE2: Jenis Kegiatan | AG2: Jumlah Total | AH2: No | AI2: Kabupaten/Kota | AJ2: Skala Usaha | AN2: Jumlah Total | AO2: No | AP2: Kabupaten/Kota | AQ2: Skala Usaha | AU2: Jumlah Total | AV2: No | AW2: Kabupaten/Kota | AX2: Skala Usaha | BB2: Jumlah Total | BC2: No | BD2: Kabupaten/Kota | BE2: Skala Usaha | BI2: Jumlah Total | BJ2: No | BK2: Kabupaten/Kota | BL2: Skala Usaha | BP2: Jumlah Total | BQ2: No | BR2: Kabupaten/Kota | BS2: Skala Usaha | BW2: Jumlah Total | BX2: No | BY2: Kabupaten/Kota | BZ2: Skala Usaha | CD2: Jumlah Total | CE2: No | CF2: Kabupaten/Kota | CG2: Skala Usaha | CK2: Jumlah Total | CL2: No | CM2: Kabupaten/Kota | CN2: Skala Usaha | CR2: Jumlah Total | CS2: No | CT2: Kabupaten/Kota | CU2: Skala Usaha | CY2: Jumlah Total | CZ2: No | DA2: Kabupaten/Kota | DB2: Skala Usaha | DF2: Jumlah Total | DG2: No | DH2: Kabupaten/Kota | DI2: Skala Usaha | DM2: Jumlah Total | DN2: No | DO2: Kabupaten/Kota | DP2: Skala Usaha | DT2: Jumlah Total | DU2: No | DV2: Kabupaten/Kota | DW2: Skala Usaha | EA2: Jumlah Total | EB2: No | EC2: Kabupaten/Kota | ED2: Skala Usaha | EH2: Jumlah Total
C3: Fermentasi | D3: Pelumatan Daging Ikan | E3: Pembekuan | F3: Pemindangan | G3: Penanganan Produk Segar | H3: Pengalengan | I3: Pengasapan/ Pemanggangan | J3: Pereduksian/ Ekstraksi | K3: Penggaraman/Pengeringan | L3: Pengolahan Lainnya | M3: Pengecer | N3: Pengumpul/ Pedagang Besar /Distributor | R3: Fermentasi | S3: Pelumatan Daging Ikan | T3: Pembekuan | U3: Pemindangan | V3: Penanganan Produk Segar | W3: Pengalengan | X3: Pengasapan/ Pemanggangan | Y3: Pereduksian/ Ekstraksi | Z3: Penggaraman/ Pengeringan | AA3: Pengolahan Lainnya | AE3: Pengecer | AF3: Pengumpul/ Pedagang Besar/ Distributor | AJ3: Mikro | AK3: Kecil | AL3: Menengah | AM3: Besar | AQ3: Mikro | AR3: Kecil | AS3: Menengah | AT3: Besar | AX3: Mikro | AY3: Kecil | AZ3: Menengah | BA3: Besar | BE3: Mikro | BF3: Kecil | BG3: Menengah | BH3: Besar | BL3: Mikro | BM3: Kecil | BN3: Menengah | BO3: Besar | BS3: Mikro | BT3: Kecil | BU3: Menengah | BV3: Besar | BZ3: Mikro | CA3: Kecil | CB3: Menengah | CC3: Besar | CG3: Mikro | CH3: Kecil | CI3: Menengah | CJ3: Besar | CN3: Mikro | CO3: Kecil | CP3: Menengah | CQ3: Besar | CU3: Mikro | CV3: Kecil | CW3: Menengah | CX3: Besar | DB3: Mikro | DC3: Kecil | DD3: Menengah | DE3: Besar | DI3: Mikro | DJ3: Kecil | DK3: Menengah | DL3: Besar | DP3: Mikro | DQ3: Kecil | DR3: Menengah | DS3: Besar | DW3: Mikro | DX3: Kecil | DY3: Menengah | DZ3: Besar | ED3: Mikro | EE3: Kecil | EF3: Menengah | EG3: Besar
A4: 01 | B4: KAB. PACITAN | C4: =BI4 -> 7.3466731e+08 | D4: =BP4 -> 4.7371289e+10 | E4: =BW4 -> 2.1524505e+10 | F4: =CD4 -> 1.570399e+08 | G4: =CK4 -> 5.2989492e+10 | H4: =CR4 -> 0 | I4: =CY4 -> 4.1507125e+08 | J4: =DM4 -> 9499017.3 | K4: =DF4 -> 3.1180356e+09 | L4: =DT4 -> 1.7417105e+09 | M4: =EH4 -> 1.5371518e+09 | N4: =EA4 -> 57667890 | O4: =SUM(C4:N4) -> 1.2965613e+11 | P4: 01 | Q4: KAB. PACITAN | R4: =C4 -> 7.3466731e+08 | S4: =D4 -> 4.7371289e+10 | T4: =E4 -> 2.1524505e+10 | U4: =F4 -> 1.570399e+08 | V4: =G4 -> 5.2989492e+10 | W4: =H4 -> 0 | X4: =I4 -> 4.1507125e+08 | Y4: =J4 -> 9499017.3 | ... AA4: =L4 -> 1.7417105e+09 | AB4: =SUM(R4:AA4) -> 1.2806131e+11 | AC4: 01 | AD4: KAB. PACITAN | AE4: =M4 -> 1.5371518e+09 | AF4: =N4 -> 57667890 | AG4: =SUM(AE4:AF4) -> 1.5948197e+09 | AH4: 01 | AI4: KAB. PACITAN | AJ4: =AQ4+AX4 -> 7.682224e+10 | AK4: =AR4+AY4 -> 4.355854e+10 | AL4: =AS4+AZ4 -> 9.2753485e+09 | AM4: =AT4+BA4 -> 0 | AN4: =SUM(AJ4:AM4) -> 1.2965613e+11 | AO4: 01 | AP4: KAB. PACITAN | AQ4: =BE4+BL4+BS4+BZ4+CG4+CN4+CU4+DB4+DI4+DP4 -> 7.5270237e+10 | AR4: =BF4+BM4+BT4+CA4+CH4+CO4+CV4+DC4+DJ4+DQ4 -> 4.3515724e+10 | AS4: =BG4+BN4+BU4+CB4+CI4+CP4+CW4+DD4+DK4+DR4 -> 9.2753485e+09 | AT4: =BH4+BO4+BV4+CC4+CJ4+CQ4+CX4+DE4+DL4+DS4 -> 0 | AU4: =SUM(AQ4:AT4) -> 1.2806131e+11 | AV4: 01 | AW4: KAB. PACITAN | AX4: =DW4+ED4 -> 1.5520032e+09 | AY4: =DX4+EE4 -> 42816492 | AZ4: =DY4+EF4 -> 0 | BA4: =DZ4+EG4 -> 0 | BB4: =SUM(AX4:BA4) -> 1.5948197e+09 | BC4: 01 | BD4: KAB. PACITAN | BE4: 7.3466731e+08 | BF4: 0 | BG4: 0 | BH4: 0 | BI4: 7.3466731e+08 | BJ4: 01 | BK4: KAB. PACITAN | BL4: 1.6471488e+09 | BM4: 3.6448791e+10 | BN4: 9.2753485e+09 | BO4: 0 | BP4: 4.7371289e+10 | BQ4: 01 | BR4: KAB. PACITAN | BS4: 2.1524505e+10 | BT4: 0 | BU4: 0 | BV4: 0 | BW4: 2.1524505e+10 | BX4: 01 | BY4: KAB. PACITAN | BZ4: 1.570399e+08 | CA4: 0 | CB4: 0 | CC4: 0 | CD4: 1.570399e+08 | CE4: 01 | CF4: KAB. PACITAN | CG4: 4.592256e+10 | CH4: 7.0669322e+09 | CI4: 0 | CJ4: 0 | CK4: 5.2989492e+10 | CL4: 01 | CM4: KAB. PACITAN | CN4: 0 | CO4: 0 | CP4: 0 | CQ4: 0 | CR4: 0 | CS4: 01 | CT4: KAB. PACITAN | CU4: 4.1507125e+08 | CV4: 0 | CW4: 0 | CX4: 0 | CY4: 4.1507125e+08 | CZ4: 01 | DA4: KAB. PACITAN | DB4: 3.1180356e+09 | DC4: 0 | DD4: 0 | DE4: 0 | DF4: 3.1180356e+09 | DG4: 01 | DH4: KAB. PACITAN | DI4: 9499017.3 | DJ4: 0 | DK4: 0 | DL4: 0 | DM4: 9499017.3 | DN4: 01 | DO4: KAB. PACITAN | DP4: 1.7417105e+09 | DQ4: 0 | DR4: 0 | DS4: 0 | DT4: 1.7417105e+09 | DU4: 01 | DV4: KAB. PACITAN | DW4: 14851398 | DX4: 42816492 | DY4: 0 | DZ4: 0 | EA4: 57667890 | EB4: 01 | EC4: KAB. PACITAN | ED4: 1.5371518e+09 | EE4: 0 | EF4: 0 | EG4: 0 | EH4: 1.5371518e+09
A5: 02 | B5: KAB. PONOROGO | C5: =BI5 -> 0 | D5: =BP5 -> 6.413178e+08 | E5: =BW5 -> 0 | F5: =CD5 -> 0 | G5: =CK5 -> 81159300 | H5: =CR5 -> 0 | I5: =CY5 -> 0 | J5: =DM5 -> 0 | K5: =DF5 -> 0 | L5: =DT5 -> 3.6043595e+10 | M5: =EH5 -> 4.147641e+09 | N5: =EA5 -> 2.1845523e+10 | O5: =SUM(C5:N5) -> 6.2759236e+10 | P5: 02 | Q5: KAB. PONOROGO | R5: =C5 -> 0 | S5: =D5 -> 6.413178e+08 | T5: =E5 -> 0 | U5: =F5 -> 0 | V5: =G5 -> 81159300 | W5: =H5 -> 0 | X5: =I5 -> 0 | Y5: =J5 -> 0 | ... AA5: =L5 -> 3.6043595e+10 | AB5: =SUM(R5:AA5) -> 3.6766072e+10 | AC5: 02 | AD5: KAB. PONOROGO | AE5: =M5 -> 4.147641e+09 | AF5: =N5 -> 2.1845523e+10 | AG5: =SUM(AE5:AF5) -> 2.5993164e+10 | AH5: 02 | AI5: KAB. PONOROGO | AJ5: =AQ5+AX5 -> 4.0935982e+10 | AK5: =AR5+AY5 -> 3.8242879e+09 | AL5: =AS5+AZ5 -> 1.7998966e+10 | AM5: =AT5+BA5 -> 0 | AN5: =SUM(AJ5:AM5) -> 6.2759236e+10 | AO5: 02 | AP5: KAB. PONOROGO | AQ5: =BE5+BL5+BS5+BZ5+CG5+CN5+CU5+DB5+DI5+DP5 -> 3.6755323e+10 | AR5: =BF5+BM5+BT5+CA5+CH5+CO5+CV5+DC5+DJ5+DQ5 -> 10748672 | AS5: =BG5+BN5+BU5+CB5+CI5+CP5+CW5+DD5+DK5+DR5 -> 0 | AT5: =BH5+BO5+BV5+CC5+CJ5+CQ5+CX5+DE5+DL5+DS5 -> 0 | AU5: =SUM(AQ5:AT5) -> 3.6766072e+10 | AV5: 02 | AW5: KAB. PONOROGO | AX5: =DW5+ED5 -> 4.1806583e+09 | AY5: =DX5+EE5 -> 3.8135392e+09 | AZ5: =DY5+EF5 -> 1.7998966e+10 | BA5: =DZ5+EG5 -> 0 | BB5: =SUM(AX5:BA5) -> 2.5993164e+10 | BC5: 02 | BD5: KAB. PONOROGO | BE5: 0 | BF5: 0 | BG5: 0 | BH5: 0 | BI5: 0 | BJ5: 02 | BK5: KAB. PONOROGO | BL5: 6.3211378e+08 | BM5: 9204016.7 | BN5: 0 | BO5: 0 | BP5: 6.413178e+08 | BQ5: 02 | BR5: KAB. PONOROGO | BS5: 0 | BT5: 0 | BU5: 0 | BV5: 0 | BW5: 0 | BX5: 02 | BY5: KAB. PONOROGO | BZ5: 0 | CA5: 0 | CB5: 0 | CC5: 0 | CD5: 0 | CE5: 02 | CF5: KAB. PONOROGO | CG5: 81159300 | CH5: 0 | CI5: 0 | CJ5: 0 | CK5: 81159300 | CL5: 02 | CM5: KAB. PONOROGO | CN5: 0 | CO5: 0 | CP5: 0 | CQ5: 0 | CR5: 0 | CS5: 02 | CT5: KAB. PONOROGO | CU5: 0 | CV5: 0 | CW5: 0 | CX5: 0 | CY5: 0 | CZ5: 02 | DA5: KAB. PONOROGO | DB5: 0 | DC5: 0 | DD5: 0 | DE5: 0 | DF5: 0 | DG5: 02 | DH5: KAB. PONOROGO | DI5: 0 | DJ5: 0 | DK5: 0 | DL5: 0 | DM5: 0 | DN5: 02 | DO5: KAB. PONOROGO | DP5: 3.604205e+10 | DQ5: 1544655.6 | DR5: 0 | DS5: 0 | DT5: 3.6043595e+10 | DU5: 02 | DV5: KAB. PONOROGO | DW5: 3.3649422e+08 | DX5: 3.5100623e+09 | DY5: 1.7998966e+10 | DZ5: 0 | EA5: 2.1845523e+10 | EB5: 02 | EC5: KAB. PONOROGO | ED5: 3.8441641e+09 | EE5: 3.0347689e+08 | EF5: 0 | EG5: 0 | EH5: 4.147641e+09
