Workbook

Sheet Jan
B2: DATA PRODUKSI GARAM RAKYAT JAWA TIMUR TAHUN 2025
B4: BULAN: JANUARI
B6: No | C6: Kab/Kota | D6: L Total (Ha) | E6: L Prod (Ha) | F6: Σ Pok | G6: Σ Petambak | H6: Produksi (Ton) | K6: Σ Prod (Ton) | L6: Prodtv | M6: Stok (Ton) | P6: Σ Stok | Q6: Harga (Rp) | T6: Nilai Produksi
H7: K1 | I7: K2 | J7: K3 | M7: K1 | N7: K2 | O7: K3 | Q7: K1 | R7: K2 | S7: K3 | T7: K1 | U7: K2 | V7: K3
B8: 1 | C8: Sumenep | D8: 1974.94 | E8: 0 | F8: 162 | G8: 1674 | H8: 0 | I8: 0 | J8: 0 | K8: =SUM(H8:J8) -> 0 | L8: =K8/E8 -> #DIV/0! | M8: 15814.44 | N8: 7767 | O8: 0 | P8: =SUM(M8:O8) -> 23581.44 | Q8: 950 | R8: =(330+750)/2 -> 540 | T8: =H8*Q8 -> 0 | U8: =I8*R8 -> 0 | V8: =J8*S8 -> 0
B9: 2 | C9: Pamekasan | D9: 959.7 | E9: 0 | F9: 167 | G9: 1355 | H9: 0 | I9: 0 | J9: 0 | K9: =SUM(H9:J9) -> 0 | L9: =K9/E9 -> #DIV/0! | M9: 17923 | N9: 1887 | P9: =SUM(M9:O9) -> 19810 | Q9: 950 | R9: 800 | T9: =H9*Q9 -> 0 | U9: =I9*R9 -> 0 | V9: =J9*S9 -> 0
B10: 3 | C10: Sampang | D10: 3218.24 | E10: 0 | F10: 29 | G10: 2205 | H10: 0 | I10: 0 | J10: 0 | K10: =SUM(H10:J10) -> 0 | L10: =K10/E10 -> #DIV/0! | M10: 72493.11 | N10: 5651.78 | O10: 3376.61 | P10: =SUM(M10:O10) -> 81521.5 | Q10: 650 | R10: 600 | S10: 550 | T10: =H10*Q10 -> 0 | U10: =I10*R10 -> 0 | V10: =J10*S10 -> 0
B11: 4 | C11: Bangkalan | D11: 204.9 | E11: 0 | F11: 13 | G11: 138 | H11: 0 | I11: 0 | J11: 0 | K11: =SUM(H11:J11) -> 0 | L11: =K11/E11 -> #DIV/0! | M11: 1167.5 | N11: 0 | O11: 0 | P11: =SUM(M11:O11) -> 1167.5 | T11: =H11*Q11 -> 0 | U11: =I11*R11 -> 0 | V11: =J11*S11 -> 0
B12: 5 | C12: Tuban | D12: 269.04 | E12: 245.3 | F12: 37 | G12: 344 | H12: 1 | I12: 0 | J12: 0 | K12: =SUM(H12:J12) -> 1 | L12: =K12/E12 -> 0.0040766408 | M12: 14144.6 | N12: 0 | O12: 0 | P12: =SUM(M12:O12) -> 14144.6 | Q12: 900 | T12: =H12*Q12 -> 900 | U12: =I12*R12 -> 0 | V12: =J12*S12 -> 0
B13: 6 | C13: Lamongan | D13: 217.33 | E13: 0 | F13: 23 | G13: 293 | H13: 0 | I13: 0 | J13: 0 | K13: =SUM(H13:J13) -> 0 | L13: =K13/E13 -> #DIV/0! | M13: 5387 | N13: 1853 | P13: =SUM(M13:O13) -> 7240 | Q13: 650 | R13: 550 | T13: =H13*Q13 -> 0 | U13: =I13*R13 -> 0 | V13: =J13*S13 -> 0
B14: 7 | C14: Gresik | D14: 181.4 | E14: 0 | F14: 6 | G14: 46 | H14: 0 | I14: 0 | J14: 0 | K14: =SUM(H14:J14) -> 0 | L14: =K14/E14 -> #DIV/0! | M14: 1576 | N14: 0 | O14: 0 | P14: =SUM(M14:O14) -> 1576 | T14: =H14*Q14 -> 0 | U14: =I14*R14 -> 0 | V14: =J14*S14 -> 0
B15: 8 | C15: Surabaya | D15: 459.8 | E15: 0 | F15: 10 | G15: 102 | H15: 0 | I15: 0 | J15: 0 | K15: =SUM(H15:J15) -> 0 | L15: =K15/E15 -> #DIV/0! | M15: 5850 | N15: 0 | O15: 0 | P15: =SUM(M15:O15) -> 5850 | Q15: 900 | T15: =H15*Q15 -> 0 | U15: =I15*R15 -> 0 | V15: =J15*S15 -> 0
B16: 9 | C16: Sidoarjo | D16: 203 | E16: 0 | F16: 7 | G16: 60 | H16: 0 | I16: 0 | J16: 0 | K16: =SUM(H16:J16) -> 0 | L16: =K16/E16 -> #DIV/0! | M16: 9914 | N16: 0 | O16: 0 | P16: =SUM(M16:O16) -> 9914 | Q16: 1000 | T16: =H16*Q16 -> 0 | U16: =I16*R16 -> 0 | V16: =J16*S16 -> 0
B17: 10 | C17: Pasuruan | D17: 250.3 | E17: 0 | F17: 19 | G17: 227 | H17: 0 | I17: 0 | J17: 0 | K17: =SUM(H17:J17) -> 0 | L17: =K17/E17 -> #DIV/0! | M17: 2665 | N17: 0 | O17: 0 | P17: =SUM(M17:O17) -> 2665 | Q17: 1125 | T17: =H17*Q17 -> 0 | U17: =I17*R17 -> 0 | V17: =J17*S17 -> 0
B18: 11 | C18: Kota Pasuruan | D18: 107.89 | E18: 0 | F18: 6 | G18: 43 | H18: 0 | I18: 0 | J18: 0 | K18: =SUM(H18:J18) -> 0 | L18: =K18/E18 -> #DIV/0! | M18: 120 | N18: 0 | O18: 0 | P18: =SUM(M18:O18) -> 120 | T18: =H18*Q18 -> 0 | U18: =I18*R18 -> 0 | V18: =J18*S18 -> 0
B19: 12 | C19: Probolinggo | D19: 242.71 | E19: 0 | F19: 43 | G19: 342 | H19: 0 | I19: 0 | J19: 0 | K19: =SUM(H19:J19) -> 0 | L19: =K19/E19 -> #DIV/0! | M19: 359.9 | N19: 210.2 | O19: 0 | P19: =SUM(M19:O19) -> 570.1 | Q19: 750 | R19: 700 | S19: 650 | T19: =H19*Q19 -> 0 | U19: =I19*R19 -> 0 | V19: =J19*S19 -> 0
B20: 13 | C20: Situbondo | D20: 1.5 | E20: 0 | F20: 2 | G20: 20 | H20: 0 | I20: 0 | J20: 0 | K20: =SUM(H20:J20) -> 0 | L20: =K20/E20 -> #DIV/0! | M20: 0 | N20: 0 | O20: 0 | P20: =SUM(M20:O20) -> 0 | T20: =H20*Q20 -> 0 | U20: =I20*R20 -> 0 | V20: =J20*S20 -> 0
B21: 14 | C21: Blitar | D21: 2 | E21: 0.5 | F21: 0 | G21: 2 | H21: 1.3 | I21: 0.2 | J21: 0 | K21: =SUM(H21:J21) -> 1.5 | L21: =K21/E21 -> 3 | M21: 0 | N21: 0.2 | O21: 0 | P21: =SUM(M21:O21) -> 0.2 | Q21: 1000 | R21: 900 | T21: =H21*Q21 -> 1300 | U21: =I21*R21 -> 180 | V21: =J21*S21 -> 0
B22: 15 | C22: PT. Garam | K22: =SUM(H22:J22) -> 0 | L22: =K22/E22 -> #DIV/0! | P22: =SUM(M22:O22) -> 0 | T22: =H22*Q22 -> 0 | U22: =I22*R22 -> 0 | V22: =J22*S22 -> 0
C23: TOTAL | D23: =SUM(D8:D21) -> 8292.75 | E23: =SUM(E8:E21) -> 245.8 | F23: =SUM(F8:F21) -> 524 | G23: =SUM(G8:G21) -> 6851 | H23: =SUM(H8:H21) -> 2.3 | I23: =SUM(I8:I21) -> 0.2 | J23: =SUM(J8:J21) -> 0 | K23: =SUM(K8:K22) -> 2.5 | L23: =AVERAGE(L8:L21) -> #DIV/0! | M23: =SUM(M8:M22) -> 147414.55 | N23: =SUM(N8:N22) -> 17369.18 | O23: =SUM(O8:O22) -> 3376.61 | P23: =SUM(P8:P22) -> 168160.34
Q25: =AVERAGE(Q8:Q22) -> 887.5 | R25: =AVERAGE(R8:R22) -> 681.66667 | S25: =AVERAGE(S8:S22) -> 600

Sheet Feb
B2: DATA PRODUKSI GARAM RAKYAT JAWA TIMUR TAHUN 2025
B4: BULAN: FEBRUARI
B6: No | C6: Kab/Kota | D6: L Total (Ha) | E6: L Prod (Ha) | F6: Σ Pok | G6: Σ Petambak | H6: Produksi (Ton) | K6: Σ Prod (Ton) | L6: Prodtv | M6: Stok (Ton) | P6: Σ Stok | Q6: Harga (Rp)
H7: K1 | I7: K2 | J7: K3 | M7: K1 | N7: K2 | O7: K3 | Q7: K1 | R7: K2 | S7: K3
B8: 1 | C8: Sumenep | D8: 1974.94 | E8: 0 | F8: 162 | G8: 1674 | H8: 0 | I8: 0 | J8: 0 | K8: =SUM(H8:J8) -> 0 | L8: =K8/E8 -> #DIV/0! | M8: 11863.44 | N8: 7767 | O8: 0 | P8: =SUM(M8:O8) -> 19630.44 | Q8: =(900+1000)/2 -> 950 | R8: =(330+800)/2 -> 565
B9: 2 | C9: Pamekasan | D9: 959.7 | E9: 0 | F9: 167 | G9: 1355 | H9: 0 | I9: 0 | J9: 0 | K9: =SUM(H9:J9) -> 0 | L9: =K9/E9 -> #DIV/0! | M9: 15575 | N9: 1865 | O9: 0 | P9: =SUM(M9:O9) -> 17440 | Q9: 900 | R9: 700
B10: 3 | C10: Sampang | D10: 3218.24 | E10: 0 | F10: 29 | G10: 2205 | H10: 0 | I10: 0 | J10: 0 | K10: =SUM(H10:J10) -> 0 | L10: =K10/E10 -> #DIV/0! | M10: 55797.31 | N10: 4677.9 | O10: 2507.01 | P10: =SUM(M10:O10) -> 62982.22 | Q10: 650 | R10: 600 | S10: 550
B11: 4 | C11: Bangkalan | D11: 204.9 | E11: 0 | F11: 13 | G11: 138 | H11: 0 | I11: 0 | J11: 0 | K11: =SUM(H11:J11) -> 0 | L11: =K11/E11 -> #DIV/0! | M11: 1167.5 | N11: 0 | O11: 0 | P11: =SUM(M11:O11) -> 1167.5
B12: 5 | C12: Tuban | D12: 269.04 | E12: 245.3 | F12: 37 | G12: 344 | H12: 1.2 | I12: 0 | J12: 0 | K12: =SUM(H12:J12) -> 1.2 | L12: =K12/E12 -> 0.004891969 | M12: 10330.6 | N12: 0 | O12: 0 | P12: =SUM(M12:O12) -> 10330.6 | Q12: 900
B13: 6 | C13: Lamongan | D13: 217.33 | E13: 0 | F13: 23 | G13: 293 | H13: 0 | I13: 0 | J13: 0 | K13: =SUM(H13:J13) -> 0 | L13: =K13/E13 -> #DIV/0! | M13: 4722 | N13: 1195 | O13: 0 | P13: =SUM(M13:O13) -> 5917 | Q13: 650 | R13: 550
B14: 7 | C14: Gresik | D14: 181.4 | E14: 0 | F14: 6 | G14: 46 | H14: 0 | I14: 0 | J14: 0 | K14: =SUM(H14:J14) -> 0 | L14: =K14/E14 -> #DIV/0! | M14: 2560 | N14: 0 | O14: 0 | P14: =SUM(M14:O14) -> 2560
B15: 8 | C15: Surabaya | D15: 459.8 | E15: 0 | F15: 10 | G15: 102 | H15: 0 | I15: 0 | J15: 0 | K15: =SUM(H15:J15) -> 0 | L15: =K15/E15 -> #DIV/0! | M15: 4765 | N15: 0 | O15: 0 | P15: =SUM(M15:O15) -> 4765 | Q15: 1000
B16: 9 | C16: Sidoarjo | D16: 203 | E16: 0 | F16: 7 | G16: 60 | H16: 0 | I16: 0 | J16: 0 | K16: =SUM(H16:J16) -> 0 | L16: =K16/E16 -> #DIV/0! | M16: 6939 | N16: 0 | O16: 0 | P16: =SUM(M16:O16) -> 6939 | Q16: 1000
B17: 10 | C17: Pasuruan | D17: 250.3 | E17: 0 | F17: 19 | G17: 227 | H17: 0 | I17: 0 | J17: 0 | K17: =SUM(H17:J17) -> 0 | L17: =K17/E17 -> #DIV/0! | M17: 2055 | N17: 0 | O17: 0 | P17: =SUM(M17:O17) -> 2055 | Q17: 1175
B18: 11 | C18: Kota Pasuruan | D18: 107.89 | E18: 0 | F18: 6 | G18: 43 | H18: 0 | I18: 0 | J18: 0 | K18: =SUM(H18:J18) -> 0 | L18: =K18/E18 -> #DIV/0! | M18: 120 | N18: 0 | O18: 0 | P18: =SUM(M18:O18) -> 120
B19: 12 | C19: Probolinggo | D19: 242.71 | E19: 0 | F19: 43 | G19: 342 | H19: 0 | I19: 0 | J19: 0 | K19: =SUM(H19:J19) -> 0 | L19: =K19/E19 -> #DIV/0! | M19: 314.3 | N19: 126.6 | O19: 0 | P19: =SUM(M19:O19) -> 440.9 | Q19: 750 | R19: 700 | S19: 650
B20: 13 | C20: Situbondo | D20: 1.5 | E20: 0 | F20: 2 | G20: 20 | H20: 0 | I20: 0 | J20: 0 | K20: =SUM(H20:J20) -> 0 | L20: =K20/E20 -> #DIV/0! | M20: 0 | N20: 0 | O20: 0 | P20: =SUM(M20:O20) -> 0
B21: 14 | C21: Blitar | D21: 2 | E21: 0.4 | G21: 1 | H21: 0.8 | I21: 0.5 | J21: 0 | K21: =SUM(H21:J21) -> 1.3 | L21: =K21/E21 -> 3.25 | M21: 0 | N21: 0 | O21: 0 | P21: =SUM(M21:O21) -> 0 | Q21: 1000 | R21: 900
B22: 15 | C22: PT. Garam | K22: =SUM(H22:J22) -> 0 | L22: =K22/E22 -> #DIV/0! | P22: =SUM(M22:O22) -> 0
C23: TOTAL | D23: =SUM(D8:D21) -> 8292.75 | E23: =SUM(E8:E21) -> 245.7 | F23: =SUM(F8:F20) -> 524 | G23: =SUM(G8:G21) -> 6850 | H23: =SUM(H8:H21) -> 2 | I23: =SUM(I8:I21) -> 0.5 | J23: =SUM(J8:J21) -> 0 | K23: =SUM(K8:K22) -> 2.5 | L23: =AVERAGE(L8:L21) -> #DIV/0! | M23: =SUM(M8:M22) -> 116209.15 | N23: =SUM(N8:N22) -> 15631.5 | O23: =SUM(O8:O22) -> 2507.01 | P23: =SUM(P8:P22) -> 134347.66
Q25: =AVERAGE(Q8:Q22) -> 897.5 | R25: =AVERAGE(R8:R22) -> 669.16667 | S25: =AVERAGE(S8:S22) -> 600

Sheet Mar
B2: DATA PRODUKSI GARAM RAKYAT JAWA TIMUR TAHUN 2025
B4: BULAN: MARET
B6: No | C6: Kab/Kota | D6: L Total (Ha) | E6: L Prod (Ha) | F6: Σ Pok | G6: Σ Petambak | H6: Produksi (Ton) | K6: Σ Prod (Ton) | L6: Prodtv | M6: Stok (Ton) | P6: Σ Stok | Q6: Harga (Rp)
H7: K1 | I7: K2 | J7: K3 | M7: K1 | N7: K2 | O7: K3 | Q7: K1 | R7: K2 | S7: K3
B8: 1 | C8: Sumenep | D8: 1974.94 | E8: 0 | F8: 162 | G8: 1674 | H8: 0 | I8: 0 | J8: 0 | K8: =SUM(H8:J8) -> 0 | L8: =K8/E8 -> #DIV/0! | M8: 9565.44 | N8: 7279 | O8: 0 | P8: =SUM(M8:O8) -> 16844.44 | Q8: 800 | R8: =(330+600)/2 -> 465
B9: 2 | C9: Pamekasan | D9: 959.7 | E9: 0 | F9: 167 | G9: 1355 | H9: 0 | I9: 0 | J9: 0 | K9: =SUM(H9:J9) -> 0 | L9: =K9/E9 -> #DIV/0! | M9: 14841 | N9: 1839 | O9: 0 | P9: =SUM(M9:O9) -> 16680 | Q9: 900 | R9: 600
B10: 3 | C10: Sampang | D10: 3218.24 | E10: 0 | F10: 29 | G10: 2205 | H10: 0 | I10: 0 | J10: 0 | K10: =SUM(H10:J10) -> 0 | L10: =K10/E10 -> #DIV/0! | M10: 49506.13 | N10: 3927.11 | O10: 2211.01 | P10: =SUM(M10:O10) -> 55644.25 | Q10: 650 | R10: 600 | S10: 550
B11: 4 | C11: Bangkalan | D11: 204.9 | E11: 0 | F11: 13 | G11: 138 | H11: 0 | I11: 0 | J11: 0 | K11: =SUM(H11:J11) -> 0 | L11: =K11/E11 -> #DIV/0! | M11: 1167.5 | N11: 0 | O11: 0 | P11: =SUM(M11:O11) -> 1167.5
B12: 5 | C12: Tuban | D12: 269.04 | E12: 245.3 | F12: 37 | G12: 344 | H12: 1.5 | I12: 0 | J12: 0 | K12: =SUM(H12:J12) -> 1.5 | L12: =K12/E12 -> 0.0061149613 | M12: 8302.4 | N12: 0 | O12: 0 | P12: =SUM(M12:O12) -> 8302.4 | Q12: 900
B13: 6 | C13: Lamongan | D13: 217.33 | E13: 0 | F13: 23 | G13: 293 | H13: 0 | I13: 0 | J13: 0 | K13: =SUM(H13:J13) -> 0 | L13: =K13/E13 -> #DIV/0! | M13: 3682 | N13: 815 | O13: 0 | P13: =SUM(M13:O13) -> 4497 | Q13: 650 | R13: 550
B14: 7 | C14: Gresik | D14: 181.4 | E14: 0 | F14: 6 | G14: 46 | H14: 0 | I14: 0 | J14: 0 | K14: =SUM(H14:J14) -> 0 | L14: =K14/E14 -> #DIV/0! | M14: 2560 | N14: 0 | O14: 0 | P14: =SUM(M14:O14) -> 2560
B15: 8 | C15: Surabaya | D15: 459.8 | E15: 0 | F15: 10 | G15: 102 | H15: 0 | I15: 0 | J15: 0 | K15: =SUM(H15:J15) -> 0 | L15: =K15/E15 -> #DIV/0! | M15: 3390 | N15: 0 | O15: 0 | P15: =SUM(M15:O15) -> 3390 | Q15: 1000
B16: 9 | C16: Sidoarjo | D16: 203 | E16: 0 | F16: 7 | G16: 60 | H16: 0 | I16: 0 | J16: 0 | K16: =SUM(H16:J16) -> 0 | L16: =K16/E16 -> #DIV/0! | M16: 4163 | N16: 0 | O16: 0 | P16: =SUM(M16:O16) -> 4163 | Q16: 1000
B17: 10 | C17: Pasuruan | D17: 250.3 | E17: 0 | F17: 19 | G17: 227 | H17: 0 | I17: 0 | J17: 0 | K17: =SUM(H17:J17) -> 0 | L17: =K17/E17 -> #DIV/0! | M17: 1535 | N17: 0 | O17: 0 | P17: =SUM(M17:O17) -> 1535 | Q17: 1175
B18: 11 | C18: Kota Pasuruan | D18: 107.89 | E18: 0 | F18: 6 | G18: 43 | H18: 0 | I18: 0 | J18: 0 | K18: =SUM(H18:J18) -> 0 | L18: =K18/E18 -> #DIV/0! | M18: 120 | N18: 0 | O18: 0 | P18: =SUM(M18:O18) -> 120
B19: 12 | C19: Probolinggo | D19: 242.71 | E19: 0 | F19: 43 | G19: 342 | H19: 0 | I19: 0 | J19: 0 | K19: =SUM(H19:J19) -> 0 | L19: =K19/E19 -> #DIV/0! | M19: 288.4 | N19: 112 | O19: 0 | P19: =SUM(M19:O19) -> 400.4 | Q19: 750 | R19: 700 | S19: 650
B20: 13 | C20: Situbondo | D20: 1.5 | E20: 1.5 | F20: 2 | G20: 20 | H20: 9 | I20: 0 | J20: 0 | K20: =SUM(H20:J20) -> 9 | L20: =K20/E20 -> 6 | M20: 0 | N20: 0 | O20: 0 | P20: =SUM(M20:O20) -> 0 | Q20: 750
B21: 14 | C21: Blitar | D21: 2 | E21: 0.15 | G21: 1 | H21: 0.78 | I21: 0 | J21: 0 | K21: =SUM(H21:J21) -> 0.78 | L21: =K21/E21 -> 5.2 | M21: 0.78 | N21: 0 | O21: 0 | P21: =SUM(M21:O21) -> 0.78 | Q21: 1000
B22: 15 | C22: PT. Garam | K22: =SUM(H22:J22) -> 0 | L22: =K22/E22 -> #DIV/0! | P22: =SUM(M22:O22) -> 0
C23: TOTAL | D23: =SUM(D8:D21) -> 8292.75 | E23: =SUM(E8:E21) -> 246.95 | F23: =SUM(F8:F20) -> 524 | G23: =SUM(G8:G21) -> 6850 | H23: =SUM(H8:H21) -> 11.28 | I23: =SUM(I8:I21) -> 0 | J23: =SUM(J8:J21) -> 0 | K23: =SUM(K8:K22) -> 11.28 | L23: =AVERAGE(L8:L21) -> #DIV/0! | M23: =SUM(M8:M22) -> 99121.65 | N23: =SUM(N8:N22) -> 13972.11 | O23: =SUM(O8:O22) -> 2211.01 | P23: =SUM(P8:P22) -> 115304.77
Q25: =AVERAGE(Q8:Q22) -> 870.45455 | R25: =AVERAGE(R8:R22) -> 583 | S25: =AVERAGE(S8:S22) -> 600

Sheet Apr
B2: DATA PRODUKSI GARAM RAKYAT JAWA TIMUR TAHUN 2025
B4: BULAN: APRIL
B6: No | C6: Kab/Kota | D6: L Total (Ha) | E6: L Prod (Ha) | F6: Σ Pok | G6: Σ Petambak | H6: Produksi (Ton) | K6: Σ Prod (Ton) | L6: Prodtv | M6: Stok (Ton) | P6: Σ Stok | Q6: Harga (Rp)
H7: K1 | I7: K2 | J7: K3 | M7: K1 | N7: K2 | O7: K3 | Q7: K1 | R7: K2 | S7: K3
B8: 1 | C8: Sumenep | D8: 1974.94 | E8: 0 | F8: 162 | G8: 1674 | H8: 0 | I8: 0 | J8: 0 | K8: =SUM(H8:J8) -> 0 | L8: =K8/E8 -> #DIV/0! | M8: 9565.44 | N8: 6056 | O8: 0 | P8: =SUM(M8:O8) -> 15621.44 | Q8: 800 | R8: =(400+600)/2 -> 500
B9: 2 | C9: Pamekasan | D9: 959.7 | E9: 0 | F9: 167 | G9: 1355 | H9: 0 | I9: 0 | J9: 0 | K9: =SUM(H9:J9) -> 0 | L9: =K9/E9 -> #DIV/0! | M9: 13572 | N9: 1190 | O9: 0 | P9: =SUM(M9:O9) -> 14762 | Q9: 850 | R9: 650
B10: 3 | C10: Sampang | D10: 3218.24 | E10: 0 | F10: 29 | G10: 2205 | H10: 0 | I10: 0 | J10: 0 | K10: =SUM(H10:J10) -> 0 | L10: =K10/E10 -> #DIV/0! | M10: 42476.13 | N10: 3221.11 | O10: 1563.01 | P10: =SUM(M10:O10) -> 47260.25 | Q10: 650 | R10: 600 | S10: 550
B11: 4 | C11: Bangkalan | D11: 204.9 | E11: 0 | F11: 13 | G11: 138 | H11: 0 | I11: 0 | J11: 0 | K11: =SUM(H11:J11) -> 0 | L11: =K11/E11 -> #DIV/0! | M11: 1167.5 | N11: 0 | O11: 0 | P11: =SUM(M11:O11) -> 1167.5
B12: 5 | C12: Tuban | D12: 269.04 | E12: 245.3 | F12: 37 | G12: 344 | H12: 1.5 | I12: 0 | J12: 0 | K12: =SUM(H12:J12) -> 1.5 | L12: =K12/E12 -> 0.0061149613 | M12: 4115.1 | N12: 0 | O12: 0 | P12: =SUM(M12:O12) -> 4115.1 | Q12: 900
B13: 6 | C13: Lamongan | D13: 217.33 | E13: 217.33 | F13: 23 | G13: 293 | H13: 4 | I13: 0 | J13: 0 | K13: =SUM(H13:J13) -> 4 | L13: =K13/E13 -> 0.01840519 | M13: 3127 | N13: 653 | O13: 0 | P13: =SUM(M13:O13) -> 3780 | Q13: 650 | R13: 550
B14: 7 | C14: Gresik | D14: 181.4 | E14: 0 | F14: 6 | G14: 46 | H14: 0 | I14: 0 | J14: 0 | K14: =SUM(H14:J14) -> 0 | L14: =K14/E14 -> #DIV/0! | M14: 2410 | N14: 0 | O14: 0 | P14: =SUM(M14:O14) -> 2410 | Q14: 1000 | R14: 900 | S14: 800
B15: 8 | C15: Surabaya | D15: 459.8 | E15: 0 | F15: 10 | G15: 102 | H15: 0 | I15: 0 | J15: 0 | K15: =SUM(H15:J15) -> 0 | L15: =K15/E15 -> #DIV/0! | M15: 2075 | N15: 0 | O15: 0 | P15: =SUM(M15:O15) -> 2075 | Q15: 1100
B16: 9 | C16: Sidoarjo | D16: 203 | E16: 0 | F16: 7 | G16: 60 | H16: 0 | I16: 0 | J16: 0 | K16: =SUM(H16:J16) -> 0 | L16: =K16/E16 -> #DIV/0! | M16: 1665 | N16: 0 | O16: 0 | P16: =SUM(M16:O16) -> 1665 | Q16: 1100
B17: 10 | C17: Pasuruan | D17: 250.3 | E17: 0 | F17: 19 | G17: 227 | H17: 0 | I17: 0 | J17: 0 | K17: =SUM(H17:J17) -> 0 | L17: =K17/E17 -> #DIV/0! | M17: 880 | N17: 0 | O17: 0 | P17: =SUM(M17:O17) -> 880 | Q17: 1150
B18: 11 | C18: Kota Pasuruan | D18: 107.89 | E18: 0 | F18: 6 | G18: 43 | H18: 0 | I18: 0 | J18: 0 | K18: =SUM(H18:J18) -> 0 | L18: =K18/E18 -> #DIV/0! | M18: 120 | N18: 0 | O18: 0 | P18: =SUM(M18:O18) -> 120 | Q18: 1000
B19: 12 | C19: Probolinggo | D19: 242.71 | E19: 0 | F19: 43 | G19: 342 | H19: 0 | I19: 0 | J19: 0 | K19: =SUM(H19:J19) -> 0 | L19: =K19/E19 -> #DIV/0! | M19: 190.9 | N19: 52.4 | O19: 0 | P19: =SUM(M19:O19) -> 243.3 | Q19: 850 | R19: 750 | S19: 700
B20: 13 | C20: Situbondo | D20: 1.5 | E20: 1.5 | F20: 2 | G20: 20 | H20: 5.1 | I20: 0 | J20: 0 | K20: =SUM(H20:J20) -> 5.1 | L20: =K20/E20 -> 3.4 | M20: 0 | N20: 0 | O20: 0 | P20: =SUM(M20:O20) -> 0 | Q20: 750
B21: 14 | C21: Blitar | D21: 2 | E21: 0 | G21: 1 | H21: 0 | I21: 0 | J21: 0 | K21: =SUM(H21:J21) -> 0 | L21: =K21/E21 -> #DIV/0! | M21: 0 | N21: 0 | O21: 0 | P21: =SUM(M21:O21) -> 0
B22: 15 | C22: PT. Garam | K22: =SUM(H22:J22) -> 0 | L22: =K22/E22 -> #DIV/0! | P22: =SUM(M22:O22) -> 0
C23: TOTAL | D23: =SUM(D8:D21) -> 8292.75 | E23: =SUM(E8:E21) -> 464.13 | F23: =SUM(F8:F20) -> 524 | G23: =SUM(G8:G21) -> 6850 | H23: =SUM(H8:H21) -> 10.6 | I23: =SUM(I8:I21) -> 0 | J23: =SUM(J8:J21) -> 0 | K23: =SUM(K8:K22) -> 10.6 | L23: =AVERAGE(L8:L21) -> #DIV/0! | M23: =SUM(M8:M22) -> 81364.07 | N23: =SUM(N8:N22) -> 11172.51 | O23: =SUM(O8:O22) -> 1563.01 | P23: =SUM(P8:P22) -> 94099.59
Q25: =AVERAGE(Q8:Q22) -> 900 | R25: =AVERAGE(R8:R22) -> 658.33333 | S25: =AVERAGE(S8:S22) -> 683.33333

Sheet Mei
B2: DATA PRODUKSI GARAM RAKYAT JAWA TIMUR TAHUN 2025
B4: BULAN: MEI
B6: No | C6: Kab/Kota | D6: L Total (Ha) | E6: L Prod (Ha) | F6: Σ Pok | G6: Σ Petambak | H6: Produksi (Ton) | K6: Σ Prod (Ton) | L6: Prodtv | M6: Stok (Ton) | P6: Σ Stok | Q6: Harga (Rp)
H7: K1 | I7: K2 | J7: K3 | M7: K1 | N7: K2 | O7: K3 | Q7: K1 | R7: K2 | S7: K3
B8: 1 | C8: Sumenep | D8: 1974.94 | E8: 0 | F8: 162 | G8: 1674 | H8: 0 | I8: 0 | J8: 0 | K8: =SUM(H8:J8) -> 0 | L8: =K8/E8 -> #DIV/0! | M8: 7865.9 | N8: 1575 | O8: 0 | P8: =SUM(M8:O8) -> 9440.9 | Q8: 800 | R8: 400
B9: 2 | C9: Pamekasan | D9: 959.7 | E9: 959.7 | F9: 167 | G9: 1355 | H9: 0.75 | I9: 0 | J9: 0 | K9: =SUM(H9:J9) -> 0.75 | L9: =K9/E9 -> 0.00078149422 | M9: 12168.75 | N9: 1100 | O9: 0 | P9: =SUM(M9:O9) -> 13268.75 | Q9: 1200 | R9: 900
B10: 3 | C10: Sampang | D10: 3218.24 | E10: 0 | F10: 29 | G10: 2205 | H10: 0 | I10: 0 | J10: 0 | K10: =SUM(H10:J10) -> 0 | L10: =K10/E10 -> #DIV/0! | M10: 39915 | N10: 3003 | O10: 1365 | P10: =SUM(M10:O10) -> 44283 | Q10: 1100 | R10: 950 | S10: 800
B11: 4 | C11: Bangkalan | D11: 204.9 | E11: 0 | F11: 13 | G11: 138 | H11: 0 | I11: 0 | J11: 0 | K11: =SUM(H11:J11) -> 0 | L11: =K11/E11 -> #DIV/0! | M11: 0 | N11: 0 | O11: 0 | P11: =SUM(M11:O11) -> 0 | Q11: =(1400+1800)/2 -> 1600
B12: 5 | C12: Tuban | D12: 269.04 | E12: 269.04 | F12: 37 | G12: 344 | H12: 3 | I12: 0 | J12: 0 | K12: =SUM(H12:J12) -> 3 | L12: =K12/E12 -> 0.011150758 | M12: 2287.3 | N12: 0 | O12: 0 | P12: =SUM(M12:O12) -> 2287.3 | Q12: 900
B13: 6 | C13: Lamongan | D13: 217.33 | E13: 217.33 | F13: 23 | G13: 293 | H13: 3.8 | I13: 0 | J13: 0 | K13: =SUM(H13:J13) -> 3.8 | L13: =K13/E13 -> 0.017484931 | M13: 2465 | N13: 420 | O13: 0 | P13: =SUM(M13:O13) -> 2885 | Q13: 850 | R13: 750
B14: 7 | C14: Gresik | D14: 181.4 | E14: 76.5 | F14: 6 | G14: 46 | H14: 10 | I14: 0 | J14: 0 | K14: =SUM(H14:J14) -> 10 | L14: =K14/E14 -> 0.13071895 | M14: 2410 | N14: 0 | O14: 0 | P14: =SUM(M14:O14) -> 2410 | Q14: 1200 | R14: 1100 | S14: 1000
B15: 8 | C15: Surabaya | D15: 459.8 | E15: 0 | F15: 10 | G15: 102 | H15: 0 | I15: 0 | J15: 0 | K15: =SUM(H15:J15) -> 0 | L15: =K15/E15 -> #DIV/0! | M15: 1120 | N15: 0 | O15: 0 | P15: =SUM(M15:O15) -> 1120 | Q15: 1200
B16: 9 | C16: Sidoarjo | D16: 203 | E16: 0 | F16: 7 | G16: 60 | H16: 0 | I16: 0 | J16: 0 | K16: =SUM(H16:J16) -> 0 | L16: =K16/E16 -> #DIV/0! | M16: 0 | N16: 0 | O16: 0 | P16: =SUM(M16:O16) -> 0 | Q16: 1100
B17: 10 | C17: Pasuruan | D17: 250.3 | E17: 0 | F17: 19 | G17: 227 | H17: 0 | I17: 0 | J17: 0 | K17: =SUM(H17:J17) -> 0 | L17: =K17/E17 -> #DIV/0! | M17: 510 | N17: 0 | O17: 0 | P17: =SUM(M17:O17) -> 510 | Q17: 1200
B18: 11 | C18: Kota Pasuruan | D18: 107.89 | E18: 0 | F18: 6 | G18: 43 | H18: 0 | I18: 0 | J18: 0 | K18: =SUM(H18:J18) -> 0 | L18: =K18/E18 -> #DIV/0! | M18: 120 | N18: 0 | O18: 0 | P18: =SUM(M18:O18) -> 120 | Q18: 1000
B19: 12 | C19: Probolinggo | D19: 242.71 | E19: 218.44 | F19: 43 | G19: 342 | H19: 14.5 | I19: 26.2 | J19: 0 | K19: =SUM(H19:J19) -> 40.7 | L19: =K19/E19 -> 0.18632119 | M19: 0 | N19: 0 | O19: 0 | P19: =SUM(M19:O19) -> 0 | Q19: 1000 | R19: 900 | S19: 800
B20: 13 | C20: Situbondo | D20: 1.5 | E20: 0.25 | F20: 2 | G20: 20 | H20: 4 | I20: 0 | J20: 0 | K20: =SUM(H20:J20) -> 4 | L20: =K20/E20 -> 16 | M20: 0 | N20: 0 | O20: 0 | P20: =SUM(M20:O20) -> 0 | Q20: 1300
B21: 14 | C21: Blitar | D21: 2 | E21: 0 | G21: 4 | H21: 0 | I21: 0 | J21: 0 | K21: =SUM(H21:J21) -> 0 | L21: =K21/E21 -> #DIV/0! | M21: 0 | N21: 0 | O21: 0 | P21: =SUM(M21:O21) -> 0
B22: 15 | C22: PT. Garam | K22: =SUM(H22:J22) -> 0 | L22: =K22/E22 -> #DIV/0! | P22: =SUM(M22:O22) -> 0
C23: TOTAL | D23: =SUM(D8:D21) -> 8292.75 | E23: =SUM(E8:E21) -> 1741.26 | F23: =SUM(F8:F20) -> 524 | G23: =SUM(G8:G21) -> 6853 | H23: =SUM(H8:H21) -> 36.05 | I23: =SUM(I8:I21) -> 26.2 | J23: =SUM(J8:J21) -> 0 | K23: =SUM(K8:K22) -> 62.25 | L23: =AVERAGE(L8:L21) -> #DIV/0! | M23: =SUM(M8:M22) -> 68861.95 | N23: =SUM(N8:N22) -> 6098 | O23: =SUM(O8:O22) -> 1365 | P23: =SUM(P8:P22) -> 76324.95
Q25: =AVERAGE(Q8:Q22) -> 1111.5385 | R25: =AVERAGE(R8:R22) -> 833.33333 | S25: =AVERAGE(S8:S22) -> 866.66667

Sheet Jun
B2: DATA PRODUKSI GARAM RAKYAT JAWA TIMUR TAHUN 2025
B4: BULAN: JUNI
B6: No | C6: Kab/Kota | D6: L Total (Ha) | E6: L Prod (Ha) | F6: Σ Pok | G6: Σ Petambak | H6: Produksi (Ton) | K6: Σ Prod (Ton) | L6: Prodtv | M6: Stok (Ton) | P6: Σ Stok | Q6: Harga (Rp)
H7: K1 | I7: K2 | J7: K3 | M7: K1 | N7: K2 | O7: K3 | Q7: K1 | R7: K2 | S7: K3
B8: 1 | C8: Sumenep | D8: 1960 | E8: 0 | F8: 160 | G8: 1654 | H8: 0 | I8: 0 | J8: 0 | K8: =SUM(H8:J8) -> 0 | L8: =K8/E8 -> #DIV/0! | M8: 7066.3 | N8: 1095 | O8: 0 | P8: =SUM(M8:O8) -> 8161.3 | Q8: =(800+1400)/2 -> 1100 | R8: =(400+1000)/2 -> 700
B9: 2 | C9: Pamekasan | D9: 959.7 | E9: 959.7 | F9: 167 | G9: 1355 | H9: 3 | I9: 0 | J9: 0 | K9: =SUM(H9:J9) -> 3 | L9: =K9/E9 -> 0.0031259769 | M9: 11090.75 | N9: 1000 | O9: 0 | P9: =SUM(M9:O9) -> 12090.75 | Q9: 1600 | R9: 1300
B10: 3 | C10: Sampang | D10: 3218.24 | E10: 3218.24 | F10: 29 | G10: 2205 | H10: 0 | I10: 0 | J10: 0 | K10: =SUM(H10:J10) -> 0 | L10: =K10/E10 -> 0 | M10: 38048 | N10: 2825 | O10: 1260 | P10: =SUM(M10:O10) -> 42133 | Q10: 1200 | R10: 1000 | S10: 800
B11: 4 | C11: Bangkalan | D11: 204.9 | E11: 0 | F11: 13 | G11: 138 | H11: 0 | I11: 0 | J11: 0 | K11: =SUM(H11:J11) -> 0 | L11: =K11/E11 -> #DIV/0! | M11: 0 | N11: 0 | O11: 0 | P11: =SUM(M11:O11) -> 0 | Q11: =(1400+1800)/2 -> 1600
B12: 5 | C12: Tuban | D12: 269.04 | E12: 269.04 | F12: 37 | G12: 344 | H12: 3.3 | I12: 0 | J12: 0 | K12: =SUM(H12:J12) -> 3.3 | L12: =K12/E12 -> 0.012265834 | M12: 1608.5 | N12: 0 | O12: 0 | P12: =SUM(M12:O12) -> 1608.5 | Q12: 1400
B13: 6 | C13: Lamongan | D13: 217.33 | E13: 217.33 | F13: 23 | G13: 293 | H13: 5.35 | I13: 2.1 | J13: 0 | K13: =SUM(H13:J13) -> 7.45 | L13: =K13/E13 -> 0.034279667 | M13: 2075 | N13: 305 | O13: 0 | P13: =SUM(M13:O13) -> 2380 | Q13: 1700 | R13: 1600
B14: 7 | C14: Gresik | D14: 181.4 | E14: 76.5 | F14: 6 | G14: 46 | H14: 10 | I14: 0 | J14: 0 | K14: =SUM(H14:J14) -> 10 | L14: =K14/E14 -> 0.13071895 | M14: 2300 | N14: 0 | O14: 0 | P14: =SUM(M14:O14) -> 2300 | Q14: 1500 | R14: 1400 | S14: 1300
B15: 8 | C15: Surabaya | D15: 459.8 | E15: 0 | F15: 10 | G15: 102 | H15: 0 | I15: 0 | J15: 0 | K15: =SUM(H15:J15) -> 0 | L15: =K15/E15 -> #DIV/0! | M15: 800 | N15: 0 | O15: 0 | P15: =SUM(M15:O15) -> 800 | Q15: 1200
B16: 9 | C16: Sidoarjo | D16: 203 | E16: 0 | F16: 7 | G16: 60 | H16: 0 | I16: 0 | J16: 0 | K16: =SUM(H16:J16) -> 0 | L16: =K16/E16 -> #DIV/0! | M16: 0 | N16: 0 | O16: 0 | P16: =SUM(M16:O16) -> 0 | Q16: 1100
B17: 10 | C17: Pasuruan | D17: 250.3 | E17: 0 | F17: 19 | G17: 227 | H17: 0 | I17: 0 | J17: 0 | K17: =SUM(H17:J17) -> 0 | L17: =K17/E17 -> #DIV/0! | M17: 300 | N17: 0 | O17: 0 | P17: =SUM(M17:O17) -> 300 | Q17: 1300
B18: 11 | C18: Kota Pasuruan | D18: 107.89 | E18: 0 | F18: 6 | G18: 43 | H18: 0 | I18: 0 | J18: 0 | K18: =SUM(H18:J18) -> 0 | L18: =K18/E18 -> #DIV/0! | M18: 120 | N18: 0 | O18: 0 | P18: =SUM(M18:O18) -> 120 | Q18: 1100
B19: 12 | C19: Probolinggo | D19: 242.71 | E19: 218.44 | F19: 43 | G19: 342 | H19: 3.4 | I19: 29.4 | J19: 0 | K19: =SUM(H19:J19) -> 32.8 | L19: =K19/E19 -> 0.15015565 | M19: 0 | N19: 0 | O19: 0 | P19: =SUM(M19:O19) -> 0 | Q19: 1000 | R19: 900 | S19: 800
B20: 13 | C20: Situbondo | D20: 1.5 | E20: 0.15 | F20: 2 | G20: 20 | H20: 2 | I20: 0 | J20: 0 | K20: =SUM(H20:J20) -> 2 | L20: =K20/E20 -> 13.333333 | M20: 0 | N20: 0 | O20: 0 | P20: =SUM(M20:O20) -> 0 | Q20: 1300
B21: 14 | C21: Blitar | D21: 2 | E21: 0 | G21: 4 | H21: 0 | I21: 0 | J21: 0 | K21: =SUM(H21:J21) -> 0 | L21: =K21/E21 -> #DIV/0! | M21: 0 | N21: 0 | O21: 0 | P21: =SUM(M21:O21) -> 0
B22: 15 | C22: PT. Garam | K22: =SUM(H22:J22) -> 0 | L22: =K22/E22 -> #DIV/0! | P22: =SUM(M22:O22) -> 0
C23: TOTAL | D23: =SUM(D8:D22) -> 8277.81 | E23: =SUM(E8:E22) -> 4959.4 | F23: =SUM(F8:F22) -> 522 | G23: =SUM(G8:G22) -> 6833 | H23: =SUM(H8:H22) -> 27.05 | I23: =SUM(I8:I22) -> 31.5 | J23: =SUM(J8:J22) -> 0 | K23: =SUM(K8:K22) -> 58.55 | L23: =AVERAGE(L8:L21) -> #DIV/0! | M23: =SUM(M8:M22) -> 63408.55 | N23: =SUM(N8:N22) -> 5225 | O23: =SUM(O8:O22) -> 1260 | P23: =SUM(P8:P22) -> 69893.55
Q25: =AVERAGE(Q8:Q22) -> 1315.3846 | R25: =AVERAGE(R8:R22) -> 1150 | S25: =AVERAGE(S8:S22) -> 966.66667

Sheet Jul
B2: DATA PRODUKSI GARAM RAKYAT JAWA TIMUR TAHUN 2025
B4: BULAN: JULI
B6: No | C6: Kab/Kota | D6: L Total (Ha) | E6: L Prod (Ha) | F6: Σ Pok | G6: Σ Petambak | H6: Produksi (Ton) | K6: Σ Prod (Ton) | L6: Prodtv | M6: Stok (Ton) | P6: Σ Stok | Q6: Harga (Rp)
H7: K1 | I7: K2 | J7: K3 | M7: K1 | N7: K2 | O7: K3 | Q7: K1 | R7: K2 | S7: K3
B8: 1 | C8: Sumenep | D8: 1960 | E8: 1293.71 | F8: 160 | G8: 1654 | H8: 632.1 | I8: 131 | J8: 0 | K8: =SUM(H8:J8) -> 763.1 | L8: =K8/E8 -> 0.58985399 | M8: 6307.3 | N8: 1045 | O8: 0 | P8: =SUM(M8:O8) -> 7352.3 | Q8: =(1200+1300)/2 -> 1250 | R8: =(600+1250)/2 -> 925
B9: 2 | C9: Pamekasan | D9: 959.7 | E9: 959.7 | F9: 167 | G9: 1355 | H9: 1183.1 | I9: 6 | J9: 0 | K9: =SUM(H9:J9) -> 1189.1 | L9: =K9/E9 -> 1.239033 | M9: 11223 | N9: 770 | O9: 0 | P9: =SUM(M9:O9) -> 11993 | Q9: 1500 | R9: 900
B10: 3 | C10: Sampang | D10: 3218.24 | E10: 3218.24 | F10: 29 | G10: 2205 | H10: 3368 | I10: 0 | J10: 0 | K10: =SUM(H10:J10) -> 3368 | L10: =K10/E10 -> 1.0465348 | M10: 34448 | N10: 2045 | O10: 730 | P10: =SUM(M10:O10) -> 37223 | Q10: 1200 | R10: 1100 | S10: 1000
B11: 4 | C11: Bangkalan | D11: 204.9 | E11: 204.9 | F11: 13 | G11: 138 | H11: 9 | I11: 0 | J11: 0 | K11: =SUM(H11:J11) -> 9 | L11: =K11/E11 -> 0.043923865 | M11: 9 | N11: 0 | O11: 0 | P11: =SUM(M11:O11) -> 9
B12: 5 | C12: Tuban | D12: 269.04 | E12: 269.04 | F12: 37 | G12: 344 | H12: 3.2 | I12: 0 | J12: 0 | K12: =SUM(H12:J12) -> 3.2 | L12: =K12/E12 -> 0.011894142 | M12: 1033 | N12: 0 | O12: 0 | P12: =SUM(M12:O12) -> 1033 | Q12: 1900
B13: 6 | C13: Lamongan | D13: 217.33 | E13: 217.33 | F13: 23 | G13: 293 | H13: 6.34 | I13: 4.9 | J13: 0 | K13: =SUM(H13:J13) -> 11.24 | L13: =K13/E13 -> 0.051718585 | M13: 1840 | N13: 0 | O13: 0 | P13: =SUM(M13:O13) -> 1840 | Q13: 1350 | R13: 1250
B14: 7 | C14: Gresik | D14: 181.4 | E14: 76.5 | F14: 6 | G14: 46 | H14: 74 | I14: 0 | J14: 0 | K14: =SUM(H14:J14) -> 74 | L14: =K14/E14 -> 0.96732026 | M14: 1410 | N14: 0 | O14: 0 | P14: =SUM(M14:O14) -> 1410 | Q14: 1500 | R14: 1400 | S14: 1300
B15: 8 | C15: Surabaya | D15: 459.8 | E15: 349.57 | F15: 10 | G15: 102 | H15: 4 | I15: 0 | J15: 0 | K15: =SUM(H15:J15) -> 4 | L15: =K15/E15 -> 0.01144263 | M15: 325 | N15: 0 | O15: 0 | P15: =SUM(M15:O15) -> 325 | Q15: 1200
B16: 9 | C16: Sidoarjo | D16: 203 | E16: 0 | F16: 7 | G16: 60 | H16: 0 | I16: 0 | J16: 0 | K16: =SUM(H16:J16) -> 0 | L16: =K16/E16 -> #DIV/0! | M16: 0 | N16: 0 | O16: 0 | P16: =SUM(M16:O16) -> 0 | Q16: 1100
B17: 10 | C17: Pasuruan | D17: 253.3 | E17: 145.63 | F17: 19 | G17: 228 | H17: 14.7 | I17: 0 | J17: 0 | K17: =SUM(H17:J17) -> 14.7 | L17: =K17/E17 -> 0.10094074 | M17: 300 | N17: 0 | O17: 0 | P17: =SUM(M17:O17) -> 300 | Q17: 1325
B18: 11 | C18: Kota Pasuruan | D18: 107.89 | E18: 107.89 | F18: 6 | G18: 43 | H18: 65.75 | I18: 0 | J18: 0 | K18: =SUM(H18:J18) -> 65.75 | L18: =K18/E18 -> 0.609417 | M18: 120 | N18: 0 | O18: 0 | P18: =SUM(M18:O18) -> 120 | Q18: 1200
B19: 12 | C19: Probolinggo | D19: 242.71 | E19: 242.71 | F19: 44 | G19: 342 | H19: 463.7 | I19: 313.7 | J19: 0 | K19: =SUM(H19:J19) -> 777.4 | L19: =K19/E19 -> 3.2029995 | M19: 0 | N19: 0 | O19: 0 | P19: =SUM(M19:O19) -> 0 | Q19: 1300 | R19: 1200 | S19: 1000
B20: 13 | C20: Situbondo | D20: 1.5 | E20: 0.25 | F20: 2 | G20: 20 | H20: 4.1 | I20: 0 | J20: 0 | K20: =SUM(H20:J20) -> 4.1 | L20: =K20/E20 -> 16.4 | M20: 0 | N20: 0 | O20: 0 | P20: =SUM(M20:O20) -> 0 | Q20: 1200
B21: 14 | C21: Blitar | D21: 2 | E21: 0 | G21: 1 | H21: 0 | I21: 0 | J21: 0 | K21: =SUM(H21:J21) -> 0 | L21: =K21/E21 -> #DIV/0! | M21: 0 | N21: 0 | O21: 0 | P21: =SUM(M21:O21) -> 0
B22: 15 | C22: PT. Garam | K22: =SUM(H22:J22) -> 0 | L22: =K22/E22 -> #DIV/0! | P22: =SUM(M22:O22) -> 0
C23: TOTAL | D23: =SUM(D8:D21) -> 8280.81 | E23: =SUM(E8:E21) -> 7085.47 | F23: =SUM(F8:F20) -> 523 | G23: =SUM(G8:G21) -> 6831 | H23: =SUM(H8:H21) -> 5827.99 | I23: =SUM(I8:I21) -> 455.6 | J23: =SUM(J8:J21) -> 0 | K23: =SUM(K8:K22) -> 6283.59 | L23: =AVERAGE(L8:L21) -> #DIV/0! | M23: =SUM(M8:M22) -> 57015.3 | N23: =SUM(N8:N22) -> 3860 | O23: =SUM(O8:O22) -> 730 | P23: =SUM(P8:P22) -> 61605.3
Q25: =AVERAGE(Q8:Q22) -> 1335.4167 | R25: =AVERAGE(R8:R22) -> 1129.1667 | S25: =AVERAGE(S8:S22) -> 1100

Sheet Agu
B2: DATA PRODUKSI GARAM RAKYAT JAWA TIMUR TAHUN 2025
B4: BULAN: AGUSTUS
B6: No | C6: Kab/Kota | D6: L Total (Ha) | E6: L Prod (Ha) | F6: Σ Pok | G6: Σ Petambak | H6: Produksi (Ton) | K6: Σ Prod (Ton) | L6: Prodtv | M6: Stok (Ton) | P6: Σ Stok | Q6: Harga (Rp)
H7: K1 | I7: K2 | J7: K3 | M7: K1 | N7: K2 | O7: K3 | Q7: K1 | R7: K2 | S7: K3
B8: 1 | C8: Sumenep | D8: 1961.05 | E8: 1532.26 | F8: 161 | G8: 1664 | H8: 7749.29 | I8: 1652.64 | J8: 0 | K8: =SUM(H8:J8) -> 9401.93 | L8: =K8/E8 -> 6.1359887 | M8: 6170.85 | N8: 1268 | O8: 0 | P8: =SUM(M8:O8) -> 7438.85 | Q8: =(1100+1200)/2 -> 1150 | R8: =(800+1250)/2 -> 1025
B9: 2 | C9: Pamekasan | D9: 959.7 | E9: 959.7 | F9: 167 | G9: 1355 | H9: 6565 | I9: 30 | J9: 0 | K9: =SUM(H9:J9) -> 6595 | L9: =K9/E9 -> 6.8719391 | M9: 13657 | N9: 438 | O9: 0 | P9: =SUM(M9:O9) -> 14095 | Q9: 1200 | R9: 800
B10: 3 | C10: Sampang | D10: 3218.24 | E10: 3218.24 | F10: 29 | G10: 2205 | H10: 4738 | I10: 1577 | J10: 177 | K10: =SUM(H10:J10) -> 6492 | L10: =K10/E10 -> 2.0172517 | M10: 32703 | N10: 1947 | O10: 650 | P10: =SUM(M10:O10) -> 35300 | Q10: 1350 | R10: 1250 | S10: 1150
B11: 4 | C11: Bangkalan | D11: 204.9 | E11: 204.9 | F11: 13 | G11: 138 | H11: 335 | I11: 0 | J11: 0 | K11: =SUM(H11:J11) -> 335 | L11: =K11/E11 -> 1.6349439 | M11: 250 | N11: 0 | O11: 0 | P11: =SUM(M11:O11) -> 250 | Q11: 1600
B12: 5 | C12: Tuban | D12: 269.04 | E12: 269.04 | F12: 37 | G12: 344 | H12: 19.2 | I12: 0 | J12: 0 | K12: =SUM(H12:J12) -> 19.2 | L12: =K12/E12 -> 0.071364853 | M12: 528.7 | N12: 0 | O12: 0 | P12: =SUM(M12:O12) -> 528.7 | Q12: 1550
B13: 6 | C13: Lamongan | D13: 217.33 | E13: 217.33 | F13: 23 | G13: 293 | H13: 34.55 | I13: 12.8 | J13: 0 | K13: =SUM(H13:J13) -> 47.35 | L13: =K13/E13 -> 0.21787144 | M13: 1520 | N13: 0 | O13: 0 | P13: =SUM(M13:O13) -> 1520 | Q13: 1150 | R13: 1050
B14: 7 | C14: Gresik | D14: 181.4 | E14: 76.5 | F14: 6 | G14: 46 | H14: 565 | I14: 0 | J14: 0 | K14: =SUM(H14:J14) -> 565 | L14: =K14/E14 -> 7.3856209 | M14: 1777 | N14: 0 | O14: 0 | P14: =SUM(M14:O14) -> 1777 | Q14: 1500 | R14: 1400 | S14: 1300
B15: 8 | C15: Surabaya | D15: 459.8 | E15: 349.57 | F15: 10 | G15: 102 | H15: 4034.15 | I15: 0 | J15: 0 | K15: =SUM(H15:J15) -> 4034.15 | L15: =K15/E15 -> 11.540321 | M15: 0 | N15: 0 | O15: 0 | P15: =SUM(M15:O15) -> 0 | Q15: 1500
B16: 9 | C16: Sidoarjo | D16: 203 | E16: 203 | F16: 7 | G16: 60 | H16: 1890 | I16: 0 | J16: 0 | K16: =SUM(H16:J16) -> 1890 | L16: =K16/E16 -> 9.3103448 | M16: 756 | N16: 0 | O16: 0 | P16: =SUM(M16:O16) -> 756 | Q16: 1800
B17: 10 | C17: Pasuruan | D17: 253.3 | E17: 247.8 | F17: 19 | G17: 228 | H17: 571.6 | I17: 0 | J17: 0 | K17: =SUM(H17:J17) -> 571.6 | L17: =K17/E17 -> 2.306699 | M17: 300 | N17: 0 | O17: 0 | P17: =SUM(M17:O17) -> 300 | Q17: 1650
B18: 11 | C18: Kota Pasuruan | D18: 107.89 | E18: 107.89 | F18: 6 | G18: 43 | H18: 894.5 | I18: 0 | J18: 0 | K18: =SUM(H18:J18) -> 894.5 | L18: =K18/E18 -> 8.2908518 | M18: 120 | N18: 0 | O18: 0 | P18: =SUM(M18:O18) -> 120 | Q18: 1200
B19: 12 | C19: Probolinggo | D19: 242.71 | E19: 145.63 | F19: 44 | G19: 342 | H19: 963.7 | I19: 664.4 | J19: 0 | K19: =SUM(H19:J19) -> 1628.1 | L19: =K19/E19 -> 11.179702 | M19: 0 | N19: 0 | O19: 0 | P19: =SUM(M19:O19) -> 0 | Q19: 1300 | R19: 1200 | S19: 1000
B20: 13 | C20: Situbondo | D20: 1.5 | E20: 0.55 | F20: 2 | G20: 20 | H20: 8.3 | I20: 0 | J20: 0 | K20: =SUM(H20:J20) -> 8.3 | L20: =K20/E20 -> 15.090909 | M20: 0 | N20: 0 | O20: 0 | P20: =SUM(M20:O20) -> 0 | Q20: 1200
B21: 14 | C21: Blitar | D21: 2 | E21: 0.5 | G21: 1 | H21: 0.5 | I21: 0.4 | J21: 0.4 | K21: =SUM(H21:J21) -> 1.3 | L21: =K21/E21 -> 2.6 | M21: 0.1 | N21: 0.4 | O21: 0.4 | P21: =SUM(M21:O21) -> 0.9 | Q21: 2000 | R21: 1800 | S21: 1500
B22: 15 | C22: PT. Garam | D22: 4091.84 | E22: 4091.84 | H22: 9757.22 | I22: 4893.39 | J22: 375.1 | K22: =SUM(H22:J22) -> 15025.71 | L22: =K22/E22 -> 3.6721157 | P22: =SUM(M22:O22) -> 0
C23: TOTAL | D23: =SUM(D8:D22) -> 12373.7 | E23: =SUM(E8:E22) -> 11624.75 | F23: =SUM(F8:F22) -> 524 | G23: =SUM(G8:G22) -> 6841 | H23: =SUM(H8:H22) -> 38126.01 | I23: =SUM(I8:I22) -> 8830.63 | J23: =SUM(J8:J22) -> 552.5 | K23: =SUM(K8:K22) -> 47509.14 | L23: =AVERAGE(L8:L21) -> 6.0467006 | M23: =SUM(M8:M22) -> 57782.65 | N23: =SUM(N8:N22) -> 3653.4 | O23: =SUM(O8:O22) -> 650.4 | P23: =SUM(P8:P22) -> 62086.45
Q25: =AVERAGE(Q8:Q22) -> 1439.2857 | R25: =AVERAGE(R8:R22) -> 1217.8571 | S25: =AVERAGE(S8:S22) -> 1237.5

Sheet Sep
B2: DATA PRODUKSI GARAM RAKYAT JAWA TIMUR TAHUN 2025
B4: BULAN: SEPTEMBER
B6: No | C6: Kab/Kota | D6: L Total (Ha) | E6: L Prod (Ha) | F6: Σ Pok | G6: Σ Petambak | H6: Produksi (Ton) | K6: Σ Prod (Ton) | L6: Prodtv | M6: Stok (Ton) | P6: Σ Stok | Q6: Harga (Rp)
H7: K1 | I7: K2 | J7: K3 | M7: K1 | N7: K2 | O7: K3 | Q7: K1 | R7: K2 | S7: K3
B8: 1 | C8: Sumenep | D8: 1961.05 | E8: 1473.85 | F8: 161 | G8: 1664 | H8: 16412.29 | I8: 2117.8 | J8: 0 | K8: =SUM(H8:J8) -> 18530.09 | L8: =K8/E8 -> 12.572575 | M8: 6657.15 | N8: 1545 | O8: 0 | P8: =SUM(M8:O8) -> 8202.15 | Q8: =(1700+2200)/2 -> 1950 | R8: =(1100+1800)/2 -> 1450
B9: 2 | C9: Pamekasan | D9: 959.7 | E9: 959.7 | F9: 167 | G9: 1355 | H9: 11477.45 | I9: 43 | J9: 0 | K9: =SUM(H9:J9) -> 11520.45 | L9: =K9/E9 -> 12.00422 | M9: 17506 | N9: 438 | O9: 0 | P9: =SUM(M9:O9) -> 17944 | Q9: 1700 | R9: 1200
B10: 3 | C10: Sampang | D10: 3218.24 | E10: 3218.24 | F10: 29 | G10: 2205 | H10: 9685.2 | I10: 2444 | J10: 172 | K10: =SUM(H10:J10) -> 12301.2 | L10: =K10/E10 -> 3.8223377 | M10: 39012.6 | N10: 2787 | O10: 650 | P10: =SUM(M10:O10) -> 42449.6 | Q10: 2000 | R10: 1900 | S10: 1800
B11: 4 | C11: Bangkalan | D11: 204.9 | E11: 204.9 | F11: 13 | G11: 138 | H11: 289 | I11: 0 | J11: 0 | K11: =SUM(H11:J11) -> 289 | L11: =K11/E11 -> 1.4104441 | M11: 257 | N11: 0 | O11: 0 | P11: =SUM(M11:O11) -> 257 | Q11: 2000
B12: 5 | C12: Tuban | D12: 269.04 | E12: 269.04 | F12: 37 | G12: 344 | H12: 1317 | I12: 0 | J12: 0 | K12: =SUM(H12:J12) -> 1317 | L12: =K12/E12 -> 4.8951829 | M12: 1824 | N12: 0 | O12: 0 | P12: =SUM(M12:O12) -> 1824 | Q12: 1550
B13: 6 | C13: Lamongan | D13: 217.33 | E13: 217.33 | F13: 23 | G13: 293 | H13: 1075 | I13: 860 | J13: 0 | K13: =SUM(H13:J13) -> 1935 | L13: =K13/E13 -> 8.9035108 | M13: 1350 | N13: 120 | O13: 0 | P13: =SUM(M13:O13) -> 1470 | Q13: 1500 | R13: 1400
B14: 7 | C14: Gresik | D14: 181.4 | E14: 76.5 | F14: 6 | G14: 46 | H14: 672.5 | I14: 0 | J14: 0 | K14: =SUM(H14:J14) -> 672.5 | L14: =K14/E14 -> 8.7908497 | M14: 1324.5 | N14: 0 | O14: 0 | P14: =SUM(M14:O14) -> 1324.5 | Q14: 1800 | R14: 1700 | S14: 1600
B15: 8 | C15: Surabaya | D15: 459.8 | E15: 349.57 | F15: 10 | G15: 102 | H15: 9856.95 | I15: 0 | J15: 0 | K15: =SUM(H15:J15) -> 9856.95 | L15: =K15/E15 -> 28.197357 | M15: 0 | N15: 0 | O15: 0 | P15: =SUM(M15:O15) -> 0 | Q15: 1600
B16: 9 | C16: Sidoarjo | D16: 203 | E16: 203 | F16: 7 | G16: 60 | H16: 5469 | I16: 0 | J16: 0 | K16: =SUM(H16:J16) -> 5469 | L16: =K16/E16 -> 26.940887 | M16: 2461 | N16: 0 | O16: 0 | P16: =SUM(M16:O16) -> 2461 | Q16: 2000
B17: 10 | C17: Pasuruan | D17: 253.3 | E17: 247.8 | F17: 19 | G17: 228 | H17: 1766 | I17: 0 | J17: 0 | K17: =SUM(H17:J17) -> 1766 | L17: =K17/E17 -> 7.1267151 | M17: 300 | N17: 0 | O17: 0 | P17: =SUM(M17:O17) -> 300 | Q17: 1487.5
B18: 11 | C18: Kota Pasuruan | D18: 109.39 | E18: 109.39 | F18: 6 | G18: 43 | H18: 1123.5 | I18: 0 | J18: 0 | K18: =SUM(H18:J18) -> 1123.5 | L18: =K18/E18 -> 10.270591 | M18: 120 | N18: 0 | O18: 0 | P18: =SUM(M18:O18) -> 120 | Q18: 1200
B19: 12 | C19: Probolinggo | D19: 242.71 | E19: 242.71 | F19: 44 | G19: 342 | H19: 834.1 | I19: 564.8 | J19: 0 | K19: =SUM(H19:J19) -> 1398.9 | L19: =K19/E19 -> 5.7636686 | M19: 0 | N19: 0 | O19: 0 | P19: =SUM(M19:O19) -> 0 | Q19: 1400 | R19: 1300 | S19: 1100
B20: 13 | C20: Situbondo | D20: 1.5 | E20: 1 | F20: 2 | G20: 20 | H20: 27.8 | I20: 0 | J20: 0 | K20: =SUM(H20:J20) -> 27.8 | L20: =K20/E20 -> 27.8 | M20: 0 | N20: 0 | O20: 0 | P20: =SUM(M20:O20) -> 0 | Q20: 2000
B21: 14 | C21: Blitar | D21: 2 | E21: 0 | F21: 0 | G21: 1 | H21: 0 | I21: 0 | J21: 0 | K21: =SUM(H21:J21) -> 0 | L21: =K21/E21 -> #DIV/0! | M21: 0 | N21: 0 | O21: 0.4 | P21: =SUM(M21:O21) -> 0.4 | S21: 1500
B22: 15 | C22: PT. Garam | D22: 4091.84 | E22: 4091.84 | H22: 11630.05 | I22: 5980.28 | J22: 1572.03 | K22: =SUM(H22:J22) -> 19182.36 | L22: =K22/E22 -> 4.6879546 | P22: =SUM(M22:O22) -> 0
C23: TOTAL | D23: =SUM(D8:D22) -> 12375.2 | E23: =SUM(E8:E22) -> 11664.87 | F23: =SUM(F8:F22) -> 524 | G23: =SUM(G8:G22) -> 6841 | H23: =SUM(H8:H22) -> 71635.84 | I23: =SUM(I8:I22) -> 12009.88 | J23: =SUM(J8:J22) -> 1744.03 | K23: =SUM(K8:K22) -> 85389.75 | L23: =AVERAGE(L8:L22) -> #DIV/0! | M23: =SUM(M8:M22) -> 70812.25 | N23: =SUM(N8:N22) -> 4890 | O23: =SUM(O8:O22) -> 650.4 | P23: =SUM(P8:P22) -> 76352.65
Q25: =AVERAGE(Q8:Q22) -> 1706.7308 | R25: =AVERAGE(R8:R22) -> 1491.6667 | S25: =AVERAGE(S8:S22) -> 1500

Sheet Okt
B2: DATA PRODUKSI GARAM RAKYAT JAWA TIMUR TAHUN 2025
B4: BULAN: OKTOBER
B6: No | C6: Kab/Kota | D6: L Total (Ha) | E6: L Prod (Ha) | F6: Σ Pok | G6: Σ Petambak | H6: Produksi (Ton) | K6: Σ Prod (Ton) | L6: Prodtv | M6: Stok (Ton) | P6: Σ Stok | Q6: Harga (Rp)
H7: K1 | I7: K2 | J7: K3 | M7: K1 | N7: K2 | O7: K3 | Q7: K1 | R7: K2 | S7: K3
B8: 1 | C8: Sumenep | D8: 1961.05 | E8: 1473.85 | F8: 161 | G8: 1664 | H8: 6432.29 | I8: 1524.28 | J8: 0 | K8: =SUM(H8:J8) -> 7956.57 | L8: =K8/E8 -> 5.3984937 | M8: 9245.35 | N8: 2496.84 | O8: 0 | P8: =SUM(M8:O8) -> 11742.19 | Q8: =(1900+2200)/2 -> 2050 | R8: =(1200+2000)/2 -> 1600
B9: 2 | C9: Pamekasan | D9: 959.7 | E9: 959.7 | F9: 167 | G9: 1355 | H9: 17221.6 | I9: 50 | J9: 0 | K9: =SUM(H9:J9) -> 17271.6 | L9: =K9/E9 -> 17.996874 | M9: 23090 | N9: 250 | O9: 0 | P9: =SUM(M9:O9) -> 23340 | Q9: 1800 | R9: 1500
B10: 3 | C10: Sampang | D10: 3218.24 | E10: 3218.24 | F10: 29 | G10: 2205 | H10: 2034.4 | I10: 744.2 | J10: 62 | K10: =SUM(H10:J10) -> 2840.6 | L10: =K10/E10 -> 0.88265636 | M10: 38611 | N10: 2991 | O10: 530 | P10: =SUM(M10:O10) -> 42132 | Q10: 2100 | R10: 2000 | S10: 1900
B11: 4 | C11: Bangkalan | D11: 204.9 | E11: 204.9 | F11: 13 | G11: 138 | H11: 415 | I11: 0 | J11: 0 | K11: =SUM(H11:J11) -> 415 | L11: =K11/E11 -> 2.0253782 | M11: 810 | N11: 0 | O11: 0 | P11: =SUM(M11:O11) -> 810 | Q11: 2000
B12: 5 | C12: Tuban | D12: 269.04 | E12: 269.04 | F12: 37 | G12: 344 | H12: 3436.8 | I12: 0 | J12: 0 | K12: =SUM(H12:J12) -> 3436.8 | L12: =K12/E12 -> 12.774309 | M12: 5170.7 | N12: 0 | O12: 0 | P12: =SUM(M12:O12) -> 5170.7 | Q12: 1550
B13: 6 | C13: Lamongan | D13: 217.33 | E13: 217.33 | F13: 23 | G13: 293 | H13: 464.95 | I13: 315.55 | J13: 0 | K13: =SUM(H13:J13) -> 780.5 | L13: =K13/E13 -> 3.5913128 | M13: 1524 | N13: 273 | O13: 0 | P13: =SUM(M13:O13) -> 1797 | Q13: 1700 | R13: 1600
B14: 7 | C14: Gresik | D14: 181.4 | E14: 76.5 | F14: 6 | G14: 46 | H14: 301 | I14: 0 | J14: 0 | K14: =SUM(H14:J14) -> 301 | L14: =K14/E14 -> 3.9346405 | M14: 1441 | N14: 0 | O14: 0 | P14: =SUM(M14:O14) -> 1441 | Q14: 2400 | R14: 2300 | S14: 2200
B15: 8 | C15: Surabaya | D15: 459.8 | E15: 349.57 | F15: 10 | G15: 102 | H15: 6702.84 | I15: 0 | J15: 0 | K15: =SUM(H15:J15) -> 6702.84 | L15: =K15/E15 -> 19.174529 | M15: 0 | N15: 0 | O15: 0 | P15: =SUM(M15:O15) -> 0 | Q15: 1900
B16: 9 | C16: Sidoarjo | D16: 203 | E16: 203 | F16: 7 | H16: 2735 | I16: 0 | J16: 0 | K16: =SUM(H16:J16) -> 2735 | L16: =K16/E16 -> 13.472906 | M16: 1231 | N16: 0 | O16: 0 | P16: =SUM(M16:O16) -> 1231 | Q16: 2000
B17: 10 | C17: Pasuruan | D17: 253.3 | E17: 247.8 | F17: 19 | G17: 228 | H17: 1866.37 | I17: 0 | J17: 0 | K17: =SUM(H17:J17) -> 1866.37 | L17: =K17/E17 -> 7.5317595 | M17: 431 | N17: 0 | O17: 0 | P17: =SUM(M17:O17) -> 431 | Q17: 1612.5
B18: 11 | C18: Kota Pasuruan | D18: 109.39 | E18: 109.39 | F18: 6 | G18: 43 | H18: 2621.25 | I18: 0 | J18: 0 | K18: =SUM(H18:J18) -> 2621.25 | L18: =K18/E18 -> 23.962428 | M18: 190 | N18: 0 | O18: 0 | P18: =SUM(M18:O18) -> 190 | Q18: 1800
B19: 12 | C19: Probolinggo | D19: 242.71 | E19: 145.63 | F19: 44 | G19: 342 | H19: 533 | I19: 378.9 | J19: 0 | K19: =SUM(H19:J19) -> 911.9 | L19: =K19/E19 -> 6.2617593 | M19: 533 | N19: 378.9 | O19: 0 | P19: =SUM(M19:O19) -> 911.9 | Q19: 1800 | R19: 1700 | S19: 1600
B20: 13 | C20: Situbondo | D20: 2 | E20: 1.45 | F20: 3 | G20: 20 | H20: 24 | I20: 0 | J20: 0 | K20: =SUM(H20:J20) -> 24 | L20: =K20/E20 -> 16.551724 | M20: 0 | N20: 0 | O20: 0 | P20: =SUM(M20:O20) -> 0 | Q20: 2000
B21: 14 | C21: Blitar | D21: 2 | E21: 0.5 | F21: 0 | G21: 1 | H21: 0.2 | I21: 0.4 | J21: 0 | K21: =SUM(H21:J21) -> 0.6 | L21: =K21/E21 -> 1.2 | M21: 0.2 | N21: 0.4 | O21: 0 | P21: =SUM(M21:O21) -> 0.6 | Q21: 2300 | R21: 2000
B22: 15 | C22: PT. Garam | H22: =9819.79+41655.4-Sep!H22-Agu!H22 -> 30087.92 | I22: =24233.83-Sep!I22-Agu!I22 -> 13360.16 | J22: =9337.34-Sep!J22-Agu!J22 -> 7390.21 | K22: =SUM(H22:J22) -> 50838.29 | L22: =K22/E22 -> #DIV/0! | P22: =SUM(M22:O22) -> 0
C23: TOTAL | D23: =SUM(D8:D21) -> 8283.86 | E23: =SUM(E8:E22) -> 7476.9 | F23: =SUM(F8:F20) -> 525 | G23: =SUM(G8:G20) -> 6780 | H23: =SUM(H8:H22)+'Rekap 2025'!#REF! -> #REF! | I23: =SUM(I8:I22)+'Rekap 2025'!#REF! -> #REF! | J23: =SUM(J8:J22)+'Rekap 2025'!#REF! -> #REF! | K23: =SUM(H23:J23) -> #REF! | L23: =AVERAGE(L8:L21) -> 9.6256264 | M23: =SUM(M8:M22) -> 82277.25 | N23: =SUM(N8:N22) -> 6390.14 | O23: =SUM(O8:O22) -> 530 | P23: =SUM(P8:P22) -> 89197.39
Q25: =AVERAGE(Q8:Q22) -> 1929.4643 | R25: =AVERAGE(R8:R22) -> 1814.2857 | S25: =AVERAGE(S8:S22) -> 1900

Sheet Nov
B2: DATA PRODUKSI GARAM RAKYAT JAWA TIMUR TAHUN 2025
B4: BULAN: NOVEMBER
B6: No | C6: Kab/Kota | D6: L Total (Ha) | E6: L Prod (Ha) | F6: Σ Pok | G6: Σ Petambak | H6: Produksi (Ton) | K6: Σ Prod (Ton) | L6: Prodtv | M6: Stok (Ton) | P6: Σ Stok | Q6: Harga (Rp)
H7: K1 | I7: K2 | J7: K3 | M7: K1 | N7: K2 | O7: K3 | Q7: K1 | R7: K2 | S7: K3
B8: 1 | C8: Sumenep | D8: 1961.05 | E8: 0 | F8: 161 | G8: 1644 | H8: 0 | I8: 0 | J8: 0 | K8: =SUM(H8:J8) -> 0 | L8: =K8/E8 -> #DIV/0! | M8: 7913.7 | N8: 2117 | O8: 0 | P8: =SUM(M8:O8) -> 10030.7 | Q8: =(1900+2200)/2 -> 2050 | R8: =(1400+2000)/2 -> 1700
B9: 2 | C9: Pamekasan | D9: 959.7 | E9: 959.7 | F9: 167 | G9: 1355 | H9: 6082 | I9: 10 | J9: 0 | K9: =SUM(H9:J9) -> 6092 | L9: =K9/E9 -> 6.347817 | M9: 24790 | N9: 0 | O9: 0 | P9: =SUM(M9:O9) -> 24790 | Q9: 2000
B10: 3 | C10: Sampang | D10: 3218.24 | E10: 0 | F10: 29 | G10: 2205 | H10: 0 | I10: 0 | J10: 0 | K10: =SUM(H10:J10) -> 0 | L10: =K10/E10 -> #DIV/0! | M10: 34947 | N10: 2335 | O10: 455 | P10: =SUM(M10:O10) -> 37737 | Q10: 2200 | R10: 2100 | S10: 2000
B11: 4 | C11: Bangkalan | D11: 294.9 | E11: 0 | F11: 13 | G11: 138 | H11: 0 | I11: 0 | J11: 0 | K11: =SUM(H11:J11) -> 0 | L11: =K11/E11 -> #DIV/0! | M11: 910 | N11: 0 | O11: 0 | P11: =SUM(M11:O11) -> 910 | Q11: 0
B12: 5 | C12: Tuban | D12: 269.04 | E12: 269.04 | F12: 37 | G12: 344 | H12: 1.5 | I12: 0 | J12: 0 | K12: =SUM(H12:J12) -> 1.5 | L12: =K12/E12 -> 0.0055753791 | M12: 5172.2 | N12: 0 | O12: 0 | P12: =SUM(M12:O12) -> 5172.2 | Q12: 2000
B13: 6 | C13: Lamongan | D13: 217.33 | E13: 217.33 | F13: 23 | G13: 293 | H13: 78.45 | I13: 24.66 | J13: 0 | K13: =SUM(H13:J13) -> 103.11 | L13: =K13/E13 -> 0.47443979 | M13: 1378 | N13: 254 | O13: 0 | P13: =SUM(M13:O13) -> 1632 | Q13: 2000 | R13: 1900
B14: 7 | C14: Gresik | D14: 181.4 | E14: 0 | F14: 6 | G14: 46 | H14: 0 | I14: 0 | J14: 0 | K14: =SUM(H14:J14) -> 0 | L14: =K14/E14 -> #DIV/0! | M14: 1266 | N14: 0 | O14: 0 | P14: =SUM(M14:O14) -> 1266 | Q14: 2400 | R14: 2300 | S14: 2200
B15: 8 | C15: Surabaya | D15: 459.8 | E15: 0 | F15: 10 | G15: 102 | H15: 0 | I15: 0 | J15: 0 | K15: =SUM(H15:J15) -> 0 | L15: =K15/E15 -> #DIV/0! | M15: 5595.25 | N15: 0 | O15: 0 | P15: =SUM(M15:O15) -> 5595.25 | Q15: 2200
B16: 9 | C16: Sidoarjo | D16: 203 | E16: 0 | F16: 7 | G16: 60 | H16: 0 | I16: 0 | J16: 0 | K16: =SUM(H16:J16) -> 0 | L16: =K16/E16 -> #DIV/0! | M16: 3113 | N16: 0 | O16: 0 | P16: =SUM(M16:O16) -> 3113 | Q16: 2200
B17: 10 | C17: Pasuruan | D17: 253.3 | E17: 253.3 | F17: 19 | G17: 228 | H17: 541 | I17: 0 | J17: 0 | K17: =SUM(H17:J17) -> 541 | L17: =K17/E17 -> 2.1358073 | M17: 861 | N17: 0 | O17: 0 | P17: =SUM(M17:O17) -> 861 | Q17: 1675
B18: 11 | C18: Kota Pasuruan | D18: 109.39 | E18: 109.39 | F18: 6 | G18: 43 | H18: 127.5 | I18: 0 | J18: 0 | K18: =SUM(H18:J18) -> 127.5 | L18: =K18/E18 -> 1.1655544 | M18: 190 | N18: 0 | O18: 0 | P18: =SUM(M18:O18) -> 190 | Q18: 1800
B19: 12 | C19: Probolinggo | D19: 242.71 | E19: 0 | F19: 44 | G19: 342 | H19: 0 | I19: 0 | J19: 0 | K19: =SUM(H19:J19) -> 0 | L19: =K19/E19 -> #DIV/0! | M19: 498.5 | N19: 336.6 | O19: 0 | P19: =SUM(M19:O19) -> 835.1 | Q19: 2200 | R19: 2100 | S19: 1900
B20: 13 | C20: Situbondo | D20: 2 | E20: 0.35 | F20: 3 | G20: 30 | H20: 4 | I20: 0 | J20: 0 | K20: =SUM(H20:J20) -> 4 | L20: =K20/E20 -> 11.428571 | M20: 0 | N20: 0 | O20: 0 | P20: =SUM(M20:O20) -> 0 | Q20: 2000
B21: 14 | C21: Blitar | D21: 2 | E21: 0 | F21: 0 | G21: 1 | H21: 0.6 | I21: 0.1 | J21: 0 | K21: =SUM(H21:J21) -> 0.7 | L21: =K21/E21 -> #DIV/0! | M21: 0.6 | N21: 0.5 | O21: 0 | P21: =SUM(M21:O21) -> 1.1 | Q21: 3300 | R21: 3000
B22: 15 | C22: PT. Garam | K22: =SUM(H22:J22) -> 0 | L22: =K22/E22 -> #DIV/0! | P22: =SUM(M22:O22) -> 0
C23: TOTAL | D23: =SUM(D8:D22) -> 8373.86 | E23: =SUM(E8:E22) -> 1809.11 | F23: =SUM(F8:F22) -> 525 | G23: =SUM(G8:G22) -> 6831 | H23: =SUM(H8:H22) -> 6835.05 | I23: =SUM(I8:I22) -> 34.76 | J23: =SUM(J8:J22) -> 0 | K23: =SUM(K8:K22) -> 6869.81 | L23: =AVERAGE(L8:L21) -> #DIV/0! | M23: =SUM(M8:M22) -> 86635.25 | N23: =SUM(N8:N22) -> 5043.1 | O23: =SUM(O8:O22) -> 455 | P23: =SUM(P8:P22) -> 92133.35
Q25: =AVERAGE(Q8:Q22) -> 2001.7857 | R25: =AVERAGE(R8:R22) -> 2183.3333 | S25: =AVERAGE(S8:S22) -> 2033.3333

Sheet Des
B2: DATA PRODUKSI GARAM RAKYAT JAWA TIMUR TAHUN 2025
B4: BULAN: DESEMBER
B6: No | C6: Kab/Kota | D6: L Total (Ha) | E6: L Prod (Ha) | F6: Σ Pok | G6: Σ Petambak | H6: Produksi (Ton) | K6: Σ Prod (Ton) | L6: Prodtv | M6: Stok (Ton) | P6: Σ Stok | Q6: Harga (Rp)
H7: K1 | I7: K2 | J7: K3 | M7: K1 | N7: K2 | O7: K3 | Q7: K1 | R7: K2 | S7: K3
B8: 1 | C8: Sumenep | D8: 1961.05 | E8: 0 | F8: 161 | G8: 1644 | H8: 0 | I8: 0 | J8: 0 | K8: =SUM(H8:J8) -> 0 | L8: =K8/E8 -> #DIV/0! | M8: 7913.7 | N8: 2117 | O8: 0 | P8: =SUM(M8:O8) -> 10030.7 | Q8: =(1900+2500)/2 -> 2200 | R8: =(1400+2000)/2 -> 1700
B9: 2 | C9: Pamekasan | D9: 959.7 | E9: 0 | F9: 167 | G9: 1355 | H9: 0 | I9: 0 | J9: 0 | K9: =SUM(H9:J9) -> 0 | L9: =K9/E9 -> #DIV/0! | M9: 21430 | N9: 0 | O9: 0 | P9: =SUM(M9:O9) -> 21430 | Q9: =(2000+2500)/2 -> 2250
B10: 3 | C10: Sampang | D10: 3218.24 | E10: 0 | F10: 29 | G10: 2205 | H10: 0 | I10: 0 | J10: 0 | K10: =SUM(H10:J10) -> 0 | L10: =K10/E10 -> #DIV/0! | M10: 33533 | N10: 2039 | O10: 285 | P10: =SUM(M10:O10) -> 35857 | Q10: 2200 | R10: 2100 | S10: 2000
B11: 4 | C11: Bangkalan | D11: 204.9 | E11: 0 | F11: 13 | G11: 138 | H11: 0 | I11: 0 | J11: 0 | K11: =SUM(H11:J11) -> 0 | L11: =K11/E11 -> #DIV/0! | M11: 910 | N11: 0 | O11: 0 | P11: =SUM(M11:O11) -> 910
B12: 5 | C12: Tuban | D12: 269.04 | E12: 269.04 | F12: 37 | G12: 344 | H12: 1.8 | I12: 0 | J12: 0 | K12: =SUM(H12:J12) -> 1.8 | L12: =K12/E12 -> 0.006690455 | M12: 5174 | N12: 0 | O12: 0 | P12: =SUM(M12:O12) -> 5174 | Q12: 2000
B13: 6 | C13: Lamongan | D13: 217.33 | E13: 217.33 | F13: 23 | G13: 293 | H13: 4 | I13: 0 | J13: 0 | K13: =SUM(H13:J13) -> 4 | L13: =K13/E13 -> 0.01840519 | M13: 1185 | N13: 82 | O13: 0 | P13: =SUM(M13:O13) -> 1267 | Q13: 2200 | R13: 2100
B14: 7 | C14: Gresik | D14: 181.4 | E14: 0 | F14: 6 | G14: 46 | H14: 0 | I14: 0 | J14: 0 | K14: =SUM(H14:J14) -> 0 | L14: =K14/E14 -> #DIV/0! | M14: 1266 | N14: 0 | O14: 0 | P14: =SUM(M14:O14) -> 1266 | Q14: 2400 | R14: 2300 | S14: 2200
B15: 8 | C15: Surabaya | D15: 459.8 | E15: 0 | F15: 10 | G15: 102 | H15: 0 | I15: 0 | J15: 0 | K15: =SUM(H15:J15) -> 0 | L15: =K15/E15 -> #DIV/0! | M15: 4225.65 | N15: 0 | O15: 0 | P15: =SUM(M15:O15) -> 4225.65 | Q15: 2400
B16: 9 | C16: Sidoarjo | D16: 203 | E16: 0 | F16: 7 | G16: 60 | H16: 0 | I16: 0 | J16: 0 | K16: =SUM(H16:J16) -> 0 | L16: =K16/E16 -> #DIV/0! | M16: 2180 | N16: 0 | O16: 0 | P16: =SUM(M16:O16) -> 2180 | Q16: 2500
B17: 10 | C17: Pasuruan | D17: 253.3 | E17: 0 | F17: 19 | G17: 228 | H17: 0 | I17: 0 | J17: 0 | K17: =SUM(H17:J17) -> 0 | L17: =K17/E17 -> #DIV/0! | M17: 831 | N17: 0 | O17: 0 | P17: =SUM(M17:O17) -> 831 | Q17: 2300
B18: 11 | C18: Kota Pasuruan | D18: 109.39 | E18: 0 | F18: 6 | G18: 43 | H18: 0 | I18: 0 | J18: 0 | K18: =SUM(H18:J18) -> 0 | L18: =K18/E18 -> #DIV/0! | M18: 190 | N18: 0 | O18: 0 | P18: =SUM(M18:O18) -> 190 | Q18: 2300
B19: 12 | C19: Probolinggo | D19: 242.71 | E19: 0 | F19: 44 | G19: 342 | H19: 0 | I19: 0 | J19: 0 | K19: =SUM(H19:J19) -> 0 | L19: =K19/E19 -> #DIV/0! | M19: 495 | N19: 336.6 | O19: 0 | P19: =SUM(M19:O19) -> 831.6 | Q19: 2400 | R19: 2300 | S19: 2100
B20: 13 | C20: Situbondo | D20: 2 | E20: 0 | F20: 3 | G20: 30 | H20: 0 | I20: 0 | J20: 0 | K20: =SUM(H20:J20) -> 0 | L20: =K20/E20 -> #DIV/0! | M20: 0 | N20: 0 | O20: 0 | P20: =SUM(M20:O20) -> 0
B21: 14 | C21: Blitar | D21: 2 | E21: 0 | F21: 0 | G21: 1 | H21: 0 | I21: 0 | J21: 0 | K21: =SUM(H21:J21) -> 0 | L21: =K21/E21 -> #DIV/0! | M21: 0.6 | N21: 0.5 | O21: 0 | P21: =SUM(M21:O21) -> 1.1 | Q21: 3300 | R21: 3000
B22: 15 | C22: PT. Garam | K22: =SUM(H22:J22) -> 0 | L22: =K22/E22 -> #DIV/0! | P22: =SUM(M22:O22) -> 0
C23: TOTAL | D23: =SUM(D8:D22) -> 8283.86 | E23: =SUM(E8:E22) -> 486.37 | F23: =SUM(F8:F22) -> 525 | G23: =SUM(G8:G22) -> 6831 | H23: =SUM(H8:H22) -> 5.8 | I23: =SUM(I8:I22) -> 0 | J23: =SUM(J8:J22) -> 0 | K23: =SUM(K8:K22) -> 5.8 | L23: =AVERAGE(L8:L21) -> #DIV/0! | M23: =SUM(M8:M22) -> 79333.95 | N23: =SUM(N8:N22) -> 4575.1 | O23: =SUM(O8:O22) -> 285 | P23: =SUM(P8:P22) -> 84194.05
Q25: =AVERAGE(Q8:Q22) -> 2370.8333 | R25: =AVERAGE(R8:R22) -> 2250 | S25: =AVERAGE(S8:S22) -> 2100

Sheet Rekap 2025
B2: DATA PRODUKSI GARAM JAWA TIMUR TAHUN 2025
B4: No | C4: Kab/Kota | D4: L Total (Ha) | E4: L Prod (Ha) | F4: Σ Pok | G4: Σ Petambak | H4: Produksi (Ton) | K4: Σ Prod (Ton)
H5: K1 | I5: K2 | J5: K3
B6: 1 | C6: Sumenep | D6: =Des!D8 -> 1961.05 | E6: =Feb!E8 -> 0 | F6: =Des!F8 -> 161 | G6: =Des!G8 -> 1644 | H6: 39139.67 | I6: 7542.72 | J6: 0 | K6: =SUM(H6:J6) -> 46682.39
B7: 2 | C7: Pamekasan | D7: =Des!D9 -> 959.7 | E7: =Feb!E9 -> 0 | F7: =Des!F9 -> 167 | G7: =Des!G9 -> 1355 | H7: 63962.9 | I7: 139 | J7: 0 | K7: =SUM(H7:J7) -> 64101.9
B8: 3 | C8: Sampang | D8: =Des!D10 -> 3218.24 | E8: =Feb!E10 -> 0 | F8: =Des!F10 -> 29 | G8: =Des!G10 -> 2205 | H8: 53358.6 | I8: 6804.2 | J8: 696 | K8: =SUM(H8:J8) -> 60858.8
B9: 4 | C9: Bangkalan | D9: =Des!D11 -> 204.9 | E9: =Feb!E11 -> 0 | F9: =Des!F11 -> 13 | G9: =Des!G11 -> 138 | H9: 1958 | I9: 0 | J9: 0 | K9: =SUM(H9:J9) -> 1958
B10: 5 | C10: Tuban | D10: =Des!D12 -> 269.04 | E10: =Feb!E12 -> 245.3 | F10: =Des!F12 -> 37 | G10: =Des!G12 -> 344 | H10: 9965 | I10: 0 | J10: 0 | K10: =SUM(H10:J10) -> 9965
B11: 6 | C11: Lamongan | D11: =Des!D13 -> 217.33 | E11: =Feb!E13 -> 0 | F11: =Des!F13 -> 23 | G11: =Des!G13 -> 293 | H11: 2861.44 | I11: 1302.01 | J11: 0 | K11: =SUM(H11:J11) -> 4163.45
B12: 7 | C12: Gresik | D12: =Des!D14 -> 181.4 | E12: =Feb!E14 -> 0 | F12: =Des!F14 -> 6 | G12: =Des!G14 -> 46 | H12: 2898.5 | I12: 0 | J12: 0 | K12: =SUM(H12:J12) -> 2898.5
B13: 8 | C13: Surabaya | D13: =Des!D15 -> 459.8 | E13: =Feb!E15 -> 0 | F13: =Des!F15 -> 10 | G13: =Des!G15 -> 102 | H13: 24823.59 | I13: 0 | J13: 0 | K13: =SUM(H13:J13) -> 24823.59
B14: 9 | C14: Sidoarjo | D14: =Des!D16 -> 203 | E14: =Feb!E16 -> 0 | F14: =Des!F16 -> 7 | G14: =Des!G16 -> 60 | H14: 12274 | I14: 0 | J14: 0 | K14: =SUM(H14:J14) -> 12274
B15: 10 | C15: Pasuruan | D15: =Des!D17 -> 253.3 | E15: =Feb!E17 -> 0 | F15: =Des!F17 -> 19 | G15: =Des!G17 -> 228 | H15: 5590.67 | I15: 0 | J15: 0 | K15: =SUM(H15:J15) -> 5590.67
B16: 11 | C16: Kota Pasuruan | D16: =Des!D18 -> 109.39 | E16: =Feb!E18 -> 0 | F16: =Des!F18 -> 6 | G16: =Des!G18 -> 43 | H16: 5022.5 | I16: 0 | J16: 0 | K16: =SUM(H16:J16) -> 5022.5
B17: 12 | C17: Probolinggo | D17: =Des!D19 -> 242.71 | E17: =Feb!E19 -> 0 | F17: =Des!F19 -> 44 | G17: =Des!G19 -> 342 | H17: 3307.4 | I17: 2314 | J17: 0 | K17: =SUM(H17:J17) -> 5621.4
... B19: 14 | C19: Blitar | D19: =Des!D21 -> 2 | E19: =Feb!E21 -> 0.4 | F19: =Des!F21 -> 0 | G19: =Des!G21 -> 1 | H19: 4.78 | I19: 2.1 | J19: 0.4 | K19: =SUM(H19:J19) -> 7.28
B20: 15 | C20: PT. Garam | D20: =Des!D22 -> 0 | F20: =Des!F22 -> 0 | G20: =Des!G22 -> 0 | H20: 51475.19 | I20: 24233.83 | J20: 9337.34 | K20: =SUM(H20:J20) -> 85046.36
C21: TOTAL | D21: =SUM(D6:D20) -> 8283.86 | E21: =SUM(E6:E18) -> 245.3 | F21: =SUM(F6:F20) -> 525 | G21: =SUM(G6:G20) -> 6831 | H21: =SUM(H6:H20) -> 276730.54 | I21: =SUM(I6:I20) -> 42337.86 | J21: =SUM(J6:J20) -> 10033.74 | K21: =SUM(K6:K20) -> 329102.14
C23: Bidang Kelautan Pesisir dan Pengawasan
C24: Dinas Kelautan dan Perikanan Provinsi Jawa Timur
