Workbook

Sheet BUDIDAYA
A1: PRODUKSI BUDIDAYA JAWA TIMUR MENURUT JENIS USAHA
B3: JENIS USAHA | C3: SATUAN | D3: JUMLAH | E3: TRIWULAN 2025
E4: Januari | F4: Februari | G4: Maret | H4: TW I | I4: April | J4: Mei | K4: Juni | L4: TW II | M4: Juli | N4: Agustus | O4: September | P4: TW III | Q4: Oktober | R4: November | S4: Desember | T4: TW IV
C5: TON | D5: =SUM(D6:D11) -> 1442333 | E5: =SUM(E6:E11) -> 100101.99 | F5: =SUM(F6:F11) -> 109536.39 | G5: =SUM(G6:G11) -> 120474.07 | H5: =SUM(E5:G5) -> 330112.46 | I5: =SUM(I6:I11) -> 117859.12 | J5: =SUM(J6:J11) -> 120777.12 | K5: =SUM(K6:K11) -> 112310.71 | L5: =SUM(I5:K5) -> 350946.95 | M5: =SUM(M6:M11) -> 125106.38 | N5: =SUM(N6:N11) -> 125340.13 | O5: =SUM(O6:O11) -> 134190.05 | P5: =SUM(M5:O5) -> 384636.55 | Q5: =SUM(Q6:Q11) -> 119766.41 | R5: =SUM(R6:R11) -> 122691.29 | S5: =SUM(S6:S11) -> 134179.34 | T5: =SUM(Q5:S5) -> 376637.04
B6: Laut | C6: Ton | D6: =SUM(H6,L6,P6,T6) -> 774415.16 | E6: =E61 -> 47094.474 | F6: =F61 -> 51144.2 | G6: =G61 -> 58230.457 | H6: =SUM(E6:G6) -> 156469.13 | I6: =I61 -> 55914.419 | J6: =J61 -> 57079.483 | K6: =K61 -> 56556.37 | L6: =SUM(I6:K6) -> 169550.27 | M6: =M61 -> 74919.428 | N6: =N61 -> 72360.697 | O6: =O61 -> 80512.764 | P6: =SUM(M6:O6) -> 227792.89 | Q6: =Q61 -> 69955.922 | R6: =R61 -> 72316.751 | S6: =S61 -> 78330.195 | T6: =SUM(Q6:S6) -> 220602.87
B7: Tambak | C7: Ton | D7: =SUM(H7,L7,P7,T7) -> 282359.63 | E7: =E105 -> 22313.374 | F7: =F105 -> 23749.563 | G7: =G105 -> 25210.445 | H7: =SUM(E7:G7) -> 71273.383 | I7: =I105 -> 23327.005 | J7: =J105 -> 21858.863 | K7: =K105 -> 22177.34 | L7: =SUM(I7:K7) -> 67363.208 | M7: =M105 -> 22574.998 | N7: =N105 -> 25552.928 | O7: =O105 -> 26363.971 | P7: =SUM(M7:O7) -> 74491.898 | Q7: =Q105 -> 22767.893 | R7: =R105 -> 21933.068 | S7: =S105 -> 24530.182 | T7: =SUM(Q7:S7) -> 69231.143
B8: Kolam | C8: Ton | D8: =SUM(H8,L8,P8,T8) -> 356663.33 | E8: =E148 -> 27488.954 | F8: =F148 -> 31413.318 | G8: =G148 -> 34255.335 | H8: =SUM(E8:G8) -> 93157.607 | I8: =I148 -> 35644.685 | J8: =J148 -> 38914.071 | K8: =K148 -> 31587.546 | L8: =SUM(I8:K8) -> 106146.3 | M8: =M148 -> 26576.82 | N8: =N148 -> 26086.586 | O8: =O148 -> 25774.87 | P8: =SUM(M8:O8) -> 78438.276 | Q8: =Q148 -> 25398.837 | R8: =R148 -> 26013.916 | S8: =S148 -> 27508.395 | T8: =SUM(Q8:S8) -> 78921.149
B9: Mina Padi | C9: Ton | D9: =SUM(H9,L9,P9,T9) -> 16316.298 | E9: =E191 -> 1750.2 | F9: =F191 -> 1899.32 | G9: =G191 -> 1594.743 | H9: =SUM(E9:G9) -> 5244.263 | I9: =I191 -> 1851.281 | J9: =J191 -> 1912.668 | K9: =K191 -> 1128.26 | L9: =SUM(I9:K9) -> 4892.209 | M9: =M191 -> 541.163 | N9: =N191 -> 717.716 | O9: =O191 -> 882.192 | P9: =SUM(M9:O9) -> 2141.071 | Q9: =Q191 -> 907.891 | R9: =R191 -> 1138.687 | S9: =S191 -> 1992.177 | T9: =SUM(Q9:S9) -> 4038.755
B10: Karamba | C10: Ton | D10: =SUM(H10,L10,P10,T10) -> 6969.165 | E10: =E234 -> 731.767 | F10: =F234 -> 663.737 | G10: =G234 -> 556.787 | H10: =SUM(E10:G10) -> 1952.291 | I10: =I234 -> 534.179 | J10: =J234 -> 515.965 | K10: =K234 -> 407.815 | L10: =SUM(I10:K10) -> 1457.959 | M10: =M234 -> 296.267 | N10: =N234 -> 422.733 | O10: =O234 -> 430.553 | P10: =SUM(M10:O10) -> 1149.553 | Q10: =Q234 -> 479.421 | R10: =R234 -> 882.978 | S10: =S234 -> 1046.963 | T10: =SUM(Q10:S10) -> 2409.362
B11: Japung/ KJA Tawar | C11: Ton | D11: =SUM(H11,L11,P11,T11) -> 5609.4059 | E11: =E277 -> 723.22499 | F11: =F277 -> 666.25253 | G11: =G277 -> 626.30481 | H11: =SUM(E11:G11) -> 2015.7823 | I11: =I277 -> 587.55241 | J11: =J277 -> 496.06505 | K11: =K277 -> 453.37827 | L11: =SUM(I11:K11) -> 1536.9957 | M11: =M277 -> 197.70101 | N11: =N277 -> 199.46572 | O11: =O277 -> 225.69751 | P11: =SUM(M11:O11) -> 622.86424 | Q11: =Q277 -> 256.44584 | R11: =R277 -> 405.88484 | S11: =S277 -> 771.43288 | T11: =SUM(Q11:S11) -> 1433.7636
A14: PRODUKSI BUDIDAYA JAWA TIMUR MENURUT KABUPATEN/KOTA
A15: No. | B15: U r a i a n | C15: Satuan | D15: Jumlah | E15: Januari | F15: Februari | G15: Maret | H15: TW I | I15: April | J15: Mei | K15: Juni | L15: TW II | M15: Juli | N15: Agustus | O15: September | P15: TW III | Q15: Oktober | R15: November | S15: Desember | T15: TW IV
B17: JUMLAH | C17: Ton | D17: =SUM(D18:D55) -> 1442333 | E17: =SUM(E18:E55) -> 100101.99 | F17: =SUM(F18:F55) -> 109536.39 | G17: =SUM(G18:G55) -> 120474.07 | H17: =SUM(E17:G17) -> 330112.46 | I17: =SUM(I18:I55) -> 117859.12 | J17: =SUM(J18:J55) -> 120777.12 | K17: =SUM(K18:K55) -> 112310.71 | L17: =SUM(I17:K17) -> 350946.95 | M17: =SUM(M18:M55) -> 125106.38 | N17: =SUM(N18:N55) -> 125340.13 | O17: =SUM(O18:O55) -> 134190.05 | P17: =SUM(M17:O17) -> 384636.55 | Q17: =SUM(Q18:Q55) -> 119766.41 | R17: =SUM(R18:R55) -> 122691.29 | S17: =SUM(S18:S55) -> 134179.34 | T17: =SUM(Q17:S17) -> 376637.04
A18: 1 | B18: KABUPATEN BANGKALAN | C18: Ton | D18: =SUM(H18,L18,P18,T18) -> 15081.607 | E18: =SUM(E62,E106,E149,E192,E235,E278) -> 1605.705 | F18: =SUM(F62,F106,F149,F192,F235,F278) -> 1634.597 | G18: =SUM(G62,G106,G149,G192,G235,G278) -> 1715.25 | H18: =SUM(E18:G18) -> 4955.552 | I18: =SUM(I62,I106,I149,I192,I235,I278) -> 736.5 | J18: =SUM(J62,J106,J149,J192,J235,J278) -> 666.785 | K18: =SUM(K62,K106,K149,K192,K235,K278) -> 633 | L18: =SUM(I18:K18) -> 2036.285 | M18: =SUM(M62,M106,M149,M192,M235,M278) -> 612.82 | N18: =SUM(N62,N106,N149,N192,N235,N278) -> 594 | O18: =SUM(O62,O106,O149,O192,O235,O278) -> 549.95 | P18: =SUM(M18:O18) -> 1756.77 | Q18: =SUM(Q62,Q106,Q149,Q192,Q235,Q278) -> 1414.4 | R18: =SUM(R62,R106,R149,R192,R235,R278) -> 1938.7 | S18: =SUM(S62,S106,S149,S192,S235,S278) -> 2979.9 | T18: =SUM(Q18:S18) -> 6333
A19: =A18+1 -> 2 | B19: KABUPATEN BANYUWANGI | C19: Ton | D19: =SUM(H19,L19,P19,T19) -> 30646.435 | E19: =SUM(E63,E107,E150,E193,E236,E279) -> 2406.035 | F19: =SUM(F63,F107,F150,F193,F236,F279) -> 2451.255 | G19: =SUM(G63,G107,G150,G193,G236,G279) -> 2444.88 | H19: =SUM(E19:G19) -> 7302.17 | I19: =SUM(I63,I107,I150,I193,I236,I279) -> 2485.895 | J19: =SUM(J63,J107,J150,J193,J236,J279) -> 2543.509 | K19: =SUM(K63,K107,K150,K193,K236,K279) -> 2519.45 | L19: =SUM(I19:K19) -> 7548.854 | M19: =SUM(M63,M107,M150,M193,M236,M279) -> 2582.146 | N19: =SUM(N63,N107,N150,N193,N236,N279) -> 2542.555 | O19: =SUM(O63,O107,O150,O193,O236,O279) -> 2597.649 | P19: =SUM(M19:O19) -> 7722.35 | Q19: =SUM(Q63,Q107,Q150,Q193,Q236,Q279) -> 2669.63 | R19: =SUM(R63,R107,R150,R193,R236,R279) -> 2730.051 | S19: =SUM(S63,S107,S150,S193,S236,S279) -> 2673.38 | T19: =SUM(Q19:S19) -> 8073.061
A20: =A19+1 -> 3 | B20: KABUPATEN BLITAR | C20: Ton | D20: =SUM(H20,L20,P20,T20) -> 17736.425 | E20: =SUM(E64,E108,E151,E194,E237,E280) -> 1348.3 | F20: =SUM(F64,F108,F151,F194,F237,F280) -> 1369.32 | G20: =SUM(G64,G108,G151,G194,G237,G280) -> 1420.56 | H20: =SUM(E20:G20) -> 4138.18 | I20: =SUM(I64,I108,I151,I194,I237,I280) -> 1492.15 | J20: =SUM(J64,J108,J151,J194,J237,J280) -> 1481.8 | K20: =SUM(K64,K108,K151,K194,K237,K280) -> 1473.79 | L20: =SUM(I20:K20) -> 4447.74 | M20: =SUM(M64,M108,M151,M194,M237,M280) -> 1488.46 | N20: =SUM(N64,N108,N151,N194,N237,N280) -> 1480.9 | O20: =SUM(O64,O108,O151,O194,O237,O280) -> 1310.5 | P20: =SUM(M20:O20) -> 4279.86 | Q20: =SUM(Q64,Q108,Q151,Q194,Q237,Q280) -> 1568.915 | R20: =SUM(R64,R108,R151,R194,R237,R280) -> 1641.46 | S20: =SUM(S64,S108,S151,S194,S237,S280) -> 1660.27 | T20: =SUM(Q20:S20) -> 4870.645
A21: =A20+1 -> 4 | B21: KABUPATEN BOJONEGORO | C21: Ton | D21: =SUM(H21,L21,P21,T21) -> 5384.128 | E21: =SUM(E65,E109,E152,E195,E238,E281) -> 566.063 | F21: =SUM(F65,F109,F152,F195,F238,F281) -> 540.145 | G21: =SUM(G65,G109,G152,G195,G238,G281) -> 504.827 | H21: =SUM(E21:G21) -> 1611.035 | I21: =SUM(I65,I109,I152,I195,I238,I281) -> 460.57 | J21: =SUM(J65,J109,J152,J195,J238,J281) -> 422.38 | K21: =SUM(K65,K109,K152,K195,K238,K281) -> 383.756 | L21: =SUM(I21:K21) -> 1266.706 | M21: =SUM(M65,M109,M152,M195,M238,M281) -> 331.584 | N21: =SUM(N65,N109,N152,N195,N238,N281) -> 345.653 | O21: =SUM(O65,O109,O152,O195,O238,O281) -> 386.585 | P21: =SUM(M21:O21) -> 1063.822 | Q21: =SUM(Q65,Q109,Q152,Q195,Q238,Q281) -> 422.596 | R21: =SUM(R65,R109,R152,R195,R238,R281) -> 505.617 | S21: =SUM(S65,S109,S152,S195,S238,S281) -> 514.352 | T21: =SUM(Q21:S21) -> 1442.565
A22: =A21+1 -> 5 | B22: KABUPATEN BONDOWOSO | C22: Ton | D22: =SUM(H22,L22,P22,T22) -> 849.316 | E22: =SUM(E66,E110,E153,E196,E239,E282) -> 75.492 | F22: =SUM(F66,F110,F153,F196,F239,F282) -> 72.229 | G22: =SUM(G66,G110,G153,G196,G239,G282) -> 78.873 | H22: =SUM(E22:G22) -> 226.594 | I22: =SUM(I66,I110,I153,I196,I239,I282) -> 70.17 | J22: =SUM(J66,J110,J153,J196,J239,J282) -> 66.314 | K22: =SUM(K66,K110,K153,K196,K239,K282) -> 70.069 | L22: =SUM(I22:K22) -> 206.553 | M22: =SUM(M66,M110,M153,M196,M239,M282) -> 67.283 | N22: =SUM(N66,N110,N153,N196,N239,N282) -> 69.232 | O22: =SUM(O66,O110,O153,O196,O239,O282) -> 66.202 | P22: =SUM(M22:O22) -> 202.717 | Q22: =SUM(Q66,Q110,Q153,Q196,Q239,Q282) -> 67.037 | R22: =SUM(R66,R110,R153,R196,R239,R282) -> 67.907 | S22: =SUM(S66,S110,S153,S196,S239,S282) -> 78.508 | T22: =SUM(Q22:S22) -> 213.452
A23: =A22+1 -> 6 | B23: KABUPATEN GRESIK | C23: Ton | D23: =SUM(H23,L23,P23,T23) -> 160439.07 | E23: =SUM(E67,E111,E154,E197,E240,E283) -> 12043.717 | F23: =SUM(F67,F111,F154,F197,F240,F283) -> 14138.772 | G23: =SUM(G67,G111,G154,G197,G240,G283) -> 14661.92 | H23: =SUM(E23:G23) -> 40844.408 | I23: =SUM(I67,I111,I154,I197,I240,I283) -> 13614.64 | J23: =SUM(J67,J111,J154,J197,J240,J283) -> 13091.1 | K23: =SUM(K67,K111,K154,K197,K240,K283) -> 14138.28 | L23: =SUM(I23:K23) -> 40844.02 | M23: =SUM(M67,M111,M154,M197,M240,M283) -> 12567.36 | N23: =SUM(N67,N111,N154,N197,N240,N283) -> 13091.003 | O23: =SUM(O67,O111,O154,O197,O240,O283) -> 14342.921 | P23: =SUM(M23:O23) -> 40001.284 | Q23: =SUM(Q67,Q111,Q154,Q197,Q240,Q283) -> 14661.922 | R23: =SUM(R67,R111,R154,R197,R240,R283) -> 12043.72 | S23: =SUM(S67,S111,S154,S197,S240,S283) -> 12043.72 | T23: =SUM(Q23:S23) -> 38749.362
A24: =A23+1 -> 7 | B24: KABUPATEN JEMBER | C24: Ton | D24: =SUM(H24,L24,P24,T24) -> 16410.715 | E24: =SUM(E68,E112,E155,E198,E241,E284) -> 1209.76 | F24: =SUM(F68,F112,F155,F198,F241,F284) -> 1588.36 | G24: =SUM(G68,G112,G155,G198,G241,G284) -> 1430.868 | H24: =SUM(E24:G24) -> 4228.988 | I24: =SUM(I68,I112,I155,I198,I241,I284) -> 1133.003 | J24: =SUM(J68,J112,J155,J198,J241,J284) -> 1093.578 | K24: =SUM(K68,K112,K155,K198,K241,K284) -> 1105.544 | L24: =SUM(I24:K24) -> 3332.125 | M24: =SUM(M68,M112,M155,M198,M241,M284) -> 1407.47 | N24: =SUM(N68,N112,N155,N198,N241,N284) -> 1512.05 | O24: =SUM(O68,O112,O155,O198,O241,O284) -> 1469.32 | P24: =SUM(M24:O24) -> 4388.8399 | Q24: =SUM(Q68,Q112,Q155,Q198,Q241,Q284) -> 1362.1245 | R24: =SUM(R68,R112,R155,R198,R241,R284) -> 1335.435 | S24: =SUM(S68,S112,S155,S198,S241,S284) -> 1763.203 | T24: =SUM(Q24:S24) -> 4460.7625
A25: =A24+1 -> 8 | B25: KABUPATEN JOMBANG | C25: Ton | D25: =SUM(H25,L25,P25,T25) -> 14792 | E25: =SUM(E69,E113,E156,E199,E242,E285) -> 1333.2 | F25: =SUM(F69,F113,F156,F199,F242,F285) -> 1244.8 | G25: =SUM(G69,G113,G156,G199,G242,G285) -> 1267.7 | H25: =SUM(E25:G25) -> 3845.7 | I25: =SUM(I69,I113,I156,I199,I242,I285) -> 1349.7 | J25: =SUM(J69,J113,J156,J199,J242,J285) -> 1228.6 | K25: =SUM(K69,K113,K156,K199,K242,K285) -> 1149.5 | L25: =SUM(I25:K25) -> 3727.8 | M25: =SUM(M69,M113,M156,M199,M242,M285) -> 1242.3 | N25: =SUM(N69,N113,N156,N199,N242,N285) -> 1101.2 | O25: =SUM(O69,O113,O156,O199,O242,O285) -> 1208.4 | P25: =SUM(M25:O25) -> 3551.9 | Q25: =SUM(Q69,Q113,Q156,Q199,Q242,Q285) -> 1188.8 | R25: =SUM(R69,R113,R156,R199,R242,R285) -> 1185.1 | S25: =SUM(S69,S113,S156,S199,S242,S285) -> 1292.7 | T25: =SUM(Q25:S25) -> 3666.6
A26: =A25+1 -> 9 | B26: KABUPATEN KEDIRI | C26: Ton | D26: =SUM(H26,L26,P26,T26) -> 25514.275 | E26: =SUM(E70,E114,E157,E200,E243,E286) -> 2088.55 | F26: =SUM(F70,F114,F157,F200,F243,F286) -> 2135.32 | G26: =SUM(G70,G114,G157,G200,G243,G286) -> 2193.25 | H26: =SUM(E26:G26) -> 6417.12 | I26: =SUM(I70,I114,I157,I200,I243,I286) -> 2124.38 | J26: =SUM(J70,J114,J157,J200,J243,J286) -> 2363.345 | K26: =SUM(K70,K114,K157,K200,K243,K286) -> 2429.395 | L26: =SUM(I26:K26) -> 6917.12 | M26: =SUM(M70,M114,M157,M200,M243,M286) -> 2040.43 | N26: =SUM(N70,N114,N157,N200,N243,N286) -> 2054.94 | O26: =SUM(O70,O114,O157,O200,O243,O286) -> 2003.415 | P26: =SUM(M26:O26) -> 6098.785 | Q26: =SUM(Q70,Q114,Q157,Q200,Q243,Q286) -> 1917.725 | R26: =SUM(R70,R114,R157,R200,R243,R286) -> 2044.945 | S26: =SUM(S70,S114,S157,S200,S243,S286) -> 2118.58 | T26: =SUM(Q26:S26) -> 6081.25
A27: =A26+1 -> 10 | B27: KABUPATEN LAMONGAN | C27: Ton | D27: =SUM(H27,L27,P27,T27) -> 46941.847 | E27: =SUM(E71,E115,E158,E201,E244,E287) -> 2935.83 | F27: =SUM(F71,F115,F158,F201,F244,F287) -> 4251.231 | G27: =SUM(G71,G115,G158,G201,G244,G287) -> 6773.719 | H27: =SUM(E27:G27) -> 13960.78 | I27: =SUM(I71,I115,I158,I201,I244,I287) -> 8545.468 | J27: =SUM(J71,J115,J158,J201,J244,J287) -> 13676.414 | K27: =SUM(K71,K115,K158,K201,K244,K287) -> 5958.024 | L27: =SUM(I27:K27) -> 28179.906 | M27: =SUM(M71,M115,M158,M201,M244,M287) -> 1631.901 | N27: =SUM(N71,N115,N158,N201,N244,N287) -> 809.437 | O27: =SUM(O71,O115,O158,O201,O244,O287) -> 573.975 | P27: =SUM(M27:O27) -> 3015.313 | Q27: =SUM(Q71,Q115,Q158,Q201,Q244,Q287) -> 540.527 | R27: =SUM(R71,R115,R158,R201,R244,R287) -> 545.437 | S27: =SUM(S71,S115,S158,S201,S244,S287) -> 699.884 | T27: =SUM(Q27:S27) -> 1785.848
A28: =A27+1 -> 11 | B28: KABUPATEN LUMAJANG | C28: Ton | D28: =SUM(H28,L28,P28,T28) -> 5111.5964 | E28: =SUM(E72,E116,E159,E202,E245,E288) -> 432 | F28: =SUM(F72,F116,F159,F202,F245,F288) -> 415 | G28: =SUM(G72,G116,G159,G202,G245,G288) -> 465.0004 | H28: =SUM(E28:G28) -> 1312.0004 | I28: =SUM(I72,I116,I159,I202,I245,I288) -> 425.134 | J28: =SUM(J72,J116,J159,J202,J245,J288) -> 422.873 | K28: =SUM(K72,K116,K159,K202,K245,K288) -> 415.31 | L28: =SUM(I28:K28) -> 1263.317 | M28: =SUM(M72,M116,M159,M202,M245,M288) -> 405.431 | N28: =SUM(N72,N116,N159,N202,N245,N288) -> 434.854 | O28: =SUM(O72,O116,O159,O202,O245,O288) -> 410.608 | P28: =SUM(M28:O28) -> 1250.893 | Q28: =SUM(Q72,Q116,Q159,Q202,Q245,Q288) -> 416.413 | R28: =SUM(R72,R116,R159,R202,R245,R288) -> 389.453 | S28: =SUM(S72,S116,S159,S202,S245,S288) -> 479.52 | T28: =SUM(Q28:S28) -> 1285.386
A29: =A28+1 -> 12 | B29: KABUPATEN MADIUN | C29: Ton | D29: =SUM(H29,L29,P29,T29) -> 3850.1 | E29: =SUM(E73,E117,E160,E203,E246,E289) -> 322.95 | F29: =SUM(F73,F117,F160,F203,F246,F289) -> 319.05 | G29: =SUM(G73,G117,G160,G203,G246,G289) -> 341.3 | H29: =SUM(E29:G29) -> 983.3 | I29: =SUM(I73,I117,I160,I203,I246,I289) -> 349.1 | J29: =SUM(J73,J117,J160,J203,J246,J289) -> 314.6 | K29: =SUM(K73,K117,K160,K203,K246,K289) -> 327.1 | L29: =SUM(I29:K29) -> 990.8 | M29: =SUM(M73,M117,M160,M203,M246,M289) -> 287.55 | N29: =SUM(N73,N117,N160,N203,N246,N289) -> 296.45 | O29: =SUM(O73,O117,O160,O203,O246,O289) -> 297.45 | P29: =SUM(M29:O29) -> 881.45 | Q29: =SUM(Q73,Q117,Q160,Q203,Q246,Q289) -> 326.55 | R29: =SUM(R73,R117,R160,R203,R246,R289) -> 328.75 | S29: =SUM(S73,S117,S160,S203,S246,S289) -> 339.25 | T29: =SUM(Q29:S29) -> 994.55
A30: =A29+1 -> 13 | B30: KABUPATEN MAGETAN | C30: Ton | D30: =SUM(H30,L30,P30,T30) -> 1860.28 | E30: =SUM(E74,E118,E161,E204,E247,E290) -> 153.1 | F30: =SUM(F74,F118,F161,F204,F247,F290) -> 159.77 | G30: =SUM(G74,G118,G161,G204,G247,G290) -> 170.71 | H30: =SUM(E30:G30) -> 483.58 | I30: =SUM(I74,I118,I161,I204,I247,I290) -> 160.7 | J30: =SUM(J74,J118,J161,J204,J247,J290) -> 162.29 | K30: =SUM(K74,K118,K161,K204,K247,K290) -> 160.71 | L30: =SUM(I30:K30) -> 483.7 | M30: =SUM(M74,M118,M161,M204,M247,M290) -> 148.21 | N30: =SUM(N74,N118,N161,N204,N247,N290) -> 143.65 | O30: =SUM(O74,O118,O161,O204,O247,O290) -> 139.13 | P30: =SUM(M30:O30) -> 430.99 | Q30: =SUM(Q74,Q118,Q161,Q204,Q247,Q290) -> 149.31 | R30: =SUM(R74,R118,R161,R204,R247,R290) -> 155.65 | S30: =SUM(S74,S118,S161,S204,S247,S290) -> 157.05 | T30: =SUM(Q30:S30) -> 462.01
... A39: =A38+1 -> 22 | B39: KABUPATEN PROBOLINGGO | C39: Ton | D39: =SUM(H39,L39,P39,T39) -> 15433.568 | E39: =SUM(E83,E127,E170,E213,E256,E299) -> 1847.4 | F39: =SUM(F83,F127,F170,F213,F256,F299) -> 1693.5 | G39: =SUM(G83,G127,G170,G213,G256,G299) -> 1172 | H39: =SUM(E39:G39) -> 4712.9 | I39: =SUM(I83,I127,I170,I213,I256,I299) -> 1939.1 | J39: =SUM(J83,J127,J170,J213,J256,J299) -> 607.84 | K39: =SUM(K83,K127,K170,K213,K256,K299) -> 1339.65 | L39: =SUM(I39:K39) -> 3886.59 | M39: =SUM(M83,M127,M170,M213,M256,M299) -> 1524.938 | N39: =SUM(N83,N127,N170,N213,N256,N299) -> 1334.75 | O39: =SUM(O83,O127,O170,O213,O256,O299) -> 1167.52 | P39: =SUM(M39:O39) -> 4027.208 | Q39: =SUM(Q83,Q127,Q170,Q213,Q256,Q299) -> 1014.97 | R39: =SUM(R83,R127,R170,R213,R256,R299) -> 736.39 | S39: =SUM(S83,S127,S170,S213,S256,S299) -> 1055.51 | T39: =SUM(Q39:S39) -> 2806.87
A40: 23 | B40: KABUPATEN SAMPANG | C40: Ton | D40: =SUM(H40,L40,P40,T40) -> 1083.028 | E40: =SUM(E84,E128,E171,E214,E257,E300) -> 86.751 | F40: =SUM(F84,F128,F171,F214,F257,F300) -> 166.838 | G40: =SUM(G84,G128,G171,G214,G257,G300) -> 61.056 | H40: =SUM(E40:G40) -> 314.645 | I40: =SUM(I84,I128,I171,I214,I257,I300) -> 91.713 | J40: =SUM(J84,J128,J171,J214,J257,J300) -> 136.991 | K40: =SUM(K84,K128,K171,K214,K257,K300) -> 128.663 | L40: =SUM(I40:K40) -> 357.367 | M40: =SUM(M84,M128,M171,M214,M257,M300) -> 54.1 | N40: =SUM(N84,N128,N171,N214,N257,N300) -> 52.42 | O40: =SUM(O84,O128,O171,O214,O257,O300) -> 40.85 | P40: =SUM(M40:O40) -> 147.37 | Q40: =SUM(Q84,Q128,Q171,Q214,Q257,Q300) -> 63.393 | R40: =SUM(R84,R128,R171,R214,R257,R300) -> 76.613 | S40: =SUM(S84,S128,S171,S214,S257,S300) -> 123.64 | T40: =SUM(Q40:S40) -> 263.646
A41: 24 | B41: KABUPATEN SIDOARJO | C41: Ton | D41: =SUM(H41,L41,P41,T41) -> 110739.69 | E41: =SUM(E85,E129,E172,E215,E258,E301) -> 6842.34 | F41: =SUM(F85,F129,F172,F215,F258,F301) -> 8927.811 | G41: =SUM(G85,G129,G172,G215,G258,G301) -> 10673.23 | H41: =SUM(E41:G41) -> 26443.381 | I41: =SUM(I85,I129,I172,I215,I258,I301) -> 8999.8 | J41: =SUM(J85,J129,J172,J215,J258,J301) -> 9316.89 | K41: =SUM(K85,K129,K172,K215,K258,K301) -> 8322.762 | L41: =SUM(I41:K41) -> 26639.452 | M41: =SUM(M85,M129,M172,M215,M258,M301) -> 8597.5 | N41: =SUM(N85,N129,N172,N215,N258,N301) -> 11627.927 | O41: =SUM(O85,O129,O172,O215,O258,O301) -> 11759.277 | P41: =SUM(M41:O41) -> 31984.704 | Q41: =SUM(Q85,Q129,Q172,Q215,Q258,Q301) -> 8748.209 | R41: =SUM(R85,R129,R172,R215,R258,R301) -> 8025.257 | S41: =SUM(S85,S129,S172,S215,S258,S301) -> 8898.684 | T41: =SUM(Q41:S41) -> 25672.15
A42: 25 | B42: KABUPATEN SITUBONDO | C42: Ton | D42: =SUM(H42,L42,P42,T42) -> 11675.328 | E42: =SUM(E86,E130,E173,E216,E259,E302) -> 1003.856 | F42: =SUM(F86,F130,F173,F216,F259,F302) -> 977.065 | G42: =SUM(G86,G130,G173,G216,G259,G302) -> 1002.806 | H42: =SUM(E42:G42) -> 2983.727 | I42: =SUM(I86,I130,I173,I216,I259,I302) -> 1006.122 | J42: =SUM(J86,J130,J173,J216,J259,J302) -> 1104.638 | K42: =SUM(K86,K130,K173,K216,K259,K302) -> 1009.395 | L42: =SUM(I42:K42) -> 3120.155 | M42: =SUM(M86,M130,M173,M216,M259,M302) -> 972.561 | N42: =SUM(N86,N130,N173,N216,N259,N302) -> 1055.002 | O42: =SUM(O86,O130,O173,O216,O259,O302) -> 1068.847 | P42: =SUM(M42:O42) -> 3096.41 | Q42: =SUM(Q86,Q130,Q173,Q216,Q259,Q302) -> 785.05 | R42: =SUM(R86,R130,R173,R216,R259,R302) -> 919.504 | S42: =SUM(S86,S130,S173,S216,S259,S302) -> 770.482 | T42: =SUM(Q42:S42) -> 2475.036
A43: 26 | B43: KABUPATEN SUMENEP | C43: Ton | D43: =SUM(H43,L43,P43,T43) -> 770272.1 | E43: =SUM(E87,E131,E174,E217,E260,E303) -> 47499.914 | F43: =SUM(F87,F131,F174,F217,F260,F303) -> 51273.365 | G43: =SUM(G87,G131,G174,G217,G260,G303) -> 58200.256 | H43: =SUM(E43:G43) -> 156973.54 | I43: =SUM(I87,I131,I174,I217,I260,I303) -> 56248.26 | J43: =SUM(J87,J131,J174,J217,J260,J303) -> 56940.771 | K43: =SUM(K87,K131,K174,K217,K260,K303) -> 56340.022 | L43: =SUM(I43:K43) -> 169529.05 | M43: =SUM(M87,M131,M174,M217,M260,M303) -> 75576.904 | N43: =SUM(N87,N131,N174,N217,N260,N303) -> 72111.453 | O43: =SUM(O87,O131,O174,O217,O260,O303) -> 80454.008 | P43: =SUM(M43:O43) -> 228142.36 | Q43: =SUM(Q87,Q131,Q174,Q217,Q260,Q303) -> 67305.944 | R43: =SUM(R87,R131,R174,R217,R260,R303) -> 71040.35 | S43: =SUM(S87,S131,S174,S217,S260,S303) -> 77280.849 | T43: =SUM(Q43:S43) -> 215627.14
A44: 27 | B44: KABUPATEN TRENGGALEK | C44: Ton | D44: =SUM(H44,L44,P44,T44) -> 5088.463 | E44: =SUM(E88,E132,E175,E218,E261,E304) -> 429.654 | F44: =SUM(F88,F132,F175,F218,F261,F304) -> 443.616 | G44: =SUM(G88,G132,G175,G218,G261,G304) -> 457.544 | H44: =SUM(E44:G44) -> 1330.814 | I44: =SUM(I88,I132,I175,I218,I261,I304) -> 485.558 | J44: =SUM(J88,J132,J175,J218,J261,J304) -> 462.37 | K44: =SUM(K88,K132,K175,K218,K261,K304) -> 448.608 | L44: =SUM(I44:K44) -> 1396.536 | M44: =SUM(M88,M132,M175,M218,M261,M304) -> 430.775 | N44: =SUM(N88,N132,N175,N218,N261,N304) -> 407.875 | O44: =SUM(O88,O132,O175,O218,O261,O304) -> 397.795 | P44: =SUM(M44:O44) -> 1236.445 | Q44: =SUM(Q88,Q132,Q175,Q218,Q261,Q304) -> 386.856 | R44: =SUM(R88,R132,R175,R218,R261,R304) -> 376.443 | S44: =SUM(S88,S132,S175,S218,S261,S304) -> 361.369 | T44: =SUM(Q44:S44) -> 1124.668
A45: 28 | B45: KABUPATEN TUBAN | C45: Ton | D45: =SUM(H45,L45,P45,T45) -> 53319.43 | E45: =SUM(E89,E133,E176,E219,E262,E305) -> 4897.61 | F45: =SUM(F89,F133,F176,F219,F262,F305) -> 5185.71 | G45: =SUM(G89,G133,G176,G219,G262,G305) -> 4321.42 | H45: =SUM(E45:G45) -> 14404.74 | I45: =SUM(I89,I133,I176,I219,I262,I305) -> 4938.77 | J45: =SUM(J89,J133,J176,J219,J262,J305) -> 4321.42 | K45: =SUM(K89,K133,K176,K219,K262,K305) -> 3086.73 | L45: =SUM(I45:K45) -> 12346.92 | M45: =SUM(M89,M133,M176,M219,M262,M305) -> 2639.17 | N45: =SUM(N89,N133,N176,N219,N262,N305) -> 3518.88 | O45: =SUM(O89,O133,O176,O219,O262,O305) -> 3616.62 | P45: =SUM(M45:O45) -> 9774.67 | Q45: =SUM(Q89,Q133,Q176,Q219,Q262,Q305) -> 4475.76 | R45: =SUM(R89,R133,R176,R219,R262,R305) -> 5623.34 | S45: =SUM(S89,S133,S176,S219,S262,S305) -> 6694 | T45: =SUM(Q45:S45) -> 16793.1
A46: 29 | B46: KABUPATEN TULUNGAGUNG | C46: Ton | D46: =SUM(H46,L46,P46,T46) -> 53751.5 | E46: =SUM(E90,E134,E177,E220,E263,E306) -> 4094 | F46: =SUM(F90,F134,F177,F220,F263,F306) -> 4034 | G46: =SUM(G90,G134,G177,G220,G263,G306) -> 4244 | H46: =SUM(E46:G46) -> 12372 | I46: =SUM(I90,I134,I177,I220,I263,I306) -> 4436 | J46: =SUM(J90,J134,J177,J220,J263,J306) -> 4544 | K46: =SUM(K90,K134,K177,K220,K263,K306) -> 4839.5 | L46: =SUM(I46:K46) -> 13819.5 | M46: =SUM(M90,M134,M177,M220,M263,M306) -> 4569.5 | N46: =SUM(N90,N134,N177,N220,N263,N306) -> 4334.5 | O46: =SUM(O90,O134,O177,O220,O263,O306) -> 4304.5 | P46: =SUM(M46:O46) -> 13208.5 | Q46: =SUM(Q90,Q134,Q177,Q220,Q263,Q306) -> 4334.5 | R46: =SUM(R90,R134,R177,R220,R263,R306) -> 4935 | S46: =SUM(S90,S134,S177,S220,S263,S306) -> 5082 | T46: =SUM(Q46:S46) -> 14351.5
A47: 30 | B47: KOTA BATU | C47: Ton | D47: =SUM(H47,L47,P47,T47) -> 65.339 | E47: =SUM(E91,E135,E178,E221,E264,E307) -> 4.635 | F47: =SUM(F91,F135,F178,F221,F264,F307) -> 5.993 | G47: =SUM(G91,G135,G178,G221,G264,G307) -> 4.573 | H47: =SUM(E47:G47) -> 15.201 | I47: =SUM(I91,I135,I178,I221,I264,I307) -> 5.63 | J47: =SUM(J91,J135,J178,J221,J264,J307) -> 5.245 | K47: =SUM(K91,K135,K178,K221,K264,K307) -> 4.955 | L47: =SUM(I47:K47) -> 15.83 | M47: =SUM(M91,M135,M178,M221,M264,M307) -> 5.24 | N47: =SUM(N91,N135,N178,N221,N264,N307) -> 5.739 | O47: =SUM(O91,O135,O178,O221,O264,O307) -> 5.904 | P47: =SUM(M47:O47) -> 16.883 | Q47: =SUM(Q91,Q135,Q178,Q221,Q264,Q307) -> 5.805 | R47: =SUM(R91,R135,R178,R221,R264,R307) -> 5.863 | S47: =SUM(S91,S135,S178,S221,S264,S307) -> 5.757 | T47: =SUM(Q47:S47) -> 17.425
A48: 31 | B48: KOTA BLITAR | C48: Ton | D48: =SUM(H48,L48,P48,T48) -> 244.78 | E48: =SUM(E92,E136,E179,E222,E265,E308) -> 22.81 | F48: =SUM(F92,F136,F179,F222,F265,F308) -> 22.63 | G48: =SUM(G92,G136,G179,G222,G265,G308) -> 22.99 | H48: =SUM(E48:G48) -> 68.43 | I48: =SUM(I92,I136,I179,I222,I265,I308) -> 22.57 | J48: =SUM(J92,J136,J179,J222,J265,J308) -> 21.56 | K48: =SUM(K92,K136,K179,K222,K265,K308) -> 18.57 | L48: =SUM(I48:K48) -> 62.7 | M48: =SUM(M92,M136,M179,M222,M265,M308) -> 20.3 | N48: =SUM(N92,N136,N179,N222,N265,N308) -> 20.41 | O48: =SUM(O92,O136,O179,O222,O265,O308) -> 20.43 | P48: =SUM(M48:O48) -> 61.14 | Q48: =SUM(Q92,Q136,Q179,Q222,Q265,Q308) -> 17.32 | R48: =SUM(R92,R136,R179,R222,R265,R308) -> 17.5 | S48: =SUM(S92,S136,S179,S222,S265,S308) -> 17.69 | T48: =SUM(Q48:S48) -> 52.51
A49: 32 | B49: KOTA KEDIRI | C49: Ton | D49: =SUM(H49,L49,P49,T49) -> 193.1 | E49: =SUM(E93,E137,E180,E223,E266,E309) -> 16.2 | F49: =SUM(F93,F137,F180,F223,F266,F309) -> 16.7 | G49: =SUM(G93,G137,G180,G223,G266,G309) -> 18 | H49: =SUM(E49:G49) -> 50.9 | I49: =SUM(I93,I137,I180,I223,I266,I309) -> 16.1 | J49: =SUM(J93,J137,J180,J223,J266,J309) -> 16 | K49: =SUM(K93,K137,K180,K223,K266,K309) -> 15.5 | L49: =SUM(I49:K49) -> 47.6 | M49: =SUM(M93,M137,M180,M223,M266,M309) -> 16 | N49: =SUM(N93,N137,N180,N223,N266,N309) -> 11.7 | O49: =SUM(O93,O137,O180,O223,O266,O309) -> 18.6 | P49: =SUM(M49:O49) -> 46.3 | Q49: =SUM(Q93,Q137,Q180,Q223,Q266,Q309) -> 16.1 | R49: =SUM(R93,R137,R180,R223,R266,R309) -> 17.1 | S49: =SUM(S93,S137,S180,S223,S266,S309) -> 15.1 | T49: =SUM(Q49:S49) -> 48.3
A50: 33 | B50: KOTA MADIUN | C50: Ton | D50: =SUM(H50,L50,P50,T50) -> 290.62495 | E50: =SUM(E94,E138,E181,E224,E267,E310) -> 30.025 | F50: =SUM(F94,F138,F181,F224,F267,F310) -> 31.595 | G50: =SUM(G94,G138,G181,G224,G267,G310) -> 30.32498 | H50: =SUM(E50:G50) -> 91.94498 | I50: =SUM(I94,I138,I181,I224,I267,I310) -> 29.89997 | J50: =SUM(J94,J138,J181,J224,J267,J310) -> 27.22 | K50: =SUM(K94,K138,K181,K224,K267,K310) -> 25.67 | L50: =SUM(I50:K50) -> 82.78997 | M50: =SUM(M94,M138,M181,M224,M267,M310) -> 18.875 | N50: =SUM(N94,N138,N181,N224,N267,N310) -> 18.565 | O50: =SUM(O94,O138,O181,O224,O267,O310) -> 17.925 | P50: =SUM(M50:O50) -> 55.365 | Q50: =SUM(Q94,Q138,Q181,Q224,Q267,Q310) -> 18.805 | R50: =SUM(R94,R138,R181,R224,R267,R310) -> 19.865 | S50: =SUM(S94,S138,S181,S224,S267,S310) -> 21.855 | T50: =SUM(Q50:S50) -> 60.525
A51: 34 | B51: KOTA MALANG | C51: Ton | D51: =SUM(H51,L51,P51,T51) -> 162 | E51: =SUM(E95,E139,E182,E225,E268,E311) -> 4.85 | F51: =SUM(F95,F139,F182,F225,F268,F311) -> 14.05 | G51: =SUM(G95,G139,G182,G225,G268,G311) -> 28.1 | H51: =SUM(E51:G51) -> 47 | I51: =SUM(I95,I139,I182,I225,I268,I311) -> 6.95 | J51: =SUM(J95,J139,J182,J225,J268,J311) -> 12.8 | K51: =SUM(K95,K139,K182,K225,K268,K311) -> 15.25 | L51: =SUM(I51:K51) -> 35 | M51: =SUM(M95,M139,M182,M225,M268,M311) -> 10.1 | N51: =SUM(N95,N139,N182,N225,N268,N311) -> 8.7 | O51: =SUM(O95,O139,O182,O225,O268,O311) -> 6.2 | P51: =SUM(M51:O51) -> 25 | Q51: =SUM(Q95,Q139,Q182,Q225,Q268,Q311) -> 8.3 | R51: =SUM(R95,R139,R182,R225,R268,R311) -> 18.5 | S51: =SUM(S95,S139,S182,S225,S268,S311) -> 28.2 | T51: =SUM(Q51:S51) -> 55
... A55: 38 | B55: KOTA SURABAYA | C55: Ton | D55: =SUM(H55,L55,P55,T55) -> 9979.52 | E55: =SUM(E99,E143,E186,E229,E272,E315) -> 872.987 | F55: =SUM(F99,F143,F186,F229,F272,F315) -> 963.117 | G55: =SUM(G99,G143,G186,G229,G272,G315) -> 1058.596 | H55: =SUM(E55:G55) -> 2894.7 | I55: =SUM(I99,I143,I186,I229,I272,I315) -> 690.53 | J55: =SUM(J99,J143,J186,J229,J272,J315) -> 782.832 | K55: =SUM(K99,K143,K186,K229,K272,K315) -> 799.268 | L55: =SUM(I55:K55) -> 2272.63 | M55: =SUM(M99,M143,M186,M229,M272,M315) -> 804.63 | N55: =SUM(N99,N143,N186,N229,N272,N315) -> 782.43 | O55: =SUM(O99,O143,O186,O229,O272,O315) -> 775.18 | P55: =SUM(M55:O55) -> 2362.24 | Q55: =SUM(Q99,Q143,Q186,Q229,Q272,Q315) -> 800.78 | R55: =SUM(R99,R143,R186,R229,R272,R315) -> 862.74 | S55: =SUM(S99,S143,S186,S229,S272,S315) -> 786.43 | T55: =SUM(Q55:S55) -> 2449.95
A58: PRODUKSI BUDIDAYA LAUT JAWA TIMUR
A59: No. | B59: U r a i a n | C59: Satuan | D59: Jumlah | E59: Januari | F59: Februari | G59: Maret | H59: TW I | I59: April | J59: Mei | K59: Juni | L59: TW II | M59: Juli | N59: Agustus | O59: September | P59: TW III | Q59: Oktober | R59: November | S59: Desember | T59: TW IV
B61: JUMLAH | C61: Ton | D61: =SUM(D62:D99) -> 774415.16 | E61: =SUM(E62:E99) -> 47094.474 | F61: =SUM(F62:F99) -> 51144.2 | G61: =SUM(G62:G99) -> 58230.457 | H61: =SUM(E61:G61) -> 156469.13 | I61: =SUM(I62:I99) -> 55914.419 | J61: =SUM(J62:J99) -> 57079.483 | K61: =SUM(K62:K99) -> 56556.37 | L61: =SUM(I61:K61) -> 169550.27 | M61: =SUM(M62:M99) -> 74919.428 | N61: =SUM(N62:N99) -> 72360.697 | O61: =SUM(O62:O99) -> 80512.764 | P61: =SUM(M61:O61) -> 227792.89 | Q61: =SUM(Q62:Q99) -> 69955.922 | R61: =SUM(R62:R99) -> 72316.751 | S61: =SUM(S62:S99) -> 78330.195 | T61: =SUM(Q61:S61) -> 220602.87
A62: 1 | B62: KABUPATEN BANGKALAN | C62: Ton | D62: =SUM(H62,L62,P62,T62) -> 0 | E62: 0 | F62: 0 | G62: 0 | H62: =SUM(E62:G62) -> 0 | I62: 0 | J62: 0 | K62: 0 | L62: =SUM(I62:K62) -> 0 | M62: 0 | N62: 0 | O62: 0 | P62: =SUM(M62:O62) -> 0 | Q62: 0 | R62: 0 | S62: 0 | T62: =SUM(Q62:S62) -> 0
A63: =A62+1 -> 2 | B63: KABUPATEN BANYUWANGI | C63: Ton | D63: =SUM(H63,L63,P63,T63) -> 48.26 | E63: =3900/1000 -> 3.9 | F63: =4380/1000 -> 4.38 | G63: =5150/1000 -> 5.15 | H63: =SUM(E63:G63) -> 13.43 | I63: =9795/1000 -> 9.795 | J63: =4630/1000 -> 4.63 | K63: =4045/1000 -> 4.045 | L63: =SUM(I63:K63) -> 18.47 | M63: =2615/1000 -> 2.615 | N63: =2260/1000 -> 2.26 | O63: =2205/1000 -> 2.205 | P63: =SUM(M63:O63) -> 7.08 | Q63: =3165/1000 -> 3.165 | R63: =2975/1000 -> 2.975 | S63: =3140/1000 -> 3.14 | T63: =SUM(Q63:S63) -> 9.28
A64: =A63+1 -> 3 | B64: KABUPATEN BLITAR | C64: Ton | D64: =SUM(H64,L64,P64,T64) -> 0 | E64: 0 | F64: 0 | G64: 0 | H64: =SUM(E64:G64) -> 0 | I64: 0 | J64: 0 | K64: 0 | L64: =SUM(I64:K64) -> 0 | M64: 0 | N64: 0 | O64: 0 | P64: =SUM(M64:O64) -> 0 | Q64: 0 | R64: 0 | S64: 0 | T64: =SUM(Q64:S64) -> 0
A65: =A64+1 -> 4 | B65: KABUPATEN BOJONEGORO | C65: Ton | D65: =SUM(H65,L65,P65,T65) -> 0 | E65: 0 | F65: 0 | G65: 0 | H65: =SUM(E65:G65) -> 0 | I65: 0 | J65: 0 | K65: 0 | L65: =SUM(I65:K65) -> 0 | M65: 0 | N65: 0 | O65: 0 | P65: =SUM(M65:O65) -> 0 | Q65: 0 | R65: 0 | S65: 0 | T65: =SUM(Q65:S65) -> 0
A66: =A65+1 -> 5 | B66: KABUPATEN BONDOWOSO | C66: Ton | D66: =SUM(H66,L66,P66,T66) -> 0 | E66: 0 | F66: 0 | G66: 0 | H66: =SUM(E66:G66) -> 0 | I66: 0 | J66: 0 | K66: 0 | L66: =SUM(I66:K66) -> 0 | M66: 0 | N66: 0 | O66: 0 | P66: =SUM(M66:O66) -> 0 | Q66: 0 | R66: 0 | S66: 0 | T66: =SUM(Q66:S66) -> 0
A67: =A66+1 -> 6 | B67: KABUPATEN GRESIK | C67: Ton | D67: =SUM(H67,L67,P67,T67) -> 13740.679 | E67: =154755/1000 -> 154.755 | F67: =424871/1000 -> 424.871 | G67: =598742/1000 -> 598.742 | H67: =SUM(E67:G67) -> 1178.368 | I67: =231117/1000 -> 231.117 | J67: =532414/1000 -> 532.414 | K67: =643975.69067856/1000 -> 643.97569 | L67: =SUM(I67:K67) -> 1407.5067 | M67: =904887/1000 -> 904.887 | N67: =1868475/1000 -> 1868.475 | O67: =1910940/1000 -> 1910.94 | P67: =SUM(M67:O67) -> 4684.302 | Q67: =3111508.62213569/1000 -> 3111.5086 | R67: =1767741.0263841/1000 -> 1767.741 | S67: =1591252.58688/1000 -> 1591.2526 | T67: =SUM(Q67:S67) -> 6470.5022
A68: =A67+1 -> 7 | B68: KABUPATEN JEMBER | C68: Ton | D68: =SUM(H68,L68,P68,T68) -> 0 | E68: 0 | F68: 0 | G68: 0 | H68: =SUM(E68:G68) -> 0 | I68: 0 | J68: 0 | K68: 0 | L68: =SUM(I68:K68) -> 0 | M68: 0 | N68: 0 | O68: 0 | P68: =SUM(M68:O68) -> 0 | Q68: 0 | R68: 0 | S68: 0 | T68: =SUM(Q68:S68) -> 0
A69: =A68+1 -> 8 | B69: KABUPATEN JOMBANG | C69: Ton | D69: =SUM(H69,L69,P69,T69) -> 0 | E69: 0 | F69: 0 | G69: 0 | H69: =SUM(E69:G69) -> 0 | I69: 0 | J69: 0 | K69: 0 | L69: =SUM(I69:K69) -> 0 | M69: 0 | N69: 0 | O69: 0 | P69: =SUM(M69:O69) -> 0 | Q69: 0 | R69: 0 | S69: 0 | T69: =SUM(Q69:S69) -> 0
A70: =A69+1 -> 9 | B70: KABUPATEN KEDIRI | C70: Ton | D70: =SUM(H70,L70,P70,T70) -> 0 | E70: 0 | F70: 0 | G70: 0 | H70: =SUM(E70:G70) -> 0 | I70: 0 | J70: 0 | K70: 0 | L70: =SUM(I70:K70) -> 0 | M70: 0 | N70: 0 | O70: 0 | P70: =SUM(M70:O70) -> 0 | Q70: 0 | R70: 0 | S70: 0 | T70: =SUM(Q70:S70) -> 0
A71: =A70+1 -> 10 | B71: KABUPATEN LAMONGAN | C71: Ton | D71: =SUM(H71,L71,P71,T71) -> 0 | E71: 0 | F71: 0 | G71: 0 | H71: =SUM(E71:G71) -> 0 | I71: 0 | J71: 0 | K71: 0 | L71: =SUM(I71:K71) -> 0 | M71: 0 | N71: 0 | O71: 0 | P71: =SUM(M71:O71) -> 0 | Q71: 0 | R71: 0 | S71: 0 | T71: =SUM(Q71:S71) -> 0
A72: =A71+1 -> 11 | B72: KABUPATEN LUMAJANG | C72: Ton | D72: =SUM(H72,L72,P72,T72) -> 0 | E72: 0 | F72: 0 | G72: 0 | H72: =SUM(E72:G72) -> 0 | I72: 0 | J72: 0 | K72: 0 | L72: =SUM(I72:K72) -> 0 | M72: 0 | N72: 0 | O72: 0 | P72: =SUM(M72:O72) -> 0 | Q72: 0 | R72: 0 | S72: 0 | T72: =SUM(Q72:S72) -> 0
A73: =A72+1 -> 12 | B73: KABUPATEN MADIUN | C73: Ton | D73: =SUM(H73,L73,P73,T73) -> 0 | E73: 0 | F73: 0 | G73: 0 | H73: =SUM(E73:G73) -> 0 | I73: 0 | J73: 0 | K73: 0 | L73: =SUM(I73:K73) -> 0 | M73: 0 | N73: 0 | O73: 0 | P73: =SUM(M73:O73) -> 0 | Q73: 0 | R73: 0 | S73: 0 | T73: =SUM(Q73:S73) -> 0
A74: =A73+1 -> 13 | B74: KABUPATEN MAGETAN | C74: Ton | D74: =SUM(H74,L74,P74,T74) -> 0 | E74: 0 | F74: 0 | G74: 0 | H74: =SUM(E74:G74) -> 0 | I74: 0 | J74: 0 | K74: 0 | L74: =SUM(I74:K74) -> 0 | M74: 0 | N74: 0 | O74: 0 | P74: =SUM(M74:O74) -> 0 | Q74: 0 | R74: 0 | S74: 0 | T74: =SUM(Q74:S74) -> 0
A75: =A74+1 -> 14 | B75: KABUPATEN MALANG | C75: Ton | D75: =SUM(H75,L75,P75,T75) -> 0 | E75: 0 | F75: 0 | G75: 0 | H75: =SUM(E75:G75) -> 0 | I75: 0 | J75: 0 | K75: 0 | L75: =SUM(I75:K75) -> 0 | M75: 0 | N75: 0 | O75: 0 | P75: =SUM(M75:O75) -> 0 | Q75: 0 | R75: 0 | S75: 0 | T75: =SUM(Q75:S75) -> 0
A76: =A75+1 -> 15 | B76: KABUPATEN MOJOKERTO | C76: Ton | D76: =SUM(H76,L76,P76,T76) -> 0 | E76: 0 | F76: 0 | G76: 0 | H76: =SUM(E76:G76) -> 0 | I76: 0 | J76: 0 | K76: 0 | L76: =SUM(I76:K76) -> 0 | M76: 0 | N76: 0 | O76: 0 | P76: =SUM(M76:O76) -> 0 | Q76: 0 | R76: 0 | S76: 0 | T76: =SUM(Q76:S76) -> 0
A77: =A76+1 -> 16 | B77: KABUPATEN NGANJUK | C77: Ton | D77: =SUM(H77,L77,P77,T77) -> 0 | E77: 0 | F77: 0 | G77: 0 | H77: =SUM(E77:G77) -> 0 | I77: 0 | J77: 0 | K77: 0 | L77: =SUM(I77:K77) -> 0 | M77: 0 | N77: 0 | O77: 0 | P77: =SUM(M77:O77) -> 0 | Q77: 0 | R77: 0 | S77: 0 | T77: =SUM(Q77:S77) -> 0
A78: =A77+1 -> 17 | B78: KABUPATEN NGAWI | C78: Ton | D78: =SUM(H78,L78,P78,T78) -> 0 | E78: 0 | F78: 0 | G78: 0 | H78: =SUM(E78:G78) -> 0 | I78: 0 | J78: 0 | K78: 0 | L78: =SUM(I78:K78) -> 0 | M78: 0 | N78: 0 | O78: 0 | P78: =SUM(M78:O78) -> 0 | Q78: 0 | R78: 0 | S78: 0 | T78: =SUM(Q78:S78) -> 0
A79: =A78+1 -> 18 | B79: KABUPATEN PACITAN | C79: Ton | D79: =SUM(H79,L79,P79,T79) -> 0 | E79: 0 | F79: 0 | G79: 0 | H79: =SUM(E79:G79) -> 0 | I79: 0 | J79: 0 | K79: 0 | L79: =SUM(I79:K79) -> 0 | M79: 0 | N79: 0 | O79: 0 | P79: =SUM(M79:O79) -> 0 | Q79: 0 | R79: 0 | S79: 0 | T79: =SUM(Q79:S79) -> 0
... A82: =A81+1 -> 21 | B82: KABUPATEN PONOROGO | C82: Ton | D82: =SUM(H82,L82,P82,T82) -> 0 | E82: 0 | F82: 0 | G82: 0 | H82: =SUM(E82:G82) -> 0 | I82: 0 | J82: 0 | K82: 0 | L82: =SUM(I82:K82) -> 0 | M82: 0 | N82: 0 | O82: 0 | P82: =SUM(M82:O82) -> 0 | Q82: 0 | R82: 0 | S82: 0 | T82: =SUM(Q82:S82) -> 0
A83: =A82+1 -> 22 | B83: KABUPATEN PROBOLINGGO | C83: Ton | D83: =SUM(H83,L83,P83,T83) -> 435.15 | E83: =30900/1000 -> 30.9 | F83: =30900/1000 -> 30.9 | G83: =36000/1000 -> 36 | H83: =SUM(E83:G83) -> 97.8 | I83: =32000/1000 -> 32 | J83: =26500/1000 -> 26.5 | K83: =31100/1000 -> 31.1 | L83: =SUM(I83:K83) -> 89.6 | M83: =31800/1000 -> 31.8 | N83: =29600/1000 -> 29.6 | O83: =27250/1000 -> 27.25 | P83: =SUM(M83:O83) -> 88.65 | Q83: =78200/1000 -> 78.2 | R83: =52600/1000 -> 52.6 | S83: =28300/1000 -> 28.3 | T83: =SUM(Q83:S83) -> 159.1
A84: 23 | B84: KABUPATEN SAMPANG | C84: Ton | D84: =SUM(H84,L84,P84,T84) -> 0 | E84: 0 | F84: 0 | G84: 0 | H84: =SUM(E84:G84) -> 0 | I84: 0 | K84: 0 | L84: =SUM(I84:K84) -> 0 | M84: 0 | N84: 0 | O84: 0 | P84: =SUM(M84:O84) -> 0 | Q84: 0 | R84: 0 | S84: 0 | T84: =SUM(Q84:S84) -> 0
A85: 24 | B85: KABUPATEN SIDOARJO | C85: Ton | D85: =SUM(H85,L85,P85,T85) -> 0 | E85: 0 | F85: 0 | G85: 0 | H85: =SUM(E85:G85) -> 0 | I85: 0 | J85: 0 | K85: 0 | L85: =SUM(I85:K85) -> 0 | M85: 0 | N85: 0 | O85: 0 | P85: =SUM(M85:O85) -> 0 | Q85: 0 | R85: 0 | S85: 0 | T85: =SUM(Q85:S85) -> 0
A86: 25 | B86: KABUPATEN SITUBONDO | C86: Ton | D86: =SUM(H86,L86,P86,T86) -> 59.275 | E86: =3875/1000 -> 3.875 | F86: =3500/1000 -> 3.5 | G86: =3900/1000 -> 3.9 | H86: =SUM(E86:G86) -> 11.275 | I86: =4500/1000 -> 4.5 | J86: =1005/1000 -> 1.005 | K86: =4965/1000 -> 4.965 | L86: =SUM(I86:K86) -> 10.47 | M86: =4290/1000 -> 4.29 | N86: =4350/1000 -> 4.35 | O86: =5940/1000 -> 5.94 | P86: =SUM(M86:O86) -> 14.58 | Q86: =7110/1000 -> 7.11 | R86: =8130/1000 -> 8.13 | S86: =7710/1000 -> 7.71 | T86: =SUM(Q86:S86) -> 22.95
A87: 26 | B87: KABUPATEN SUMENEP | C87: Ton | D87: =SUM(H87,L87,P87,T87) -> 760127.19 | E87: =46900824/1000 -> 46900.824 | F87: =50680043/1000 -> 50680.043 | G87: =57586433/1000 -> 57586.433 | H87: =SUM(E87:G87) -> 155167.3 | I87: =55636810/1000 -> 55636.81 | J87: =56514254/1000 -> 56514.254 | K87: =55872220/1000 -> 55872.22 | L87: =SUM(I87:K87) -> 168023.28 | M87: =73975764/1000 -> 73975.764 | N87: =70455687/1000 -> 70455.687 | O87: =78565551/1000 -> 78565.551 | P87: =SUM(M87:O87) -> 222997 | Q87: =66755870/1000 -> 66755.87 | R87: =70484650/1000 -> 70484.65 | S87: =76699080/1000 -> 76699.08 | T87: =SUM(Q87:S87) -> 213939.6
A88: 27 | B88: KABUPATEN TRENGGALEK | C88: Ton | D88: =SUM(H88,L88,P88,T88) -> 2.009 | E88: =220/1000 -> 0.22 | F88: =226/1000 -> 0.226 | G88: =232/1000 -> 0.232 | H88: =SUM(E88:G88) -> 0.678 | I88: =197/1000 -> 0.197 | J88: =180/1000 -> 0.18 | K88: =64/1000 -> 0.064 | L88: =SUM(I88:K88) -> 0.441 | M88: =72/1000 -> 0.072 | N88: =325/1000 -> 0.325 | O88: =308/1000 -> 0.308 | P88: =SUM(M88:O88) -> 0.705 | Q88: =68/1000 -> 0.068 | R88: =55/1000 -> 0.055 | S88: =62/1000 -> 0.062 | T88: =SUM(Q88:S88) -> 0.185
A89: 28 | B89: KABUPATEN TUBAN | C89: Ton | D89: =SUM(H89,L89,P89,T89) -> 2.6 | E89: 0 | F89: =280/1000 -> 0.28 | G89: 0 | H89: =SUM(E89:G89) -> 0.28 | I89: 0 | J89: =500/1000 -> 0.5 | K89: 0 | L89: =SUM(I89:K89) -> 0.5 | M89: 0 | N89: 0 | O89: =570/1000 -> 0.57 | P89: =SUM(M89:O89) -> 0.57 | Q89: 0 | R89: =600/1000 -> 0.6 | S89: =650/1000 -> 0.65 | T89: =SUM(Q89:S89) -> 1.25
A90: 29 | B90: KABUPATEN TULUNGAGUNG | C90: Ton | D90: =SUM(H90,L90,P90,T90) -> 0 | E90: 0 | F90: 0 | G90: 0 | H90: =SUM(E90:G90) -> 0 | I90: 0 | J90: 0 | K90: 0 | L90: =SUM(I90:K90) -> 0 | M90: 0 | N90: 0 | O90: 0 | P90: =SUM(M90:O90) -> 0 | Q90: 0 | R90: 0 | S90: 0 | T90: =SUM(Q90:S90) -> 0
A91: 30 | B91: KOTA BATU | C91: Ton | D91: =SUM(H91,L91,P91,T91) -> 0 | E91: 0 | F91: 0 | G91: 0 | H91: =SUM(E91:G91) -> 0 | I91: 0 | J91: 0 | K91: 0 | L91: =SUM(I91:K91) -> 0 | M91: 0 | N91: 0 | O91: 0 | P91: =SUM(M91:O91) -> 0 | Q91: 0 | R91: 0 | S91: 0 | T91: =SUM(Q91:S91) -> 0
A92: 31 | B92: KOTA BLITAR | C92: Ton | D92: =SUM(H92,L92,P92,T92) -> 0 | E92: 0 | F92: 0 | G92: 0 | H92: =SUM(E92:G92) -> 0 | I92: 0 | J92: 0 | K92: 0 | L92: =SUM(I92:K92) -> 0 | M92: 0 | N92: 0 | O92: 0 | P92: =SUM(M92:O92) -> 0 | Q92: 0 | R92: 0 | S92: 0 | T92: =SUM(Q92:S92) -> 0
A93: 32 | B93: KOTA KEDIRI | C93: Ton | D93: =SUM(H93,L93,P93,T93) -> 0 | E93: 0 | F93: 0 | G93: 0 | H93: =SUM(E93:G93) -> 0 | I93: 0 | J93: 0 | K93: 0 | L93: =SUM(I93:K93) -> 0 | M93: 0 | N93: 0 | O93: 0 | P93: =SUM(M93:O93) -> 0 | Q93: 0 | R93: 0 | S93: 0 | T93: =SUM(Q93:S93) -> 0
A94: 33 | B94: KOTA MADIUN | C94: Ton | D94: =SUM(H94,L94,P94,T94) -> 0 | E94: 0 | F94: 0 | G94: 0 | H94: =SUM(E94:G94) -> 0 | I94: 0 | J94: 0 | K94: 0 | L94: =SUM(I94:K94) -> 0 | M94: 0 | N94: 0 | O94: 0 | P94: =SUM(M94:O94) -> 0 | Q94: 0 | R94: 0 | S94: 0 | T94: =SUM(Q94:S94) -> 0
A95: 34 | B95: KOTA MALANG | C95: Ton | D95: =SUM(H95,L95,P95,T95) -> 0 | E95: 0 | F95: 0 | G95: 0 | H95: =SUM(E95:G95) -> 0 | I95: 0 | J95: 0 | K95: 0 | L95: =SUM(I95:K95) -> 0 | M95: 0 | N95: 0 | O95: 0 | P95: =SUM(M95:O95) -> 0 | Q95: 0 | R95: 0 | S95: 0 | T95: =SUM(Q95:S95) -> 0
A96: 35 | B96: KOTA MOJOKERTO | C96: Ton | D96: =SUM(H96,L96,P96,T96) -> 0 | E96: 0 | F96: 0 | G96: 0 | H96: =SUM(E96:G96) -> 0 | I96: 0 | J96: 0 | K96: 0 | L96: =SUM(I96:K96) -> 0 | M96: 0 | N96: 0 | O96: 0 | P96: =SUM(M96:O96) -> 0 | Q96: 0 | R96: 0 | S96: 0 | T96: =SUM(Q96:S96) -> 0
A97: 36 | B97: KOTA PASURUAN | C97: Ton | D97: =SUM(H97,L97,P97,T97) -> 0 | E97: 0 | F97: 0 | G97: 0 | H97: =SUM(E97:G97) -> 0 | I97: 0 | J97: 0 | K97: 0 | L97: =SUM(I97:K97) -> 0 | M97: 0 | N97: 0 | O97: 0 | P97: =SUM(M97:O97) -> 0 | Q97: 0 | R97: 0 | S97: 0 | T97: =SUM(Q97:S97) -> 0
A98: 37 | B98: KOTA PROBOLINGGO | C98: Ton | D98: =SUM(H98,L98,P98,T98) -> 0 | E98: 0 | F98: 0 | G98: 0 | H98: =SUM(E98:G98) -> 0 | I98: 0 | J98: 0 | K98: 0 | L98: =SUM(I98:K98) -> 0 | M98: 0 | N98: 0 | O98: 0 | P98: =SUM(M98:O98) -> 0 | Q98: 0 | R98: 0 | S98: 0 | T98: =SUM(Q98:S98) -> 0
A99: 38 | B99: KOTA SURABAYA | C99: Ton | D99: =SUM(H99,L99,P99,T99) -> 0 | E99: 0 | F99: 0 | G99: 0 | H99: =SUM(E99:G99) -> 0 | I99: 0 | J99: 0 | K99: 0 | L99: =SUM(I99:K99) -> 0 | M99: 0 | N99: 0 | O99: 0 | P99: =SUM(M99:O99) -> 0 | Q99: 0 | R99: 0 | S99: 0 | T99: =SUM(Q99:S99) -> 0
A102: PRODUKSI BUDIDAYA TAMBAK JAWA TIMUR
A103: No. | B103: U r a i a n | C103: Satuan | D103: Jumlah | E103: Januari | F103: Februari | G103: Maret | H103: TW I | I103: April | J103: Mei | K103: Juni | L103: TW II | M103: Juli | N103: Agustus | O103: September | P103: TW III | Q103: Oktober | R103: November | S103: Desember | T103: TW IV
B105: JUMLAH | C105: Ton | D105: =SUM(D106:D143) -> 282359.63 | E105: =SUM(E106:E143) -> 22313.374 | F105: =SUM(F106:F143) -> 23749.563 | G105: =SUM(G106:G143) -> 25210.445 | H105: =SUM(E105:G105) -> 71273.383 | I105: =SUM(I106:I143) -> 23327.005 | J105: =SUM(J106:J143) -> 21858.863 | K105: =SUM(K106:K143) -> 22177.34 | L105: =SUM(I105:K105) -> 67363.208 | M105: =SUM(M106:M143) -> 22574.998 | N105: =SUM(N106:N143) -> 25552.928 | O105: =SUM(O106:O143) -> 26363.971 | P105: =SUM(M105:O105) -> 74491.898 | Q105: =SUM(Q106:Q143) -> 22767.893 | R105: =SUM(R106:R143) -> 21933.068 | S105: =SUM(S106:S143) -> 24530.182 | T105: =SUM(Q105:S105) -> 69231.143
A106: 1 | B106: KABUPATEN BANGKALAN | C106: Ton | D106: =SUM(H106,L106,P106,T106) -> 14223.257 | E106: =1499605/1000 -> 1499.605 | F106: =1519847/1000 -> 1519.847 | G106: =1596050/1000 -> 1596.05 | H106: =SUM(E106:G106) -> 4615.502 | I106: =685250/1000 -> 685.25 | J106: =620085/1000 -> 620.085 | K106: =590600/1000 -> 590.6 | L106: =SUM(I106:K106) -> 1895.935 | M106: =553320/1000 -> 553.32 | N106: =548500/1000 -> 548.5 | O106: =515900/1000 -> 515.9 | P106: =SUM(M106:O106) -> 1617.72 | Q106: =1337700/1000 -> 1337.7 | R106: =1870400/1000 -> 1870.4 | S106: =2886000/1000 -> 2886 | T106: =SUM(Q106:S106) -> 6094.1
A107: =A106+1 -> 2 | B107: KABUPATEN BANYUWANGI | C107: Ton | D107: =SUM(H107,L107,P107,T107) -> 20072.39 | E107: =1543690/1000 -> 1543.69 | F107: =1593845/1000 -> 1593.845 | G107: =1608090/1000 -> 1608.09 | H107: =SUM(E107:G107) -> 4745.625 | I107: =1686755/1000 -> 1686.755 | J107: =1723220/1000 -> 1723.22 | K107: =1736715/1000 -> 1736.715 | L107: =SUM(I107:K107) -> 5146.69 | M107: =1671820/1000 -> 1671.82 | N107: =1677680/1000 -> 1677.68 | O107: =1691140/1000 -> 1691.14 | P107: =SUM(M107:O107) -> 5040.64 | Q107: =1666265/1000 -> 1666.265 | R107: =1755495/1000 -> 1755.495 | S107: =1717675/1000 -> 1717.675 | T107: =SUM(Q107:S107) -> 5139.435
A108: =A107+1 -> 3 | B108: KABUPATEN BLITAR | C108: Ton | D108: =SUM(H108,L108,P108,T108) -> 436.1 | E108: =34100/1000 -> 34.1 | F108: =35200/1000 -> 35.2 | G108: =35700/1000 -> 35.7 | H108: =SUM(E108:G108) -> 105 | I108: =36200/1000 -> 36.2 | J108: =36700/1000 -> 36.7 | K108: =36100/1000 -> 36.1 | L108: =SUM(I108:K108) -> 109 | M108: =37900/1000 -> 37.9 | N108: =37200/1000 -> 37.2 | O108: =37700/1000 -> 37.7 | P108: =SUM(M108:O108) -> 112.8 | Q108: =36400/1000 -> 36.4 | R108: =36300/1000 -> 36.3 | S108: =36600/1000 -> 36.6 | T108: =SUM(Q108:S108) -> 109.3
A109: =A108+1 -> 4 | B109: KABUPATEN BOJONEGORO | C109: Ton | D109: =SUM(H109,L109,P109,T109) -> 0 | E109: 0 | F109: 0 | G109: 0 | H109: =SUM(E109:G109) -> 0 | I109: 0 | J109: 0 | K109: 0 | L109: =SUM(I109:K109) -> 0 | M109: 0 | N109: 0 | O109: 0 | P109: =SUM(M109:O109) -> 0 | Q109: 0 | R109: 0 | S109: 0 | T109: =SUM(Q109:S109) -> 0
A110: =A109+1 -> 5 | B110: KABUPATEN BONDOWOSO | C110: Ton | D110: =SUM(H110,L110,P110,T110) -> 0 | E110: 0 | F110: 0 | G110: 0 | H110: =SUM(E110:G110) -> 0 | I110: 0 | J110: 0 | K110: 0 | L110: =SUM(I110:K110) -> 0 | M110: 0 | N110: 0 | O110: 0 | P110: =SUM(M110:O110) -> 0 | Q110: 0 | R110: 0 | S110: 0 | T110: =SUM(Q110:S110) -> 0
A111: =A110+1 -> 6 | B111: KABUPATEN GRESIK | C111: Ton | D111: =SUM(H111,L111,P111,T111) -> 82445.961 | E111: =7132948.75623123/1000 -> 7132.9488 | F111: =7147479.59/1000 -> 7147.4796 | G111: =8335551/1000 -> 8335.551 | H111: =SUM(E111:G111) -> 22615.979 | I111: =7335629.67/1000 -> 7335.6297 | J111: =6853241.24/1000 -> 6853.2412 | K111: =6698547.86710895/1000 -> 6698.5479 | L111: =SUM(I111:K111) -> 20887.419 | M111: =6480550.34279819/1000 -> 6480.5503 | N111: =6410932/1000 -> 6410.932 | O111: =7149253/1000 -> 7149.253 | P111: =SUM(M111:O111) -> 20040.735 | Q111: =6567503.80503077/1000 -> 6567.5038 | R111: =6075891.92424915/1000 -> 6075.8919 | S111: =6258431.55594193/1000 -> 6258.4316 | T111: =SUM(Q111:S111) -> 18901.827
A112: =A111+1 -> 7 | B112: KABUPATEN JEMBER | C112: Ton | D112: =SUM(H112,L112,P112,T112) -> 3938.0679 | E112: =120610/1000 -> 120.61 | F112: =128180.000495817/1000 -> 128.18 | G112: =119765.000495888/1000 -> 119.765 | H112: =SUM(E112:G112) -> 368.555 | I112: =280758.000470562/1000 -> 280.758 | J112: =326773.9957545/1000 -> 326.774 | K112: =292310.99961557/1000 -> 292.311 | L112: =SUM(I112:K112) -> 899.843 | M112: =450459.999653703/1000 -> 450.46 | N112: =455424.965611266/1000 -> 455.42497 | O112: =455424.971384529/1000 -> 455.42497 | P112: =SUM(M112:O112) -> 1361.3099 | Q112: =422800.000001712/1000 -> 422.8 | R112: =427304.999812152/1000 -> 427.305 | S112: =458254.999560958/1000 -> 458.255 | T112: =SUM(Q112:S112) -> 1308.36
A113: =A112+1 -> 8 | B113: KABUPATEN JOMBANG | C113: Ton | D113: =SUM(H113,L113,P113,T113) -> 0 | E113: 0 | F113: 0 | G113: 0 | H113: =SUM(E113:G113) -> 0 | I113: 0 | J113: 0 | K113: 0 | L113: =SUM(I113:K113) -> 0 | M113: 0 | N113: 0 | O113: 0 | P113: =SUM(M113:O113) -> 0 | Q113: 0 | R113: 0 | S113: 0 | T113: =SUM(Q113:S113) -> 0
A114: =A113+1 -> 9 | B114: KABUPATEN KEDIRI | C114: Ton | D114: =SUM(H114,L114,P114,T114) -> 0 | E114: 0 | F114: 0 | G114: 0 | H114: =SUM(E114:G114) -> 0 | I114: 0 | J114: 0 | K114: 0 | L114: =SUM(I114:K114) -> 0 | M114: 0 | N114: 0 | O114: 0 | P114: =SUM(M114:O114) -> 0 | Q114: 0 | R114: 0 | S114: 0 | T114: =SUM(Q114:S114) -> 0
A115: =A114+1 -> 10 | B115: KABUPATEN LAMONGAN | C115: Ton | D115: =SUM(H115,L115,P115,T115) -> 4881.277 | E115: =437042/1000 -> 437.042 | F115: =499479/1000 -> 499.479 | G115: =312174/1000 -> 312.174 | H115: =SUM(E115:G115) -> 1248.695 | I115: =559417/1000 -> 559.417 | J115: =543432/1000 -> 543.432 | K115: =495482/1000 -> 495.482 | L115: =SUM(I115:K115) -> 1598.331 | M115: =331642/1000 -> 331.642 | N115: =316965/1000 -> 316.965 | O115: =315373/1000 -> 315.373 | P115: =SUM(M115:O115) -> 963.98 | Q115: =366414/1000 -> 366.414 | R115: =341275/1000 -> 341.275 | S115: =362582/1000 -> 362.582 | T115: =SUM(Q115:S115) -> 1070.271
A116: =A115+1 -> 11 | B116: KABUPATEN LUMAJANG | C116: Ton | D116: =SUM(H116,L116,P116,T116) -> 1490 | E116: =125000/1000 -> 125 | F116: =120000/1000 -> 120 | G116: =140000/1000 -> 140 | H116: =SUM(E116:G116) -> 385 | I116: =120000/1000 -> 120 | J116: =127000/1000 -> 127 | K116: =123000/1000 -> 123 | L116: =SUM(I116:K116) -> 370 | M116: =117000/1000 -> 117 | N116: =125000/1000 -> 125 | O116: =118000/1000 -> 118 | P116: =SUM(M116:O116) -> 360 | Q116: =120000/1000 -> 120 | R116: =115000/1000 -> 115 | S116: =140000/1000 -> 140 | T116: =SUM(Q116:S116) -> 375
A117: =A116+1 -> 12 | B117: KABUPATEN MADIUN | C117: Ton | D117: =SUM(H117,L117,P117,T117) -> 0 | E117: 0 | F117: 0 | G117: 0 | H117: =SUM(E117:G117) -> 0 | I117: 0 | J117: 0 | K117: 0 | L117: =SUM(I117:K117) -> 0 | M117: 0 | N117: 0 | O117: 0 | P117: =SUM(M117:O117) -> 0 | Q117: 0 | R117: 0 | S117: 0 | T117: =SUM(Q117:S117) -> 0
A118: =A117+1 -> 13 | B118: KABUPATEN MAGETAN | C118: Ton | D118: =SUM(H118,L118,P118,T118) -> 0 | E118: 0 | F118: 0 | G118: 0 | H118: =SUM(E118:G118) -> 0 | I118: 0 | J118: 0 | K118: 0 | L118: =SUM(I118:K118) -> 0 | M118: 0 | N118: 0 | O118: 0 | P118: =SUM(M118:O118) -> 0 | Q118: 0 | R118: 0 | S118: 0 | T118: =SUM(Q118:S118) -> 0
A119: =A118+1 -> 14 | B119: KABUPATEN MALANG | C119: Ton | D119: =SUM(H119,L119,P119,T119) -> 1640 | E119: =120000/1000 -> 120 | F119: =105000/1000 -> 105 | G119: =85000/1000 -> 85 | H119: =SUM(E119:G119) -> 310 | I119: =250000/1000 -> 250 | J119: =75000/1000 -> 75 | K119: =110000/1000 -> 110 | L119: =SUM(I119:K119) -> 435 | M119: =85000/1000 -> 85 | N119: =235000/1000 -> 235 | O119: =105000/1000 -> 105 | P119: =SUM(M119:O119) -> 425 | Q119: =90000/1000 -> 90 | R119: =180000/1000 -> 180 | S119: =200000/1000 -> 200 | T119: =SUM(Q119:S119) -> 470
A120: =A119+1 -> 15 | B120: KABUPATEN MOJOKERTO | C120: Ton | D120: =SUM(H120,L120,P120,T120) -> 0 | E120: 0 | F120: 0 | G120: 0 | H120: =SUM(E120:G120) -> 0 | I120: 0 | J120: 0 | K120: 0 | L120: =SUM(I120:K120) -> 0 | M120: 0 | N120: 0 | O120: 0 | P120: =SUM(M120:O120) -> 0 | Q120: 0 | R120: 0 | S120: 0 | T120: =SUM(Q120:S120) -> 0
A121: =A120+1 -> 16 | B121: KABUPATEN NGANJUK | C121: Ton | D121: =SUM(H121,L121,P121,T121) -> 0 | E121: 0 | F121: 0 | G121: 0 | H121: =SUM(E121:G121) -> 0 | I121: 0 | J121: 0 | K121: 0 | L121: =SUM(I121:K121) -> 0 | M121: 0 | N121: 0 | O121: 0 | P121: =SUM(M121:O121) -> 0 | Q121: 0 | R121: 0 | S121: 0 | T121: =SUM(Q121:S121) -> 0
A122: =A121+1 -> 17 | B122: KABUPATEN NGAWI | C122: Ton | D122: =SUM(H122,L122,P122,T122) -> 0 | E122: 0 | F122: 0 | G122: 0 | H122: =SUM(E122:G122) -> 0 | I122: 0 | J122: 0 | K122: 0 | L122: =SUM(I122:K122) -> 0 | M122: 0 | N122: 0 | O122: 0 | P122: =SUM(M122:O122) -> 0 | Q122: 0 | R122: 0 | S122: 0 | T122: =SUM(Q122:S122) -> 0
A123: =A122+1 -> 18 | B123: KABUPATEN PACITAN | C123: Ton | D123: =SUM(H123,L123,P123,T123) -> 1732.575 | E123: =94548/1000 -> 94.548 | F123: =150403/1000 -> 150.403 | G123: =140570/1000 -> 140.57 | H123: =SUM(E123:G123) -> 385.521 | I123: =130470/1000 -> 130.47 | J123: =110765/1000 -> 110.765 | K123: =113354/1000 -> 113.354 | L123: =SUM(I123:K123) -> 354.589 | M123: =141041/1000 -> 141.041 | N123: =120830/1000 -> 120.83 | O123: =234950/1000 -> 234.95 | P123: =SUM(M123:O123) -> 496.821 | Q123: =169012/1000 -> 169.012 | R123: =173447/1000 -> 173.447 | S123: =153185/1000 -> 153.185 | T123: =SUM(Q123:S123) -> 495.644
...

Sheet TANGKAP
A1: PRODUKSI PERIKANAN TANGKAP JAWA TIMUR
B3: JENIS USAHA | C3: SATUAN | D3: JUMLAH | E3: TRIWULAN 2025
E4: Januari | F4: Februari | G4: Maret | H4: TW I | I4: April | J4: Mei | K4: Juni | L4: TW II | M4: Juli | N4: Agustus | O4: September | P4: TW III | Q4: Oktober | R4: November | S4: Desember | T4: TW IV
C5: TON | D5: =SUM(D6:D8) -> 607343.91 | E5: =SUM(E6:E8) -> 44320.111 | F5: =SUM(F6:F8) -> 37536.034 | G5: =SUM(G6:G8) -> 41768.325 | H5: =SUM(E5:G5) -> 123624.47 | I5: =SUM(I6:I8) -> 47007.973 | J5: =SUM(J6:J8) -> 52953.863 | K5: =SUM(K6:K8) -> 50700.556 | L5: =SUM(I5:K5) -> 150662.39 | M5: =SUM(M6:M8) -> 61473.013 | N5: =SUM(N6:N8) -> 57456.03 | O5: =SUM(O6:O8) -> 63027.588 | P5: =SUM(M5:O5) -> 181956.63 | Q5: =SUM(Q6:Q8) -> 56439.269 | R5: =SUM(R6:R8) -> 50806.882 | S5: =SUM(S6:S8) -> 43854.262 | T5: =SUM(Q5:S5) -> 151100.41
B6: Laut / Non Pelabuhan | C6: Ton | D6: =SUM(H6,L6,P6,T6) -> 391334.21 | E6: =E58 -> 29152.746 | F6: =F58 -> 26940.293 | G6: =G58 -> 26650.341 | H6: =SUM(E6:G6) -> 82743.38 | I6: =I58 -> 32706.072 | J6: =J58 -> 35177.115 | K6: =K58 -> 34135.075 | L6: =SUM(I6:K6) -> 102018.26 | M6: =M58 -> 36065.859 | N6: =N58 -> 36701.989 | O6: =O58 -> 40121.112 | P6: =SUM(M6:O6) -> 112888.96 | Q6: =Q58 -> 35223.213 | R6: =R58 -> 31009.544 | S6: =S58 -> 27450.849 | T6: =SUM(Q6:S6) -> 93683.606
B7: Pelabuhan | C7: Ton | D7: =SUM(H7,L7,P7,T7) -> 202034.43 | E7: =E102 -> 14042.054 | F7: =F102 -> 9371.009 | G7: =G102 -> 13805.294 | H7: =SUM(E7:G7) -> 37218.357 | I7: =I102 -> 13032.606 | J7: =J102 -> 16472.47 | K7: =K102 -> 15372.703 | L7: =SUM(I7:K7) -> 44877.779 | M7: =M102 -> 24345.19 | N7: =N102 -> 19641.811 | O7: =O102 -> 21784.06 | P7: =SUM(M7:O7) -> 65771.061 | Q7: =Q102 -> 20107.096 | R7: =R102 -> 18712.018 | S7: =S102 -> 15348.116 | T7: =SUM(Q7:S7) -> 54167.23
B8: PUD | C8: Ton | D8: =SUM(H8,L8,P8,T8) -> 13975.271 | E8: =E146 -> 1125.311 | F8: =F146 -> 1224.732 | G8: =G146 -> 1312.69 | H8: =H146 -> 3662.733 | I8: =I146 -> 1269.295 | J8: =J146 -> 1304.278 | K8: =K146 -> 1192.778 | L8: =SUM(I8:K8) -> 3766.351 | M8: =M146 -> 1061.964 | N8: =N146 -> 1112.23 | O8: =O146 -> 1122.416 | P8: =SUM(M8:O8) -> 3296.61 | Q8: =Q146 -> 1108.96 | R8: =R146 -> 1085.32 | S8: =S146 -> 1055.297 | T8: =SUM(Q8:S8) -> 3249.577
A11: PRODUKSI TANGKAP JAWA TIMUR MENURUT KABUPATEN/KOTA
A12: No. | B12: U r a i a n | C12: Satuan | D12: Jumlah | E12: Januari | F12: Februari | G12: Maret | H12: TW I | I12: April | J12: Mei | K12: Juni | L12: TW II | M12: Juli | N12: Agustus | O12: September | P12: TW III | Q12: Oktober | R12: November | S12: Desember | T12: TW IV
B14: JUMLAH | C14: Ton | D14: =SUM(D15:D52) -> 607343.91 | E14: =SUM(E15:E52) -> 44320.111 | F14: =SUM(F15:F52) -> 37536.034 | G14: =SUM(G15:G52) -> 41768.325 | H14: =SUM(E14:G14) -> 123624.47 | I14: =SUM(I15:I52) -> 47007.973 | J14: =SUM(J15:J52) -> 52953.863 | K14: =SUM(K15:K52) -> 50700.556 | L14: =SUM(I14:K14) -> 150662.39 | M14: =SUM(M15:M52) -> 61473.013 | N14: =SUM(N15:N52) -> 57456.03 | O14: =SUM(O15:O52) -> 63027.588 | P14: =SUM(M14:O14) -> 181956.63 | Q14: =SUM(Q15:Q52) -> 56439.269 | R14: =SUM(R15:R52) -> 50806.882 | S14: =SUM(S15:S52) -> 43854.262 | T14: =SUM(Q14:S14) -> 151100.41
A15: 1 | B15: Pacitan | C15: Ton | D15: =SUM(H15,L15,P15,T15) -> 14658.785 | E15: =SUM(E59,E103,E147) -> 468.367 | F15: =SUM(F59,F103,F147) -> 478.546 | G15: =SUM(G59,G103,G147) -> 696.582 | H15: =SUM(E15:G15) -> 1643.495 | I15: =SUM(I59,I103,I147) -> 1041.71 | J15: =SUM(J59,J103,J147) -> 1461.211 | K15: =SUM(K59,K103,K147) -> 1720.228 | L15: =SUM(I15:K15) -> 4223.149 | M15: =SUM(M59,M103,M147) -> 1773.756 | N15: =SUM(N59,N103,N147) -> 2503.661 | O15: =SUM(O59,O103,O147) -> 1813.694 | P15: =SUM(M15:O15) -> 6091.111 | Q15: =SUM(Q59,Q103,Q147) -> 1188.943 | R15: =SUM(R59,R103,R147) -> 736.394 | S15: =SUM(S59,S103,S147) -> 775.693 | T15: =SUM(Q15:S15) -> 2701.03
A16: =A15+1 -> 2 | B16: Ponorogo | C16: Ton | D16: =SUM(H16,L16,P16,T16) -> 11963.11 | E16: =SUM(E60,E104,E148) -> 252.72 | F16: =SUM(F60,F104,F148) -> 100.49 | G16: =SUM(G60,G104,G148) -> 600.21 | H16: =SUM(E16:G16) -> 953.42 | I16: =SUM(I60,I104,I148) -> 1404.96 | J16: =SUM(J60,J104,J148) -> 701.47 | K16: =SUM(K60,K104,K148) -> 377.96 | L16: =SUM(I16:K16) -> 2484.39 | M16: =SUM(M60,M104,M148) -> 4040.57 | N16: =SUM(N60,N104,N148) -> 1162.73 | O16: =SUM(O60,O104,O148) -> 2008.71 | P16: =SUM(M16:O16) -> 7212.01 | Q16: =SUM(Q60,Q104,Q148) -> 981.62 | R16: =SUM(R60,R104,R148) -> 208.48 | S16: =SUM(S60,S104,S148) -> 123.19 | T16: =SUM(Q16:S16) -> 1313.29
A17: =A16+1 -> 3 | B17: Trenggalek | C17: Ton | D17: =SUM(H17,L17,P17,T17) -> 7422.044 | E17: =SUM(E61,E105,E149) -> 348.495 | F17: =SUM(F61,F105,F149) -> 248.093 | G17: =SUM(G61,G105,G149) -> 363.859 | H17: =SUM(E17:G17) -> 960.447 | I17: =SUM(I61,I105,I149) -> 431.182 | J17: =SUM(J61,J105,J149) -> 561.982 | K17: =SUM(K61,K105,K149) -> 537.937 | L17: =SUM(I17:K17) -> 1531.101 | M17: =SUM(M61,M105,M149) -> 1232.282 | N17: =SUM(N61,N105,N149) -> 936.304 | O17: =SUM(O61,O105,O149) -> 1012.475 | P17: =SUM(M17:O17) -> 3181.061 | Q17: =SUM(Q61,Q105,Q149) -> 866.003 | R17: =SUM(R61,R105,R149) -> 439.794 | S17: =SUM(S61,S105,S149) -> 443.638 | T17: =SUM(Q17:S17) -> 1749.435
A18: =A17+1 -> 4 | B18: Tulungagung | C18: Ton | D18: =SUM(H18,L18,P18,T18) -> 13924.347 | E18: =SUM(E62,E106,E150) -> 1491.186 | F18: =SUM(F62,F106,F150) -> 1081.316 | G18: =SUM(G62,G106,G150) -> 810.22 | H18: =SUM(E18:G18) -> 3382.722 | I18: =SUM(I62,I106,I150) -> 853.52 | J18: =SUM(J62,J106,J150) -> 1302.516 | K18: =SUM(K62,K106,K150) -> 1144.49 | L18: =SUM(I18:K18) -> 3300.526 | M18: =SUM(M62,M106,M150) -> 1323.874 | N18: =SUM(N62,N106,N150) -> 1478.214 | O18: =SUM(O62,O106,O150) -> 1154.757 | P18: =SUM(M18:O18) -> 3956.845 | Q18: =SUM(Q62,Q106,Q150) -> 1497.153 | R18: =SUM(R62,R106,R150) -> 886.006 | S18: =SUM(S62,S106,S150) -> 901.095 | T18: =SUM(Q18:S18) -> 3284.254
A19: =A18+1 -> 5 | B19: Blitar | C19: Ton | D19: =SUM(H19,L19,P19,T19) -> 3828.242 | E19: =SUM(E63,E107,E151) -> 151.41 | F19: =SUM(F63,F107,F151) -> 159.956 | G19: =SUM(G63,G107,G151) -> 122.509 | H19: =SUM(E19:G19) -> 433.875 | I19: =SUM(I63,I107,I151) -> 264.775 | J19: =SUM(J63,J107,J151) -> 176.052 | K19: =SUM(K63,K107,K151) -> 208.29 | L19: =SUM(I19:K19) -> 649.117 | M19: =SUM(M63,M107,M151) -> 541.34 | N19: =SUM(N63,N107,N151) -> 497.01 | O19: =SUM(O63,O107,O151) -> 419.95 | P19: =SUM(M19:O19) -> 1458.3 | Q19: =SUM(Q63,Q107,Q151) -> 444.4 | R19: =SUM(R63,R107,R151) -> 460.75 | S19: =SUM(S63,S107,S151) -> 381.8 | T19: =SUM(Q19:S19) -> 1286.95
A20: =A19+1 -> 6 | B20: Kediri | C20: Ton | D20: =SUM(H20,L20,P20,T20) -> 17331.797 | E20: =SUM(E64,E108,E152) -> 50.207 | F20: =SUM(F64,F108,F152) -> 769.076 | G20: =SUM(G64,G108,G152) -> 1581.142 | H20: =SUM(E20:G20) -> 2400.425 | I20: =SUM(I64,I108,I152) -> 1539.294 | J20: =SUM(J64,J108,J152) -> 1956.511 | K20: =SUM(K64,K108,K152) -> 2481.357 | L20: =SUM(I20:K20) -> 5977.162 | M20: =SUM(M64,M108,M152) -> 2507.17 | N20: =SUM(N64,N108,N152) -> 1927.09 | O20: =SUM(O64,O108,O152) -> 1607.21 | P20: =SUM(M20:O20) -> 6041.47 | Q20: =SUM(Q64,Q108,Q152) -> 1206.95 | R20: =SUM(R64,R108,R152) -> 998.55 | S20: =SUM(S64,S108,S152) -> 707.24 | T20: =SUM(Q20:S20) -> 2912.74
A21: =A20+1 -> 7 | B21: Malang | C21: Ton | D21: =SUM(H21,L21,P21,T21) -> 15567.705 | E21: =SUM(E65,E109,E153) -> 1421.461 | F21: =SUM(F65,F109,F153) -> 900.702 | G21: =SUM(G65,G109,G153) -> 1668.587 | H21: =SUM(E21:G21) -> 3990.75 | I21: =SUM(I65,I109,I153) -> 1481.007 | J21: =SUM(J65,J109,J153) -> 1576.436 | K21: =SUM(K65,K109,K153) -> 1681.533 | L21: =SUM(I21:K21) -> 4738.976 | M21: =SUM(M65,M109,M153) -> 1885.309 | N21: =SUM(N65,N109,N153) -> 1677.105 | O21: =SUM(O65,O109,O153) -> 1104.569 | P21: =SUM(M21:O21) -> 4666.983 | Q21: =SUM(Q65,Q109,Q153) -> 821.934 | R21: =SUM(R65,R109,R153) -> 735.443 | S21: =SUM(S65,S109,S153) -> 613.619 | T21: =SUM(Q21:S21) -> 2170.996
A22: =A21+1 -> 8 | B22: Lumajang | C22: Ton | D22: =SUM(H22,L22,P22,T22) -> 11540.541 | E22: =SUM(E66,E110,E154) -> 585.771 | F22: =SUM(F66,F110,F154) -> 596.433 | G22: =SUM(G66,G110,G154) -> 720.124 | H22: =SUM(E22:G22) -> 1902.328 | I22: =SUM(I66,I110,I154) -> 410.513 | J22: =SUM(J66,J110,J154) -> 432.809 | K22: =SUM(K66,K110,K154) -> 1114.118 | L22: =SUM(I22:K22) -> 1957.44 | M22: =SUM(M66,M110,M154) -> 1594.442 | N22: =SUM(N66,N110,N154) -> 1508.22 | O22: =SUM(O66,O110,O154) -> 1453.879 | P22: =SUM(M22:O22) -> 4556.541 | Q22: =SUM(Q66,Q110,Q154) -> 1048.832 | R22: =SUM(R66,R110,R154) -> 1051.8 | S22: =SUM(S66,S110,S154) -> 1023.6 | T22: =SUM(Q22:S22) -> 3124.232
A23: =A22+1 -> 9 | B23: Jember | C23: Ton | D23: =SUM(H23,L23,P23,T23) -> 19172.523 | E23: =SUM(E67,E111,E155) -> 325.37 | F23: =SUM(F67,F111,F155) -> 284.2 | G23: =SUM(G67,G111,G155) -> 458.77 | H23: =SUM(E23:G23) -> 1068.34 | I23: =SUM(I67,I111,I155) -> 494.01 | J23: =SUM(J67,J111,J155) -> 714.85 | K23: =SUM(K67,K111,K155) -> 1292.34 | L23: =SUM(I23:K23) -> 2501.2 | M23: =SUM(M67,M111,M155) -> 1888.56 | N23: =SUM(N67,N111,N155) -> 2732.96 | O23: =SUM(O67,O111,O155) -> 3332.95 | P23: =SUM(M23:O23) -> 7954.47 | Q23: =SUM(Q67,Q111,Q155) -> 2897.1 | R23: =SUM(R67,R111,R155) -> 2712.11 | S23: =SUM(S67,S111,S155) -> 2039.303 | T23: =SUM(Q23:S23) -> 7648.513
A24: =A23+1 -> 10 | B24: Banyuwangi | C24: Ton | D24: =SUM(H24,L24,P24,T24) -> 72382.493 | E24: =SUM(E68,E112,E156) -> 6865.711 | F24: =SUM(F68,F112,F156) -> 4667.912 | G24: =SUM(G68,G112,G156) -> 3880.912 | H24: =SUM(E24:G24) -> 15414.535 | I24: =SUM(I68,I112,I156) -> 5304.814 | J24: =SUM(J68,J112,J156) -> 5875.212 | K24: =SUM(K68,K112,K156) -> 6421.617 | L24: =SUM(I24:K24) -> 17601.643 | M24: =SUM(M68,M112,M156) -> 6700.419 | N24: =SUM(N68,N112,N156) -> 4807.819 | O24: =SUM(O68,O112,O156) -> 5402.917 | P24: =SUM(M24:O24) -> 16911.155 | Q24: =SUM(Q68,Q112,Q156) -> 7671.96 | R24: =SUM(R68,R112,R156) -> 7920.1 | S24: =SUM(S68,S112,S156) -> 6863.1 | T24: =SUM(Q24:S24) -> 22455.16
A25: =A24+1 -> 11 | B25: Bondowoso | C25: Ton | D25: =SUM(H25,L25,P25,T25) -> 8117.96 | E25: =SUM(E69,E113,E157) -> 259.23 | F25: =SUM(F69,F113,F157) -> 281.65 | G25: =SUM(G69,G113,G157) -> 325.92 | H25: =SUM(E25:G25) -> 866.8 | I25: =SUM(I69,I113,I157) -> 441.45 | J25: =SUM(J69,J113,J157) -> 480.27 | K25: =SUM(K69,K113,K157) -> 735.88 | L25: =SUM(I25:K25) -> 1657.6 | M25: =SUM(M69,M113,M157) -> 912.97 | N25: =SUM(N69,N113,N157) -> 988.15 | O25: =SUM(O69,O113,O157) -> 951.55 | P25: =SUM(M25:O25) -> 2852.67 | Q25: =SUM(Q69,Q113,Q157) -> 957.82 | R25: =SUM(R69,R113,R157) -> 923.85 | S25: =SUM(S69,S113,S157) -> 859.22 | T25: =SUM(Q25:S25) -> 2740.89
A26: =A25+1 -> 12 | B26: Situbondo | C26: Ton | D26: =SUM(H26,L26,P26,T26) -> 75133.247 | E26: =SUM(E70,E114,E158) -> 6311.23 | F26: =SUM(F70,F114,F158) -> 5301.5 | G26: =SUM(G70,G114,G158) -> 6816.65 | H26: =SUM(E26:G26) -> 18429.38 | I26: =SUM(I70,I114,I158) -> 4941.2 | J26: =SUM(J70,J114,J158) -> 5908.8 | K26: =SUM(K70,K114,K158) -> 4392.7 | L26: =SUM(I26:K26) -> 15242.7 | M26: =SUM(M70,M114,M158) -> 5531.8 | N26: =SUM(N70,N114,N158) -> 6298.2 | O26: =SUM(O70,O114,O158) -> 6961.4 | P26: =SUM(M26:O26) -> 18791.4 | Q26: =SUM(Q70,Q114,Q158) -> 6896.7 | R26: =SUM(R70,R114,R158) -> 7748.6 | S26: =SUM(S70,S114,S158) -> 8024.467 | T26: =SUM(Q26:S26) -> 22669.767
A27: =A26+1 -> 13 | B27: Probolinggo | C27: Ton | D27: =SUM(H27,L27,P27,T27) -> 36601.17 | E27: =SUM(E71,E115,E159) -> 2375.87 | F27: =SUM(F71,F115,F159) -> 2500.14 | G27: =SUM(G71,G115,G159) -> 2817.39 | H27: =SUM(E27:G27) -> 7693.4 | I27: =SUM(I71,I115,I159) -> 4223.15 | J27: =SUM(J71,J115,J159) -> 4207.38 | K27: =SUM(K71,K115,K159) -> 3164.07 | L27: =SUM(I27:K27) -> 11594.6 | M27: =SUM(M71,M115,M159) -> 2840.06 | N27: =SUM(N71,N115,N159) -> 2447.91 | O27: =SUM(O71,O115,O159) -> 3140.8 | P27: =SUM(M27:O27) -> 8428.77 | Q27: =SUM(Q71,Q115,Q159) -> 3040.58 | R27: =SUM(R71,R115,R159) -> 2939.29 | S27: =SUM(S71,S115,S159) -> 2904.53 | T27: =SUM(Q27:S27) -> 8884.4
... A36: =A35+1 -> 22 | B36: Bojonegoro | C36: Ton | D36: =SUM(H36,L36,P36,T36) -> 7733.412 | E36: =SUM(E80,E124,E168) -> 241.877 | F36: =SUM(F80,F124,F168) -> 139.328 | G36: =SUM(G80,G124,G168) -> 199.127 | H36: =SUM(E36:G36) -> 580.332 | I36: =SUM(I80,I124,I168) -> 397.813 | J36: =SUM(J80,J124,J168) -> 253.675 | K36: =SUM(K80,K124,K168) -> 265.73 | L36: =SUM(I36:K36) -> 917.218 | M36: =SUM(M80,M124,M168) -> 1083.44 | N36: =SUM(N80,N124,N168) -> 1176.907 | O36: =SUM(O80,O124,O168) -> 1283.643 | P36: =SUM(M36:O36) -> 3543.99 | Q36: =SUM(Q80,Q124,Q168) -> 1149.125 | R36: =SUM(R80,R124,R168) -> 920.702 | S36: =SUM(S80,S124,S168) -> 622.045 | T36: =SUM(Q36:S36) -> 2691.872
A37: 23 | B37: Tuban | C37: Ton | D37: =SUM(H37,L37,P37,T37) -> 37758.3 | E37: =SUM(E81,E125,E169) -> 3254.7 | F37: =SUM(F81,F125,F169) -> 3475.3 | G37: =SUM(G81,G125,G169) -> 3339.8 | H37: =SUM(E37:G37) -> 10069.8 | I37: =SUM(I81,I125,I169) -> 3055.8 | J37: =SUM(J81,J125,J169) -> 3094.2 | K37: =SUM(K81,K125,K169) -> 2880.4 | L37: =SUM(I37:K37) -> 9030.4 | M37: =SUM(M81,M125,M169) -> 3023.3 | N37: =SUM(N81,N125,N169) -> 3172.1 | O37: =SUM(O81,O125,O169) -> 3302.9 | P37: =SUM(M37:O37) -> 9498.3 | Q37: =SUM(Q81,Q125,Q169) -> 3618.7 | R37: =SUM(R81,R125,R169) -> 3013.9 | S37: =SUM(S81,S125,S169) -> 2527.2 | T37: =SUM(Q37:S37) -> 9159.8
A38: 24 | B38: Lamongan | C38: Ton | D38: =SUM(H38,L38,P38,T38) -> 26006.57 | E38: =SUM(E82,E126,E170) -> 496.63 | F38: =SUM(F82,F126,F170) -> 883.76 | G38: =SUM(G82,G126,G170) -> 577.67 | H38: =SUM(E38:G38) -> 1958.06 | I38: =SUM(I82,I126,I170) -> 945.57 | J38: =SUM(J82,J126,J170) -> 1457.47 | K38: =SUM(K82,K126,K170) -> 2160.35 | L38: =SUM(I38:K38) -> 4563.39 | M38: =SUM(M82,M126,M170) -> 4127.47 | N38: =SUM(N82,N126,N170) -> 4257.57 | O38: =SUM(O82,O126,O170) -> 5706.15 | P38: =SUM(M38:O38) -> 14091.19 | Q38: =SUM(Q82,Q126,Q170) -> 3096.73 | R38: =SUM(R82,R126,R170) -> 1218.5 | S38: =SUM(S82,S126,S170) -> 1078.7 | T38: =SUM(Q38:S38) -> 5393.93
A39: 25 | B39: Gresik | C39: Ton | D39: =SUM(H39,L39,P39,T39) -> 10843 | E39: =SUM(E83,E127,E171) -> 540.4 | F39: =SUM(F83,F127,F171) -> 688.3 | G39: =SUM(G83,G127,G171) -> 930.2 | H39: =SUM(E39:G39) -> 2158.9 | I39: =SUM(I83,I127,I171) -> 905.4 | J39: =SUM(J83,J127,J171) -> 899 | K39: =SUM(K83,K127,K171) -> 650.9 | L39: =SUM(I39:K39) -> 2455.3 | M39: =SUM(M83,M127,M171) -> 681.6 | N39: =SUM(N83,N127,N171) -> 1012.1 | O39: =SUM(O83,O127,O171) -> 1370 | P39: =SUM(M39:O39) -> 3063.7 | Q39: =SUM(Q83,Q127,Q171) -> 1150.7 | R39: =SUM(R83,R127,R171) -> 1050.1 | S39: =SUM(S83,S127,S171) -> 964.3 | T39: =SUM(Q39:S39) -> 3165.1
A40: 26 | B40: Bangkalan | C40: Ton | D40: =SUM(H40,L40,P40,T40) -> 25778.3 | E40: =SUM(E84,E128,E172) -> 1039.4 | F40: =SUM(F84,F128,F172) -> 1178.6 | G40: =SUM(G84,G128,G172) -> 1021.4 | H40: =SUM(E40:G40) -> 3239.4 | I40: =SUM(I84,I128,I172) -> 1673 | J40: =SUM(J84,J128,J172) -> 2853.2 | K40: =SUM(K84,K128,K172) -> 3086.9 | L40: =SUM(I40:K40) -> 7613.1 | M40: =SUM(M84,M128,M172) -> 3321.5 | N40: =SUM(N84,N128,N172) -> 3616.3 | O40: =SUM(O84,O128,O172) -> 3009.9 | P40: =SUM(M40:O40) -> 9947.7 | Q40: =SUM(Q84,Q128,Q172) -> 2077.3 | R40: =SUM(R84,R128,R172) -> 1583.9 | S40: =SUM(S84,S128,S172) -> 1316.9 | T40: =SUM(Q40:S40) -> 4978.1
A41: 27 | B41: Sampang | C41: Ton | D41: =SUM(H41,L41,P41,T41) -> 16805.3 | E41: =SUM(E85,E129,E173) -> 1063 | F41: =SUM(F85,F129,F173) -> 1152.2 | G41: =SUM(G85,G129,G173) -> 1193.4 | H41: =SUM(E41:G41) -> 3408.6 | I41: =SUM(I85,I129,I173) -> 1474.4 | J41: =SUM(J85,J129,J173) -> 1627 | K41: =SUM(K85,K129,K173) -> 1747.4 | L41: =SUM(I41:K41) -> 4848.8 | M41: =SUM(M85,M129,M173) -> 1679.2 | N41: =SUM(N85,N129,N173) -> 1603.3 | O41: =SUM(O85,O129,O173) -> 1495.3 | P41: =SUM(M41:O41) -> 4777.8 | Q41: =SUM(Q85,Q129,Q173) -> 1316.2 | R41: =SUM(R85,R129,R173) -> 1256.2 | S41: =SUM(S85,S129,S173) -> 1197.7 | T41: =SUM(Q41:S41) -> 3770.1
A42: 28 | B42: Pamekasan | C42: Ton | D42: =SUM(H42,L42,P42,T42) -> 18004.6 | E42: =SUM(E86,E130,E174) -> 1013.1 | F42: =SUM(F86,F130,F174) -> 1284.5 | G42: =SUM(G86,G130,G174) -> 1246.3 | H42: =SUM(E42:G42) -> 3543.9 | I42: =SUM(I86,I130,I174) -> 1517.5 | J42: =SUM(J86,J130,J174) -> 1624.6 | K42: =SUM(K86,K130,K174) -> 1870.3 | L42: =SUM(I42:K42) -> 5012.4 | M42: =SUM(M86,M130,M174) -> 1507.3 | N42: =SUM(N86,N130,N174) -> 1523 | O42: =SUM(O86,O130,O174) -> 1555.8 | P42: =SUM(M42:O42) -> 4586.1 | Q42: =SUM(Q86,Q130,Q174) -> 1599.1 | R42: =SUM(R86,R130,R174) -> 1663.1 | S42: =SUM(S86,S130,S174) -> 1600 | T42: =SUM(Q42:S42) -> 4862.2
A43: 29 | B43: Sumenep | C43: Ton | D43: =SUM(H43,L43,P43,T43) -> 40137.189 | E43: =SUM(E87,E131,E175) -> 4660.5 | F43: =SUM(F87,F131,F175) -> 4330.7 | G43: =SUM(G87,G131,G175) -> 3744.3 | H43: =SUM(E43:G43) -> 12735.5 | I43: =SUM(I87,I131,I175) -> 2523.4 | J43: =SUM(J87,J131,J175) -> 5143.5 | K43: =SUM(K87,K131,K175) -> 3843.58 | L43: =SUM(I43:K43) -> 11510.48 | M43: =SUM(M87,M131,M175) -> 2492.4 | N43: =SUM(N87,N131,N175) -> 2800.6 | O43: =SUM(O87,O131,O175) -> 4101.7 | P43: =SUM(M43:O43) -> 9394.7 | Q43: =SUM(Q87,Q131,Q175) -> 2490.609 | R43: =SUM(R87,R131,R175) -> 2293.9 | S43: =SUM(S87,S131,S175) -> 1712 | T43: =SUM(Q43:S43) -> 6496.509
A44: 30 | B44: Kota Kediri | C44: Ton | D44: =SUM(H44,L44,P44,T44) -> 33.2 | E44: =SUM(E88,E132,E176) -> 2.7 | F44: =SUM(F88,F132,F176) -> 2.8 | G44: =SUM(G88,G132,G176) -> 2.8 | H44: =SUM(E44:G44) -> 8.3 | I44: =SUM(I88,I132,I176) -> 3.3 | J44: =SUM(J88,J132,J176) -> 3.1 | K44: =SUM(K88,K132,K176) -> 2.6 | L44: =SUM(I44:K44) -> 9 | M44: =SUM(M88,M132,M176) -> 2.7 | N44: =SUM(N88,N132,N176) -> 2.6 | O44: =SUM(O88,O132,O176) -> 2.6 | P44: =SUM(M44:O44) -> 7.9 | Q44: =SUM(Q88,Q132,Q176) -> 2.5 | R44: =SUM(R88,R132,R176) -> 2.7 | S44: =SUM(S88,S132,S176) -> 2.8 | T44: =SUM(Q44:S44) -> 8
A45: 31 | B45: Kota Blitar | C45: Ton | D45: =SUM(H45,L45,P45,T45) -> 0 | E45: =SUM(E89,E133,E177) -> 0 | F45: =SUM(F89,F133,F177) -> 0 | G45: =SUM(G89,G133,G177) -> 0 | H45: =SUM(E45:G45) -> 0 | I45: =SUM(I89,I133,I177) -> 0 | J45: =SUM(J89,J133,J177) -> 0 | K45: =SUM(K89,K133,K177) -> 0 | L45: =SUM(I45:K45) -> 0 | M45: =SUM(M89,M133,M177) -> 0 | N45: =SUM(N89,N133,N177) -> 0 | O45: =SUM(O89,O133,O177) -> 0 | P45: =SUM(M45:O45) -> 0 | Q45: =SUM(Q89,Q133,Q177) -> 0 | R45: =SUM(R89,R133,R177) -> 0 | S45: =SUM(S89,S133,S177) -> 0 | T45: =SUM(Q45:S45) -> 0
A46: 32 | B46: Kota Malang | C46: Ton | D46: =SUM(H46,L46,P46,T46) -> 0 | E46: =SUM(E90,E134,E178) -> 0 | F46: =SUM(F90,F134,F178) -> 0 | G46: =SUM(G90,G134,G178) -> 0 | H46: =SUM(E46:G46) -> 0 | I46: =SUM(I90,I134,I178) -> 0 | J46: =SUM(J90,J134,J178) -> 0 | K46: =SUM(K90,K134,K178) -> 0 | L46: =SUM(I46:K46) -> 0 | M46: =SUM(M90,M134,M178) -> 0 | N46: =SUM(N90,N134,N178) -> 0 | O46: =SUM(O90,O134,O178) -> 0 | P46: =SUM(M46:O46) -> 0 | Q46: =SUM(Q90,Q134,Q178) -> 0 | R46: =SUM(R90,R134,R178) -> 0 | S46: =SUM(S90,S134,S178) -> 0 | T46: =SUM(Q46:S46) -> 0
A47: 33 | B47: Kota Probolinggo | C47: Ton | D47: =SUM(H47,L47,P47,T47) -> 939.077 | E47: =SUM(E91,E135,E179) -> 57.411 | F47: =SUM(F91,F135,F179) -> 70.203 | G47: =SUM(G91,G135,G179) -> 83.673 | H47: =SUM(E47:G47) -> 211.287 | I47: =SUM(I91,I135,I179) -> 92.447 | J47: =SUM(J91,J135,J179) -> 98.085 | K47: =SUM(K91,K135,K179) -> 109.315 | L47: =SUM(I47:K47) -> 299.847 | M47: =SUM(M91,M135,M179) -> 78.47 | N47: =SUM(N91,N135,N179) -> 57.618 | O47: =SUM(O91,O135,O179) -> 55.19 | P47: =SUM(M47:O47) -> 191.278 | Q47: =SUM(Q91,Q135,Q179) -> 66.38 | R47: =SUM(R91,R135,R179) -> 79.13 | S47: =SUM(S91,S135,S179) -> 91.155 | T47: =SUM(Q47:S47) -> 236.665
A48: 34 | B48: Kota Pasuruan | C48: Ton | D48: =SUM(H48,L48,P48,T48) -> 11036.6 | E48: =SUM(E92,E136,E180) -> 730.3 | F48: =SUM(F92,F136,F180) -> 843.5 | G48: =SUM(G92,G136,G180) -> 1444.8 | H48: =SUM(E48:G48) -> 3018.6 | I48: =SUM(I92,I136,I180) -> 1690.4 | J48: =SUM(J92,J136,J180) -> 1023.8 | K48: =SUM(K92,K136,K180) -> 903 | L48: =SUM(I48:K48) -> 3617.2 | M48: =SUM(M92,M136,M180) -> 843.3 | N48: =SUM(N92,N136,N180) -> 823.9 | O48: =SUM(O92,O136,O180) -> 821.5 | P48: =SUM(M48:O48) -> 2488.7 | Q48: =SUM(Q92,Q136,Q180) -> 672 | R48: =SUM(R92,R136,R180) -> 645.5 | S48: =SUM(S92,S136,S180) -> 594.6 | T48: =SUM(Q48:S48) -> 1912.1
... A52: 38 | B52: Kota Batu | C52: Ton | D52: =SUM(H52,L52,P52,T52) -> 0 | E52: =SUM(E96,E140,E184) -> 0 | F52: =SUM(F96,F140,F184) -> 0 | G52: =SUM(G96,G140,G184) -> 0 | H52: =SUM(E52:G52) -> 0 | I52: =SUM(I96,I140,I184) -> 0 | J52: =SUM(J96,J140,J184) -> 0 | K52: =SUM(K96,K140,K184) -> 0 | L52: =SUM(I52:K52) -> 0 | M52: =SUM(M96,M140,M184) -> 0 | N52: =SUM(N96,N140,N184) -> 0 | O52: =SUM(O96,O140,O184) -> 0 | P52: =SUM(M52:O52) -> 0 | Q52: =SUM(Q96,Q140,Q184) -> 0 | R52: =SUM(R96,R140,R184) -> 0 | S52: =SUM(S96,S140,S184) -> 0 | T52: =SUM(Q52:S52) -> 0
A55: PRODUKSI LAUT/ NON PELABUHAN JAWA TIMUR
A56: No. | B56: U r a i a n | C56: Satuan | D56: Jumlah | E56: Januari | F56: Februari | G56: Maret | H56: TW I | I56: April | J56: Mei | K56: Juni | L56: TW II | M56: Juli | N56: Agustus | O56: September | P56: TW III | Q56: Oktober | R56: November | S56: Desember | T56: TW IV
B58: JUMLAH | C58: Ton | D58: =SUM(D59:D96) -> 391334.21 | E58: =SUM(E59:E96) -> 29152.746 | F58: =SUM(F59:F96) -> 26940.293 | G58: =SUM(G59:G96) -> 26650.341 | H58: =SUM(E58:G58) -> 82743.38 | I58: =SUM(I59:I96) -> 32706.072 | J58: =SUM(J59:J96) -> 35177.115 | K58: =SUM(K59:K96) -> 34135.075 | L58: =SUM(I58:K58) -> 102018.26 | M58: =SUM(M59:M96) -> 36065.859 | N58: =SUM(N59:N96) -> 36701.989 | O58: =SUM(O59:O96) -> 40121.112 | P58: =SUM(M58:O58) -> 112888.96 | Q58: =SUM(Q59:Q96) -> 35223.213 | R58: =SUM(R59:R96) -> 31009.544 | S58: =SUM(S59:S96) -> 27450.849 | T58: =SUM(Q58:S58) -> 93683.606
A59: 1 | B59: Pacitan | C59: Ton | D59: =SUM(H59,L59,P59,T59) -> 7686.446 | E59: 188.696 | F59: 231.335 | G59: 321.078 | H59: =SUM(E59:G59) -> 741.109 | I59: 638.547 | J59: 737.928 | K59: 666.262 | L59: =SUM(I59:K59) -> 2042.737 | M59: 937.3 | N59: 1622.1 | O59: 1135.6 | P59: =SUM(M59:O59) -> 3695 | Q59: 612.8 | R59: 324.4 | S59: 270.4 | T59: =SUM(Q59:S59) -> 1207.6
A60: =A59+1 -> 2 | B60: Ponorogo | C60: Ton | D60: =SUM(H60,L60,P60,T60) -> 0 | E60: 0 | F60: 0 | G60: 0 | H60: =SUM(E60:G60) -> 0 | I60: 0 | J60: 0 | L60: =SUM(I60:K60) -> 0 | M60: 0 | N60: 0 | O60: 0 | P60: =SUM(M60:O60) -> 0 | Q60: 0 | R60: 0 | S60: 0 | T60: =SUM(Q60:S60) -> 0
A61: =A60+1 -> 3 | B61: Trenggalek | C61: Ton | D61: =SUM(H61,L61,P61,T61) -> 802.284 | E61: 40.255 | F61: 30.673 | G61: 39.759 | H61: =SUM(E61:G61) -> 110.687 | I61: 115.512 | J61: 45.522 | K61: 19.267 | L61: =SUM(I61:K61) -> 180.301 | M61: 115.812 | N61: 101.994 | O61: 81.715 | P61: =SUM(M61:O61) -> 299.521 | Q61: 111.003 | R61: 60.894 | S61: 39.878 | T61: =SUM(Q61:S61) -> 211.775
A62: =A61+1 -> 4 | B62: Tulungagung | C62: Ton | D62: =SUM(H62,L62,P62,T62) -> 9791.2 | E62: 1197.3 | F62: 821.5 | G62: 607 | H62: =SUM(E62:G62) -> 2625.8 | I62: 560.5 | J62: 985.8 | K62: 905.9 | L62: =SUM(I62:K62) -> 2452.2 | M62: 796.8 | N62: 994.6 | O62: 706.6 | P62: =SUM(M62:O62) -> 2498 | Q62: 1121.7 | R62: 545 | S62: 548.5 | T62: =SUM(Q62:S62) -> 2215.2
A63: =A62+1 -> 5 | B63: Blitar | C63: Ton | D63: =SUM(H63,L63,P63,T63) -> 591.5 | E63: 25.5 | F63: 38.2 | G63: 54.7 | H63: =SUM(E63:G63) -> 118.4 | I63: 62.4 | J63: 47.3 | K63: 29.4 | L63: =SUM(I63:K63) -> 139.1 | M63: 59.2 | N63: 63.6 | O63: 68.7 | P63: =SUM(M63:O63) -> 191.5 | Q63: 50 | R63: 47.7 | S63: 44.8 | T63: =SUM(Q63:S63) -> 142.5
A64: =A63+1 -> 6 | B64: Kediri | C64: Ton | D64: =SUM(H64,L64,P64,T64) -> 0 | E64: 0 | F64: 0 | G64: 0 | H64: =SUM(E64:G64) -> 0 | I64: 0 | J64: 0 | K64: 0 | L64: =SUM(I64:K64) -> 0 | M64: 0 | N64: 0 | O64: 0 | P64: =SUM(M64:O64) -> 0 | Q64: 0 | R64: 0 | S64: 0 | T64: =SUM(Q64:S64) -> 0
A65: =A64+1 -> 7 | B65: Malang | C65: Ton | D65: =SUM(H65,L65,P65,T65) -> 8592.418 | E65: 1167.465 | F65: 639.325 | G65: 1382.284 | H65: =SUM(E65:G65) -> 3189.074 | I65: 1129.343 | J65: 883.275 | K65: 896.166 | L65: =SUM(I65:K65) -> 2908.784 | M65: 925.357 | N65: 791.525 | O65: 334.547 | P65: =SUM(M65:O65) -> 2051.429 | Q65: 199.03 | R65: 144.05 | S65: 100.051 | T65: =SUM(Q65:S65) -> 443.131
A66: =A65+1 -> 8 | B66: Lumajang | C66: Ton | D66: =SUM(H66,L66,P66,T66) -> 6365.4 | E66: 509 | F66: 488.9 | G66: 621.2 | H66: =SUM(E66:G66) -> 1619.1 | I66: 311.5 | J66: 336.4 | K66: 336.4 | L66: =SUM(I66:K66) -> 984.3 | M66: 430.5 | N66: 612 | O66: 871.2 | P66: =SUM(M66:O66) -> 1913.7 | Q66: 511.4 | R66: 649.4 | S66: 687.5 | T66: =SUM(Q66:S66) -> 1848.3
A67: =A66+1 -> 9 | B67: Jember | C67: Ton | D67: =SUM(H67,L67,P67,T67) -> 14517.2 | E67: 199.7 | F67: 207.5 | G67: 331.8 | H67: =SUM(E67:G67) -> 739 | I67: 418 | J67: 583.2 | K67: 761.1 | L67: =SUM(I67:K67) -> 1762.3 | M67: 1254.8 | N67: 1832.7 | O67: 2835.4 | P67: =SUM(M67:O67) -> 5922.9 | Q67: 2547.5 | R67: 2132 | S67: 1413.5 | T67: =SUM(Q67:S67) -> 6093
A68: =A67+1 -> 10 | B68: Banyuwangi | C68: Ton | D68: =SUM(H68,L68,P68,T68) -> 61415.3 | E68: 6202.7 | F68: 3903.7 | G68: 3114.4 | H68: =SUM(E68:G68) -> 13220.8 | I68: 4436 | J68: 4907.2 | K68: 5346.5 | L68: =SUM(I68:K68) -> 14689.7 | M68: 5532.7 | N68: 3630.6 | O68: 4316.7 | P68: =SUM(M68:O68) -> 13480 | Q68: 6664.4 | R68: 7102.4 | S68: 6258 | T68: =SUM(Q68:S68) -> 20024.8
A69: =A68+1 -> 11 | B69: Bondowoso | C69: Ton | D69: =SUM(H69,L69,P69,T69) -> 0 | E69: 0 | F69: 0 | G69: 0 | H69: =SUM(E69:G69) -> 0 | I69: 0 | J69: 0 | K69: 0 | L69: =SUM(I69:K69) -> 0 | M69: 0 | N69: 0 | O69: 0 | P69: =SUM(M69:O69) -> 0 | Q69: 0 | R69: 0 | S69: 0 | T69: =SUM(Q69:S69) -> 0
A70: =A69+1 -> 12 | B70: Situbondo | C70: Ton | D70: =SUM(H70,L70,P70,T70) -> 19145.15 | E70: 1481 | F70: 1304.5 | G70: 1423.65 | H70: =SUM(E70:G70) -> 4209.15 | I70: 1613.2 | J70: 1528.8 | K70: 1591.7 | L70: =SUM(I70:K70) -> 4733.7 | M70: 2003.8 | N70: 1710.2 | O70: 2032.4 | P70: =SUM(M70:O70) -> 5746.4 | Q70: 1616.7 | R70: 1350.6 | S70: 1488.6 | T70: =SUM(Q70:S70) -> 4455.9
A71: =A70+1 -> 13 | B71: Probolinggo | C71: Ton | D71: =SUM(H71,L71,P71,T71) -> 31231.6 | E71: 2152.9 | F71: 2205.6 | G71: 2506.8 | H71: =SUM(E71:G71) -> 6865.3 | I71: 3814.4 | J71: 3745.1 | K71: 2745.1 | L71: =SUM(I71:K71) -> 10304.6 | M71: 2305.3 | N71: 1902.5 | O71: 2615.1 | P71: =SUM(M71:O71) -> 6822.9 | Q71: 2389.2 | R71: 2418.1 | S71: 2431.5 | T71: =SUM(Q71:S71) -> 7238.8
A72: =A71+1 -> 14 | B72: Pasuruan | C72: Ton | D72: =SUM(H72,L72,P72,T72) -> 23947.7 | E72: 2002.9 | F72: 2051.1 | G72: 1387.8 | H72: =SUM(E72:G72) -> 5441.8 | I72: 3924.7 | J72: 1668.7 | K72: 2266.3 | L72: =SUM(I72:K72) -> 7859.7 | M72: 1500.5 | N72: 1955.8 | O72: 1781.1 | P72: =SUM(M72:O72) -> 5237.4 | Q72: 1837.4 | R72: 1918.7 | S72: 1652.7 | T72: =SUM(Q72:S72) -> 5408.8
... A80: =A79+1 -> 22 | B80: Bojonegoro | C80: Ton | D80: =SUM(H80,L80,P80,T80) -> 0 | E80: 0 | F80: 0 | G80: 0 | H80: =SUM(E80:G80) -> 0 | I80: 0 | J80: 0 | K80: 0 | L80: =SUM(I80:K80) -> 0 | M80: 0 | N80: 0 | O80: 0 | P80: =SUM(M80:O80) -> 0 | Q80: 0 | R80: 0 | S80: 0 | T80: =SUM(Q80:S80) -> 0
A81: 23 | B81: Tuban | C81: Ton | D81: =SUM(H81,L81,P81,T81) -> 36069.7 | E81: 3019.7 | F81: 3342.9 | G81: 3112.8 | H81: =SUM(E81:G81) -> 9475.4 | I81: 2919.3 | J81: 2953.2 | K81: 2755.4 | L81: =SUM(I81:K81) -> 8627.9 | M81: 2909.8 | N81: 3057.2 | O81: 3184.1 | P81: =SUM(M81:O81) -> 9151.1 | Q81: 3503.3 | R81: 2897.5 | S81: 2414.5 | T81: =SUM(Q81:S81) -> 8815.3
A82: 24 | B82: Lamongan | C82: Ton | D82: =SUM(H82,L82,P82,T82) -> 23712.07 | E82: 349.33 | F82: 582.76 | G82: 301.47 | H82: =SUM(E82:G82) -> 1233.56 | I82: 616.17 | J82: 1110.47 | K82: 1964.65 | L82: =SUM(I82:K82) -> 3691.29 | M82: 3947.37 | N82: 4103.17 | O82: 5569.55 | P82: =SUM(M82:O82) -> 13620.09 | Q82: 2984.53 | R82: 1146.7 | S82: 1035.9 | T82: =SUM(Q82:S82) -> 5167.13
A83: 25 | B83: Gresik | C83: Ton | D83: =SUM(H83,L83,P83,T83) -> 9905.3 | E83: 469.4 | F83: 605.5 | G83: 847.4 | H83: =SUM(E83:G83) -> 1922.3 | I83: 819.7 | J83: 814.2 | K83: 570.6 | L83: =SUM(I83:K83) -> 2204.5 | M83: 636.3 | N83: 951 | O83: 1273.9 | P83: =SUM(M83:O83) -> 2861.2 | Q83: 1069.7 | R83: 971.1 | S83: 876.5 | T83: =SUM(Q83:S83) -> 2917.3
A84: 26 | B84: Bangkalan | C84: Ton | D84: =SUM(H84,L84,P84,T84) -> 25712.1 | E84: 1033.4 | F84: 1173.7 | G84: 1015.2 | H84: =SUM(E84:G84) -> 3222.3 | I84: 1665.1 | J84: 2844.7 | K84: 3079.2 | L84: =SUM(I84:K84) -> 7589 | M84: 3314.5 | N84: 3610.3 | O84: 3006.2 | P84: =SUM(M84:O84) -> 9931 | Q84: 2074.2 | R84: 1581.4 | S84: 1314.2 | T84: =SUM(Q84:S84) -> 4969.8
A85: 27 | B85: Sampang | C85: Ton | D85: =SUM(H85,L85,P85,T85) -> 16783.1 | E85: 1061.8 | F85: 1150.9 | G85: 1191.9 | H85: =SUM(E85:G85) -> 3404.6 | I85: 1472.8 | J85: 1625.2 | K85: 1745.6 | L85: =SUM(I85:K85) -> 4843.6 | M85: 1677.6 | N85: 1601.8 | O85: 1492.5 | P85: =SUM(M85:O85) -> 4771.9 | Q85: 1313.7 | R85: 1253.8 | S85: 1195.5 | T85: =SUM(Q85:S85) -> 3763
A86: 28 | B86: Pamekasan | C86: Ton | D86: =SUM(H86,L86,P86,T86) -> 18004.6 | E86: 1013.1 | F86: 1284.5 | G86: 1246.3 | H86: =SUM(E86:G86) -> 3543.9 | I86: 1517.5 | J86: 1624.6 | K86: 1870.3 | L86: =SUM(I86:K86) -> 5012.4 | M86: 1507.3 | N86: 1523 | O86: 1555.8 | P86: =SUM(M86:O86) -> 4586.1 | Q86: 1599.1 | R86: 1663.1 | S86: 1600 | T86: =SUM(Q86:S86) -> 4862.2
A87: 29 | B87: Sumenep | C87: Ton | D87: =SUM(H87,L87,P87,T87) -> 40058.3 | E87: 4651.3 | F87: 4322.1 | G87: 3739.8 | H87: =SUM(E87:G87) -> 12713.2 | I87: 2519 | J87: 5137.4 | K87: 3836.3 | L87: =SUM(I87:K87) -> 11492.7 | M87: 2485.7 | N87: 2794 | O87: 4095.4 | P87: =SUM(M87:O87) -> 9375.1 | Q87: 2485.4 | R87: 2287.8 | S87: 1704.1 | T87: =SUM(Q87:S87) -> 6477.3
A88: 30 | B88: Kota Kediri | C88: Ton | D88: =SUM(H88,L88,P88,T88) -> 0 | E88: 0 | F88: 0 | G88: 0 | H88: =SUM(E88:G88) -> 0 | I88: 0 | J88: 0 | K88: 0 | L88: =SUM(I88:K88) -> 0 | M88: 0 | N88: 0 | O88: 0 | P88: =SUM(M88:O88) -> 0 | Q88: 0 | R88: 0 | S88: 0 | T88: =SUM(Q88:S88) -> 0
A89: 31 | B89: Kota Blitar | C89: Ton | D89: =SUM(H89,L89,P89,T89) -> 0 | E89: 0 | F89: 0 | G89: 0 | H89: =SUM(E89:G89) -> 0 | I89: 0 | J89: 0 | K89: 0 | L89: =SUM(I89:K89) -> 0 | M89: 0 | N89: 0 | O89: 0 | P89: =SUM(M89:O89) -> 0 | Q89: 0 | R89: 0 | S89: 0 | T89: =SUM(Q89:S89) -> 0
A90: 32 | B90: Kota Malang | C90: Ton | D90: =SUM(H90,L90,P90,T90) -> 0 | E90: 0 | F90: 0 | G90: 0 | H90: =SUM(E90:G90) -> 0 | I90: 0 | J90: 0 | K90: 0 | L90: =SUM(I90:K90) -> 0 | M90: 0 | N90: 0 | O90: 0 | P90: =SUM(M90:O90) -> 0 | Q90: 0 | R90: 0 | S90: 0 | T90: =SUM(Q90:S90) -> 0
A91: 33 | B91: Kota Probolinggo | C91: Ton | D91: =SUM(H91,L91,P91,T91) -> 924.14 | E91: 56.1 | F91: 68.8 | G91: 82.2 | H91: =SUM(E91:G91) -> 207.1 | I91: 90.9 | J91: 96.52 | K91: 107.73 | L91: =SUM(I91:K91) -> 295.15 | M91: 77.52 | N91: 56.9 | O91: 54.3 | P91: =SUM(M91:O91) -> 188.72 | Q91: 65.35 | R91: 78 | S91: 89.82 | T91: =SUM(Q91:S91) -> 233.17
A92: 34 | B92: Kota Pasuruan | C92: Ton | D92: =SUM(H92,L92,P92,T92) -> 11036.6 | E92: 730.3 | F92: 843.5 | G92: 1444.8 | H92: =SUM(E92:G92) -> 3018.6 | I92: 1690.4 | J92: 1023.8 | K92: 903 | L92: =SUM(I92:K92) -> 3617.2 | M92: 843.3 | N92: 823.9 | O92: 821.5 | P92: =SUM(M92:O92) -> 2488.7 | Q92: 672 | R92: 645.5 | S92: 594.6 | T92: =SUM(Q92:S92) -> 1912.1
... A96: 38 | B96: Kota Batu | C96: Ton | D96: =SUM(H96,L96,P96,T96) -> 0 | E96: 0 | F96: 0 | G96: 0 | H96: =SUM(E96:G96) -> 0 | I96: 0 | J96: 0 | K96: 0 | L96: =SUM(I96:K96) -> 0 | M96: 0 | N96: 0 | O96: 0 | P96: =SUM(M96:O96) -> 0 | Q96: 0 | R96: 0 | S96: 0 | T96: =SUM(Q96:S96) -> 0
A99: PRODUKSI PELABUHAN JAWA TIMUR
A100: No. | B100: U r a i a n | C100: Satuan | D100: Jumlah | E100: Januari | F100: Februari | G100: Maret | H100: TW I | I100: April | J100: Mei | K100: Juni | L100: TW II | M100: Juli | N100: Agustus | O100: September | P100: TW III | Q100: Oktober | R100: November | S100: Desember | T100: TW IV
B102: JUMLAH | C102: Ton | D102: =SUM(D103:D140) -> 202034.43 | E102: =SUM(E103:E124) -> 14042.054 | F102: =SUM(F103:F124) -> 9371.009 | G102: =SUM(G103:G124) -> 13805.294 | H102: =SUM(E102:G102) -> 37218.357 | I102: =SUM(I103:I124) -> 13032.606 | J102: =SUM(J103:J124) -> 16472.47 | K102: =SUM(K103:K124) -> 15372.703 | L102: =SUM(I102:K102) -> 44877.779 | M102: =SUM(M103:M124) -> 24345.19 | N102: =SUM(N103:N124) -> 19641.811 | O102: =SUM(O103:O124) -> 21784.06 | P102: =SUM(M102:O102) -> 65771.061 | Q102: =SUM(Q103:Q124) -> 20107.096 | R102: =SUM(R103:R124) -> 18712.018 | S102: =SUM(S103:S124) -> 15348.116 | T102: =SUM(Q102:S102) -> 54167.23
A103: 1 | B103: PPP Tamperan | C103: Ton | D103: =SUM(H103,L103,P103,T103) -> 6150.901 | E103: 273.807 | F103: 212.629 | G103: 337.55 | H103: =SUM(E103:G103) -> 823.986 | I103: 366.989 | J103: 676.401 | K103: 948.06 | L103: =SUM(I103:K103) -> 1991.45 | M103: 785.056 | N103: 775.526 | O103: 574.18 | P103: =SUM(M103:O103) -> 2134.762 | Q103: 476.06 | R103: 321.539 | S103: 403.104 | T103: =SUM(Q103:S103) -> 1200.703
A104: =A103+1 -> 2 | B104: PPN Prigi | C104: Ton | D104: =SUM(H104,L104,P104,T104) -> 11910.61 | E104: 248.12 | F104: 98.99 | G104: 596.51 | H104: =SUM(E104:G104) -> 943.62 | I104: 1401.66 | J104: 697.17 | K104: 373.86 | L104: =SUM(I104:K104) -> 2472.69 | M104: 4039.07 | N104: 1158.93 | O104: 2002.21 | P104: =SUM(M104:O104) -> 7200.21 | Q104: 975.22 | R104: 202.08 | S104: 116.79 | T104: =SUM(Q104:S104) -> 1294.09
A105: =A104+1 -> 3 | B105: PPP Popoh | C105: Ton | D105: =SUM(H105,L105,P105,T105) -> 6596.66 | E105: 306.14 | F105: 215.62 | G105: 322.4 | H105: =SUM(E105:G105) -> 844.16 | I105: 313.57 | J105: 514.66 | K105: 517.17 | L105: =SUM(I105:K105) -> 1345.4 | M105: 1114.67 | N105: 832.11 | O105: 928.46 | P105: =SUM(M105:O105) -> 2875.24 | Q105: 753.1 | R105: 376.8 | S105: 401.96 | T105: =SUM(Q105:S105) -> 1531.86
A106: =A105+1 -> 4 | B106: IPP Sine | C106: Ton | D106: =SUM(H106,L106,P106,T106) -> 4105.382 | E106: 289.016 | F106: 254.056 | G106: 195.52 | H106: =SUM(E106:G106) -> 738.592 | I106: 289.37 | J106: 313.486 | K106: 236.59 | L106: =SUM(I106:K106) -> 839.446 | M106: 526.992 | N106: 483.467 | O106: 448.077 | P106: =SUM(M106:O106) -> 1458.536 | Q106: 375.354 | R106: 340.924 | S106: 352.53 | T106: =SUM(Q106:S106) -> 1068.808
A107: =A106+1 -> 5 | B107: IPPP Tambakrejo | C107: Ton | D107: =SUM(H107,L107,P107,T107) -> 2953.642 | E107: 98.01 | F107: 98.356 | G107: 48.309 | H107: =SUM(E107:G107) -> 244.675 | I107: 174.175 | J107: 110.852 | K107: 163.29 | L107: =SUM(I107:K107) -> 448.317 | M107: 471.04 | N107: 419.21 | O107: 336.85 | P107: =SUM(M107:O107) -> 1227.1 | Q107: 370 | R107: 363.55 | S107: 300 | T107: =SUM(Q107:S107) -> 1033.55
A108: =A107+1 -> 6 | B108: PPP Pondokdadap | C108: Ton | D108: =SUM(H108,L108,P108,T108) -> 17256.497 | E108: 43.707 | F108: 763.876 | G108: 1575.942 | H108: =SUM(E108:G108) -> 2383.525 | I108: 1532.394 | J108: 1950.311 | K108: 2475.557 | L108: =SUM(I108:K108) -> 5958.262 | M108: 2500.87 | N108: 1920.79 | O108: 1600.71 | P108: =SUM(M108:O108) -> 6022.37 | Q108: 1200.45 | R108: 991.75 | S108: 700.14 | T108: =SUM(Q108:S108) -> 2892.34
A109: =A108+1 -> 7 | B109: PPP Puger | C109: Ton | D109: =SUM(H109,L109,P109,T109) -> 6863.51 | E109: 244.51 | F109: 252.17 | G109: 277.05 | H109: =SUM(E109:G109) -> 773.73 | I109: 342.51 | J109: 683.91 | K109: 776.24 | L109: =SUM(I109:K109) -> 1802.66 | M109: 950.44 | N109: 876.17 | O109: 760.6 | P109: =SUM(M109:O109) -> 2587.21 | Q109: 612.91 | R109: 582 | S109: 505 | T109: =SUM(Q109:S109) -> 1699.91
A110: =A109+1 -> 8 | B110: IPPP Pancer | C110: Ton | D110: =SUM(H110,L110,P110,T110) -> 4262.641 | E110: 8.871 | F110: 22.733 | G110: 17.924 | H110: =SUM(E110:G110) -> 49.528 | I110: 35.313 | J110: 33.409 | K110: 707.918 | L110: =SUM(I110:K110) -> 776.64 | M110: 1077.842 | N110: 814.72 | O110: 508.979 | P110: =SUM(M110:O110) -> 2401.541 | Q110: 459.932 | R110: 325 | S110: 250 | T110: =SUM(Q110:S110) -> 1034.932
A111: =A110+1 -> 9 | B111: IPPP Grajagan | C111: Ton | D111: =SUM(H111,L111,P111,T111) -> 4426.323 | E111: 117.17 | F111: 67.4 | G111: 112.47 | H111: =SUM(E111:G111) -> 297.04 | I111: 60.91 | J111: 112.75 | K111: 508.94 | L111: =SUM(I111:K111) -> 682.6 | M111: 612.86 | N111: 872.26 | O111: 470.05 | P111: =SUM(M111:O111) -> 1955.17 | Q111: 325.2 | R111: 559.11 | S111: 607.203 | T111: =SUM(Q111:S111) -> 1491.513
A112: =A111+1 -> 10 | B112: PPP Muncar | C112: Ton | D112: =SUM(H112,L112,P112,T112) -> 9821.293 | E112: 586.211 | F112: 683.912 | G112: 683.912 | H112: =SUM(E112:G112) -> 1954.035 | I112: 781.614 | J112: 879.312 | K112: 977.017 | L112: =SUM(I112:K112) -> 2637.943 | M112: 1074.719 | N112: 1074.719 | O112: 977.017 | P112: =SUM(M112:O112) -> 3126.455 | Q112: 898.86 | R112: 701 | S112: 503 | T112: =SUM(Q112:S112) -> 2102.86
A113: =A112+1 -> 11 | B113: PPP Bulu | C113: Ton | D113: =SUM(H113,L113,P113,T113) -> 8005.97 | E113: 251.05 | F113: 273.22 | G113: 318.04 | H113: =SUM(E113:G113) -> 842.31 | I113: 431.72 | J113: 471.02 | K113: 727.21 | L113: =SUM(I113:K113) -> 1629.95 | M113: 903.51 | N113: 977.93 | O113: 941.17 | P113: =SUM(M113:O113) -> 2822.61 | Q113: 947.8 | R113: 913.2 | S113: 850.1 | T113: =SUM(Q113:S113) -> 2711.1
A114: =A113+1 -> 12 | B114: PPN Brondong | C114: Ton | D114: =SUM(H114,L114,P114,T114) -> 55988.097 | E114: 4830.23 | F114: 3997 | G114: 5393 | H114: =SUM(E114:G114) -> 14220.23 | I114: 3328 | J114: 4380 | K114: 2801 | L114: =SUM(I114:K114) -> 10509 | M114: 3528 | N114: 4588 | O114: 4929 | P114: =SUM(M114:O114) -> 13045 | Q114: 5280 | R114: 6398 | S114: 6535.867 | T114: =SUM(Q114:S114) -> 18213.867
A115: =A114+1 -> 13 | B115: IPPP Bawean | C115: Ton | D115: =SUM(H115,L115,P115,T115) -> 5173.87 | E115: 205.87 | F115: 276.84 | G115: 291.59 | H115: =SUM(E115:G115) -> 774.3 | I115: 391.15 | J115: 443.48 | K115: 402.57 | L115: =SUM(I115:K115) -> 1237.2 | M115: 520.16 | N115: 535.31 | O115: 516.6 | P115: =SUM(M115:O115) -> 1572.07 | Q115: 636.18 | R115: 501.29 | S115: 452.83 | T115: =SUM(Q115:S115) -> 1590.3
... A124: =A123+1 -> 22 | B124: PPP Pasongsongan | C124: Ton | D124: =SUM(H124,L124,P124,T124) -> 6439.712 | E124: 138.577 | F124: 36.328 | G124: 96.027 | H124: =SUM(E124:G124) -> 270.932 | I124: 292.213 | J124: 150.475 | K124: 162.63 | L124: =SUM(I124:K124) -> 605.318 | M124: 980.24 | N124: 1074.107 | O124: 1180.043 | P124: =SUM(M124:O124) -> 3234.39 | Q124: 1025.325 | R124: 801.302 | S124: 502.445 | T124: =SUM(Q124:S124) -> 2329.072
A143: PRODUKSI PUD JAWA TIMUR
A144: No. | B144: U r a i a n | C144: Satuan | D144: Jumlah | E144: Januari | F144: Februari | G144: Maret | H144: TW I | I144: April | J144: Mei | K144: Juni | L144: TW II | M144: Juli | N144: Agustus | O144: September | P144: TW III | Q144: Oktober | R144: November | S144: Desember | T144: TW IV
B146: JUMLAH | C146: Ton | D146: =SUM(D147:D184) -> 13975.271 | E146: =SUM(E147:E184) -> 1125.311 | F146: =SUM(F147:F184) -> 1224.732 | G146: =SUM(G147:G184) -> 1312.69 | H146: =SUM(E146:G146) -> 3662.733 | I146: =SUM(I147:I184) -> 1269.295 | J146: =SUM(J147:J184) -> 1304.278 | K146: =SUM(K147:K184) -> 1192.778 | L146: =SUM(I146:K146) -> 3766.351 | M146: =SUM(M147:M184) -> 1061.964 | N146: =SUM(N147:N184) -> 1112.23 | O146: =SUM(O147:O184) -> 1122.416 | P146: =SUM(M146:O146) -> 3296.61 | Q146: =SUM(Q147:Q184) -> 1108.96 | R146: =SUM(R147:R184) -> 1085.32 | S146: =SUM(S147:S184) -> 1055.297 | T146: =SUM(Q146:S146) -> 3249.577
A147: 1 | B147: Pacitan | C147: Ton | D147: =SUM(H147,L147,P147,T147) -> 821.438 | E147: 5.864 | F147: 34.582 | G147: 37.954 | H147: =SUM(E147:G147) -> 78.4 | I147: 36.174 | J147: 46.882 | K147: 105.906 | L147: =SUM(I147:K147) -> 188.962 | M147: 51.4 | N147: 106.035 | O147: 103.914 | P147: =SUM(M147:O147) -> 261.349 | Q147: 100.083 | R147: 90.455 | S147: 102.189 | T147: =SUM(Q147:S147) -> 292.727
A148: =A147+1 -> 2 | B148: Ponorogo | C148: Ton | D148: =SUM(H148,L148,P148,T148) -> 52.5 | E148: 4.6 | F148: 1.5 | G148: 3.7 | H148: =SUM(E148:G148) -> 9.8 | I148: 3.3 | J148: 4.3 | K148: 4.1 | L148: =SUM(I148:K148) -> 11.7 | M148: 1.5 | N148: 3.8 | O148: 6.5 | P148: =SUM(M148:O148) -> 11.8 | Q148: 6.4 | R148: 6.4 | S148: 6.4 | T148: =SUM(Q148:S148) -> 19.2
A149: =A148+1 -> 3 | B149: Trenggalek | C149: Ton | D149: =SUM(H149,L149,P149,T149) -> 23.1 | E149: 2.1 | F149: 1.8 | G149: 1.7 | H149: =SUM(E149:G149) -> 5.6 | I149: 2.1 | J149: 1.8 | K149: 1.5 | L149: =SUM(I149:K149) -> 5.4 | M149: 1.8 | N149: 2.2 | O149: 2.3 | P149: =SUM(M149:O149) -> 6.3 | Q149: 1.9 | R149: 2.1 | S149: 1.8 | T149: =SUM(Q149:S149) -> 5.8
A150: =A149+1 -> 4 | B150: Tulungagung | C150: Ton | D150: =SUM(H150,L150,P150,T150) -> 27.765 | E150: 4.87 | F150: 5.76 | G150: 7.7 | H150: =SUM(E150:G150) -> 18.33 | I150: 3.65 | J150: 3.23 | K150: 2 | L150: =SUM(I150:K150) -> 8.88 | M150: 0.082 | N150: 0.147 | O150: 0.08 | P150: =SUM(M150:O150) -> 0.309 | Q150: 0.099 | R150: 0.082 | S150: 0.065 | T150: =SUM(Q150:S150) -> 0.246
A151: =A150+1 -> 5 | B151: Blitar | C151: Ton | D151: =SUM(H151,L151,P151,T151) -> 283.1 | E151: 27.9 | F151: 23.4 | G151: 19.5 | H151: =SUM(E151:G151) -> 70.8 | I151: 28.2 | J151: 17.9 | K151: 15.6 | L151: =SUM(I151:K151) -> 61.7 | M151: 11.1 | N151: 14.2 | O151: 14.4 | P151: =SUM(M151:O151) -> 39.7 | Q151: 24.4 | R151: 49.5 | S151: 37 | T151: =SUM(Q151:S151) -> 110.9
A152: =A151+1 -> 6 | B152: Kediri | C152: Ton | D152: =SUM(H152,L152,P152,T152) -> 75.3 | E152: 6.5 | F152: 5.2 | G152: 5.2 | H152: =SUM(E152:G152) -> 16.9 | I152: 6.9 | J152: 6.2 | K152: 5.8 | L152: =SUM(I152:K152) -> 18.9 | M152: 6.3 | N152: 6.3 | O152: 6.5 | P152: =SUM(M152:O152) -> 19.1 | Q152: 6.5 | R152: 6.8 | S152: 7.1 | T152: =SUM(Q152:S152) -> 20.4
A153: =A152+1 -> 7 | B153: Malang | C153: Ton | D153: =SUM(H153,L153,P153,T153) -> 111.777 | E153: 9.486 | F153: 9.207 | G153: 9.253 | H153: =SUM(E153:G153) -> 27.946 | I153: 9.154 | J153: 9.251 | K153: 9.127 | L153: =SUM(I153:K153) -> 27.532 | M153: 9.512 | N153: 9.41 | O153: 9.422 | P153: =SUM(M153:O153) -> 28.344 | Q153: 9.994 | R153: 9.393 | S153: 8.568 | T153: =SUM(Q153:S153) -> 27.955
A154: =A153+1 -> 8 | B154: Lumajang | C154: Ton | D154: =SUM(H154,L154,P154,T154) -> 912.5 | E154: 67.9 | F154: 84.8 | G154: 81 | H154: =SUM(E154:G154) -> 233.7 | I154: 63.7 | J154: 63 | K154: 69.8 | L154: =SUM(I154:K154) -> 196.5 | M154: 86.1 | N154: 81.5 | O154: 73.7 | P154: =SUM(M154:O154) -> 241.3 | Q154: 77.5 | R154: 77.4 | S154: 86.1 | T154: =SUM(Q154:S154) -> 241
A155: =A154+1 -> 9 | B155: Jember | C155: Ton | D155: =SUM(H155,L155,P155,T155) -> 229 | E155: 8.5 | F155: 9.3 | G155: 14.5 | H155: =SUM(E155:G155) -> 32.3 | I155: 15.1 | J155: 18.9 | K155: 22.3 | L155: =SUM(I155:K155) -> 56.3 | M155: 20.9 | N155: 28 | O155: 27.5 | P155: =SUM(M155:O155) -> 76.4 | Q155: 24.4 | R155: 21 | S155: 18.6 | T155: =SUM(Q155:S155) -> 64
A156: =A155+1 -> 10 | B156: Banyuwangi | C156: Ton | D156: =SUM(H156,L156,P156,T156) -> 1145.9 | E156: 76.8 | F156: 80.3 | G156: 82.6 | H156: =SUM(E156:G156) -> 239.7 | I156: 87.2 | J156: 88.7 | K156: 98.1 | L156: =SUM(I156:K156) -> 274 | M156: 93 | N156: 102.5 | O156: 109.2 | P156: =SUM(M156:O156) -> 304.7 | Q156: 108.7 | R156: 116.7 | S156: 102.1 | T156: =SUM(Q156:S156) -> 327.5
A157: =A156+1 -> 11 | B157: Bondowoso | C157: Ton | D157: =SUM(H157,L157,P157,T157) -> 111.99 | E157: 8.18 | F157: 8.43 | G157: 7.88 | H157: =SUM(E157:G157) -> 24.49 | I157: 9.73 | J157: 9.25 | K157: 8.67 | L157: =SUM(I157:K157) -> 27.65 | M157: 9.46 | N157: 10.22 | O157: 10.38 | P157: =SUM(M157:O157) -> 30.06 | Q157: 10.02 | R157: 10.65 | S157: 9.12 | T157: =SUM(Q157:S157) -> 29.79
A158: =A157+1 -> 12 | B158: Situbondo | C158: Ton | D158: =SUM(H158,L158,P158,T158) -> 0 | E158: 0 | F158: 0 | G158: 0 | H158: =SUM(E158:G158) -> 0 | I158: 0 | J158: 0 | K158: 0 | L158: =SUM(I158:K158) -> 0 | M158: 0 | N158: 0 | O158: 0 | P158: =SUM(M158:O158) -> 0 | Q158: 0 | R158: 0 | S158: 0 | T158: =SUM(Q158:S158) -> 0
...

Sheet GARAM
A1: PRODUKSI GARAM JAWA TIMUR
A4: No. | B4: U r a i a n | C4: Satuan | D4: Jumlah | E4: Januari | F4: Februari | G4: Maret | H4: TW I | I4: April | J4: Mei | K4: Juni | L4: TW II | M4: Juli | N4: Agustus | O4: September | P4: TW III | Q4: Oktober | R4: November | S4: Desember | T4: TW IV
B6: JUMLAH | C6: Ton | D6: =SUM(D7:D44) -> 161.3 | E6: =SUM(E7:E44) -> 1 | F6: =SUM(F7:F44) -> 1.2 | G6: =SUM(G7:G44) -> 10.5 | H6: =SUM(E6:G6) -> 12.7 | I6: =SUM(I7:I44) -> 148.6 | J6: =SUM(J7:J44) -> 0 | K6: =SUM(K7:K44) -> 0 | L6: =SUM(I6:K6) -> 148.6 | M6: =SUM(M7:M28) -> 0 | N6: =SUM(N7:N28) -> 0 | O6: =SUM(O7:O28) -> 0 | P6: =SUM(M6:O6) -> 0 | Q6: =SUM(Q7:Q28) -> 0 | R6: =SUM(R7:R28) -> 0 | S6: =SUM(S7:S28) -> 0 | T6: =SUM(Q6:S6) -> 0
A7: 1 | B7: Pacitan | C7: Ton | D7: =SUM(H7,L7,P7,T7) -> 0 | E7: 0 | F7: 0 | G7: 0 | H7: =SUM(E7:G7) -> 0 | I7: 0 | J7: 0 | K7: 0 | L7: =SUM(I7:K7) -> 0 | M7: 0 | N7: 0 | O7: 0 | P7: =SUM(M7:O7) -> 0 | Q7: 0 | R7: 0 | S7: 0 | T7: =SUM(Q7:S7) -> 0
A8: =A7+1 -> 2 | B8: Ponorogo | C8: Ton | D8: =SUM(H8,L8,P8,T8) -> 0 | E8: 0 | F8: 0 | G8: 0 | H8: =SUM(E8:G8) -> 0 | I8: 0 | J8: 0 | K8: 0 | L8: =SUM(I8:K8) -> 0 | M8: 0 | N8: 0 | O8: 0 | P8: =SUM(M8:O8) -> 0 | Q8: 0 | R8: 0 | S8: 0 | T8: =SUM(Q8:S8) -> 0
A9: =A8+1 -> 3 | B9: Trenggalek | C9: Ton | D9: =SUM(H9,L9,P9,T9) -> 0 | E9: 0 | F9: 0 | G9: 0 | H9: =SUM(E9:G9) -> 0 | I9: 0 | J9: 0 | K9: 0 | L9: =SUM(I9:K9) -> 0 | M9: 0 | N9: 0 | O9: 0 | P9: =SUM(M9:O9) -> 0 | Q9: 0 | R9: 0 | S9: 0 | T9: =SUM(Q9:S9) -> 0
A10: =A9+1 -> 4 | B10: Tulungagung | C10: Ton | D10: =SUM(H10,L10,P10,T10) -> 0 | E10: 0 | F10: 0 | G10: 0 | H10: =SUM(E10:G10) -> 0 | I10: 0 | J10: 0 | K10: 0 | L10: =SUM(I10:K10) -> 0 | M10: 0 | N10: 0 | O10: 0 | P10: =SUM(M10:O10) -> 0 | Q10: 0 | R10: 0 | S10: 0 | T10: =SUM(Q10:S10) -> 0
A11: =A10+1 -> 5 | B11: Blitar | C11: Ton | D11: =SUM(H11,L11,P11,T11) -> 0 | E11: 0 | F11: 0 | G11: 0 | H11: =SUM(E11:G11) -> 0 | I11: 0 | J11: 0 | K11: 0 | L11: =SUM(I11:K11) -> 0 | M11: 0 | N11: 0 | O11: 0 | P11: =SUM(M11:O11) -> 0 | Q11: 0 | R11: 0 | S11: 0 | T11: =SUM(Q11:S11) -> 0
A12: =A11+1 -> 6 | B12: Kediri | C12: Ton | D12: =SUM(H12,L12,P12,T12) -> 0 | E12: 0 | F12: 0 | G12: 0 | H12: =SUM(E12:G12) -> 0 | I12: 0 | J12: 0 | K12: 0 | L12: =SUM(I12:K12) -> 0 | M12: 0 | N12: 0 | O12: 0 | P12: =SUM(M12:O12) -> 0 | Q12: 0 | R12: 0 | S12: 0 | T12: =SUM(Q12:S12) -> 0
A13: =A12+1 -> 7 | B13: Malang | C13: Ton | D13: =SUM(H13,L13,P13,T13) -> 0 | E13: 0 | F13: 0 | G13: 0 | H13: =SUM(E13:G13) -> 0 | I13: 0 | J13: 0 | K13: 0 | L13: =SUM(I13:K13) -> 0 | M13: 0 | N13: 0 | O13: 0 | P13: =SUM(M13:O13) -> 0 | Q13: 0 | R13: 0 | S13: 0 | T13: =SUM(Q13:S13) -> 0
A14: =A13+1 -> 8 | B14: Lumajang | C14: Ton | D14: =SUM(H14,L14,P14,T14) -> 0 | E14: 0 | F14: 0 | G14: 0 | H14: =SUM(E14:G14) -> 0 | I14: 0 | J14: 0 | K14: 0 | L14: =SUM(I14:K14) -> 0 | M14: 0 | N14: 0 | O14: 0 | P14: =SUM(M14:O14) -> 0 | Q14: 0 | R14: 0 | S14: 0 | T14: =SUM(Q14:S14) -> 0
A15: =A14+1 -> 9 | B15: Jember | C15: Ton | D15: =SUM(H15,L15,P15,T15) -> 0 | E15: 0 | F15: 0 | G15: 0 | H15: =SUM(E15:G15) -> 0 | I15: 0 | J15: 0 | K15: 0 | L15: =SUM(I15:K15) -> 0 | M15: 0 | N15: 0 | O15: 0 | P15: =SUM(M15:O15) -> 0 | Q15: 0 | R15: 0 | S15: 0 | T15: =SUM(Q15:S15) -> 0
A16: =A15+1 -> 10 | B16: Banyuwangi | C16: Ton | D16: =SUM(H16,L16,P16,T16) -> 0 | E16: 0 | F16: 0 | G16: 0 | H16: =SUM(E16:G16) -> 0 | I16: 0 | J16: 0 | K16: 0 | L16: =SUM(I16:K16) -> 0 | M16: 0 | N16: 0 | O16: 0 | P16: =SUM(M16:O16) -> 0 | Q16: 0 | R16: 0 | S16: 0 | T16: =SUM(Q16:S16) -> 0
A17: =A16+1 -> 11 | B17: Bondowoso | C17: Ton | D17: =SUM(H17,L17,P17,T17) -> 0 | E17: 0 | F17: 0 | G17: 0 | H17: =SUM(E17:G17) -> 0 | I17: 0 | J17: 0 | K17: 0 | L17: =SUM(I17:K17) -> 0 | M17: 0 | N17: 0 | O17: 0 | P17: =SUM(M17:O17) -> 0 | Q17: 0 | R17: 0 | S17: 0 | T17: =SUM(Q17:S17) -> 0
A18: =A17+1 -> 12 | B18: Situbondo | C18: Ton | D18: =SUM(H18,L18,P18,T18) -> 14.1 | E18: 0 | F18: 0 | G18: 9 | H18: =SUM(E18:G18) -> 9 | I18: 5.1 | J18: 0 | K18: 0 | L18: =SUM(I18:K18) -> 5.1 | M18: 0 | N18: 0 | O18: 0 | P18: =SUM(M18:O18) -> 0 | Q18: 0 | R18: 0 | S18: 0 | T18: =SUM(Q18:S18) -> 0
A19: =A18+1 -> 13 | B19: Probolinggo | C19: Ton | D19: =SUM(H19,L19,P19,T19) -> 0 | E19: 0 | F19: 0 | G19: 0 | H19: =SUM(E19:G19) -> 0 | I19: 0 | J19: 0 | K19: 0 | L19: =SUM(I19:K19) -> 0 | M19: 0 | N19: 0 | O19: 0 | P19: =SUM(M19:O19) -> 0 | Q19: 0 | R19: 0 | S19: 0 | T19: =SUM(Q19:S19) -> 0
... A28: =A27+1 -> 22 | B28: Bojonegoro | C28: Ton | D28: =SUM(H28,L28,P28,T28) -> 0 | E28: 0 | F28: 0 | G28: 0 | H28: =SUM(E28:G28) -> 0 | I28: 0 | J28: 0 | K28: 0 | L28: =SUM(I28:K28) -> 0 | M28: 0 | N28: 0 | O28: 0 | P28: =SUM(M28:O28) -> 0 | Q28: 0 | R28: 0 | S28: 0 | T28: =SUM(Q28:S28) -> 0
A29: 23 | B29: Tuban | C29: Ton | D29: =SUM(H29,L29,P29,T29) -> 5.2 | E29: 1 | F29: 1.2 | G29: 1.5 | H29: =SUM(E29:G29) -> 3.7 | I29: 1.5 | J29: 0 | K29: 0 | L29: =SUM(I29:K29) -> 1.5 | M29: 0 | N29: 0 | O29: 0 | P29: =SUM(M29:O29) -> 0 | Q29: 0 | R29: 0 | S29: 0 | T29: =SUM(Q29:S29) -> 0
A30: 24 | B30: Lamongan | C30: Ton | D30: =SUM(H30,L30,P30,T30) -> 4 | E30: 0 | F30: 0 | G30: 0 | H30: =SUM(E30:G30) -> 0 | I30: 4 | J30: 0 | K30: 0 | L30: =SUM(I30:K30) -> 4 | M30: 0 | N30: 0 | O30: 0 | P30: =SUM(M30:O30) -> 0 | Q30: 0 | R30: 0 | S30: 0 | T30: =SUM(Q30:S30) -> 0
A31: 25 | B31: Gresik | C31: Ton | D31: =SUM(H31,L31,P31,T31) -> 0 | E31: 0 | F31: 0 | G31: 0 | H31: =SUM(E31:G31) -> 0 | I31: 0 | J31: 0 | K31: 0 | L31: =SUM(I31:K31) -> 0 | M31: 0 | N31: 0 | O31: 0 | P31: =SUM(M31:O31) -> 0 | Q31: 0 | R31: 0 | S31: 0 | T31: =SUM(Q31:S31) -> 0
A32: 26 | B32: Bangkalan | C32: Ton | D32: =SUM(H32,L32,P32,T32) -> 138 | E32: 0 | F32: 0 | G32: 0 | H32: =SUM(E32:G32) -> 0 | I32: 138 | J32: 0 | K32: 0 | L32: =SUM(I32:K32) -> 138 | M32: 0 | N32: 0 | O32: 0 | P32: =SUM(M32:O32) -> 0 | Q32: 0 | R32: 0 | S32: 0 | T32: =SUM(Q32:S32) -> 0
A33: 27 | B33: Sampang | C33: Ton | D33: =SUM(H33,L33,P33,T33) -> 0 | E33: 0 | F33: 0 | G33: 0 | H33: =SUM(E33:G33) -> 0 | I33: 0 | J33: 0 | K33: 0 | L33: =SUM(I33:K33) -> 0 | M33: 0 | N33: 0 | O33: 0 | P33: =SUM(M33:O33) -> 0 | Q33: 0 | R33: 0 | S33: 0 | T33: =SUM(Q33:S33) -> 0
A34: 28 | B34: Pamekasan | C34: Ton | D34: =SUM(H34,L34,P34,T34) -> 0 | E34: 0 | F34: 0 | G34: 0 | H34: =SUM(E34:G34) -> 0 | I34: 0 | J34: 0 | K34: 0 | L34: =SUM(I34:K34) -> 0 | M34: 0 | N34: 0 | O34: 0 | P34: =SUM(M34:O34) -> 0 | Q34: 0 | R34: 0 | S34: 0 | T34: =SUM(Q34:S34) -> 0
A35: 29 | B35: Sumenep | C35: Ton | D35: =SUM(H35,L35,P35,T35) -> 0 | E35: 0 | F35: 0 | G35: 0 | H35: =SUM(E35:G35) -> 0 | I35: 0 | J35: 0 | K35: 0 | L35: =SUM(I35:K35) -> 0 | M35: 0 | N35: 0 | O35: 0 | P35: =SUM(M35:O35) -> 0 | Q35: 0 | R35: 0 | S35: 0 | T35: =SUM(Q35:S35) -> 0
A36: 30 | B36: Kota Kediri | C36: Ton | D36: =SUM(H36,L36,P36,T36) -> 0 | E36: 0 | F36: 0 | G36: 0 | H36: =SUM(E36:G36) -> 0 | I36: 0 | J36: 0 | K36: 0 | L36: =SUM(I36:K36) -> 0 | M36: 0 | N36: 0 | O36: 0 | P36: =SUM(M36:O36) -> 0 | Q36: 0 | R36: 0 | S36: 0 | T36: =SUM(Q36:S36) -> 0
A37: 31 | B37: Kota Blitar | C37: Ton | D37: =SUM(H37,L37,P37,T37) -> 0 | E37: 0 | F37: 0 | G37: 0 | H37: =SUM(E37:G37) -> 0 | I37: 0 | J37: 0 | K37: 0 | L37: =SUM(I37:K37) -> 0 | M37: 0 | N37: 0 | O37: 0 | P37: =SUM(M37:O37) -> 0 | Q37: 0 | R37: 0 | S37: 0 | T37: =SUM(Q37:S37) -> 0
A38: 32 | B38: Kota Malang | C38: Ton | D38: =SUM(H38,L38,P38,T38) -> 0 | E38: 0 | F38: 0 | G38: 0 | H38: =SUM(E38:G38) -> 0 | I38: 0 | J38: 0 | K38: 0 | L38: =SUM(I38:K38) -> 0 | M38: 0 | N38: 0 | O38: 0 | P38: =SUM(M38:O38) -> 0 | Q38: 0 | R38: 0 | S38: 0 | T38: =SUM(Q38:S38) -> 0
A39: 33 | B39: Kota Probolinggo | C39: Ton | D39: =SUM(H39,L39,P39,T39) -> 0 | E39: 0 | F39: 0 | G39: 0 | H39: =SUM(E39:G39) -> 0 | I39: 0 | J39: 0 | K39: 0 | L39: =SUM(I39:K39) -> 0 | M39: 0 | N39: 0 | O39: 0 | P39: =SUM(M39:O39) -> 0 | Q39: 0 | R39: 0 | S39: 0 | T39: =SUM(Q39:S39) -> 0
A40: 34 | B40: Kota Pasuruan | C40: Ton | D40: =SUM(H40,L40,P40,T40) -> 0 | E40: 0 | F40: 0 | G40: 0 | H40: =SUM(E40:G40) -> 0 | I40: 0 | J40: 0 | K40: 0 | L40: =SUM(I40:K40) -> 0 | M40: 0 | N40: 0 | O40: 0 | P40: =SUM(M40:O40) -> 0 | Q40: 0 | R40: 0 | S40: 0 | T40: =SUM(Q40:S40) -> 0
... A44: 38 | B44: Kota Batu | C44: Ton | D44: =SUM(H44,L44,P44,T44) -> 0 | E44: 0 | F44: 0 | G44: 0 | H44: =SUM(E44:G44) -> 0 | I44: 0 | J44: 0 | K44: 0 | L44: =SUM(I44:K44) -> 0 | M44: 0 | N44: 0 | O44: 0 | P44: =SUM(M44:O44) -> 0 | Q44: 0 | R44: 0 | S44: 0 | T44: =SUM(Q44:S44) -> 0

Sheet EKSPOR

Sheet TRIWULAN
B1: PRODUKSI PERIKANAN JAWA TIMUR
A3: No | B3: Uraian | C3: SATUAN | D3: JUMLAH | E3: TRIWULAN 2025
E4: Januari | F4: Februari | G4: Maret | H4: TW I | I4: April | J4: Mei | K4: Juni | L4: TW II | M4: Juli | N4: Agustus | O4: September | P4: TW III | Q4: Oktober | R4: November | S4: Desember | T4: TW IV
B5: Total | C5: TON | D5: =SUM(D6,D10) -> 2049676.9 | E5: =SUM(E6,E10) -> 144422.11 | F5: =SUM(F6,F10) -> 147072.42 | G5: =SUM(G6,G10) -> 162242.4 | H5: =SUM(H6,H10) -> 453736.93 | I5: =SUM(I6,I10) -> 164867.09 | J5: =SUM(J6,J10) -> 173730.98 | K5: =SUM(K6,K10) -> 163011.26 | ... T5: =SUM(T6,T10) -> 527737.45
A6: 1 | B6: Perikanan Tangkap | C6: TON | D6: =SUM(H6,L6,P6,T6) -> 607343.91 | E6: =SUM(E7:E9) -> 44320.111 | F6: =SUM(F7:F9) -> 37536.034 | G6: =SUM(G7:G9) -> 41768.325 | H6: =SUM(E6:G6) -> 123624.47 | I6: =SUM(I7:I9) -> 47007.973 | J6: =SUM(J7:J9) -> 52953.863 | K6: =SUM(K7:K9) -> 50700.556 | L6: =SUM(I6:K6) -> 150662.39 | M6: =SUM(M7:M9) -> 61473.013 | N6: =SUM(N7:N9) -> 57456.03 | O6: =SUM(O7:O9) -> 63027.588 | P6: =SUM(M6:O6) -> 181956.63 | Q6: =SUM(Q7:Q9) -> 56439.269 | R6: =SUM(R7:R9) -> 50806.882 | S6: =SUM(S7:S9) -> 43854.262 | T6: =SUM(Q6:S6) -> 151100.41
A7: - | B7: Laut / Non Pelabuhan | C7: Ton | D7: =SUM(H7,L7,P7,T7) -> 391334.21 | E7: =TANGKAP!E6 -> 29152.746 | F7: =TANGKAP!F6 -> 26940.293 | G7: =TANGKAP!G6 -> 26650.341 | H7: =SUM(E7:G7) -> 82743.38 | I7: =TANGKAP!I6 -> 32706.072 | J7: =TANGKAP!J6 -> 35177.115 | K7: =TANGKAP!K6 -> 34135.075 | L7: =SUM(I7:K7) -> 102018.26 | M7: =TANGKAP!M6 -> 36065.859 | N7: =TANGKAP!N6 -> 36701.989 | O7: =TANGKAP!O6 -> 40121.112 | P7: =SUM(M7:O7) -> 112888.96 | Q7: =TANGKAP!Q6 -> 35223.213 | R7: =TANGKAP!R6 -> 31009.544 | S7: =TANGKAP!S6 -> 27450.849 | T7: =SUM(Q7:S7) -> 93683.606
A8: - | B8: Pelabuhan | C8: Ton | D8: =SUM(H8,L8,P8,T8) -> 202034.43 | E8: =TANGKAP!E7 -> 14042.054 | F8: =TANGKAP!F7 -> 9371.009 | G8: =TANGKAP!G7 -> 13805.294 | H8: =SUM(E8:G8) -> 37218.357 | I8: =TANGKAP!I7 -> 13032.606 | J8: =TANGKAP!J7 -> 16472.47 | K8: =TANGKAP!K7 -> 15372.703 | L8: =SUM(I8:K8) -> 44877.779 | M8: =TANGKAP!M7 -> 24345.19 | N8: =TANGKAP!N7 -> 19641.811 | O8: =TANGKAP!O7 -> 21784.06 | P8: =SUM(M8:O8) -> 65771.061 | Q8: =TANGKAP!Q7 -> 20107.096 | R8: =TANGKAP!R7 -> 18712.018 | S8: =TANGKAP!S7 -> 15348.116 | T8: =SUM(Q8:S8) -> 54167.23
A9: - | B9: PUD | C9: Ton | D9: =SUM(H9,L9,P9,T9) -> 13975.271 | E9: =TANGKAP!E8 -> 1125.311 | F9: =TANGKAP!F8 -> 1224.732 | G9: =TANGKAP!G8 -> 1312.69 | H9: =SUM(E9:G9) -> 3662.733 | I9: =TANGKAP!I8 -> 1269.295 | J9: =TANGKAP!J8 -> 1304.278 | K9: =TANGKAP!K8 -> 1192.778 | L9: =SUM(I9:K9) -> 3766.351 | M9: =TANGKAP!M8 -> 1061.964 | N9: =TANGKAP!N8 -> 1112.23 | O9: =TANGKAP!O8 -> 1122.416 | P9: =SUM(M9:O9) -> 3296.61 | Q9: =TANGKAP!Q8 -> 1108.96 | R9: =TANGKAP!R8 -> 1085.32 | S9: =TANGKAP!S8 -> 1055.297 | T9: =SUM(Q9:S9) -> 3249.577
A10: 2 | B10: Perikanan Budidaya | C10: Ton | D10: =SUM(H10,L10,P10,T10) -> 1442333 | E10: =SUM(E11:E16) -> 100101.99 | F10: =SUM(F11:F16) -> 109536.39 | G10: =SUM(G11:G16) -> 120474.07 | H10: =SUM(E10:G10) -> 330112.46 | I10: =SUM(I11:I16) -> 117859.12 | J10: =SUM(J11:J16) -> 120777.12 | K10: =SUM(K11:K16) -> 112310.71 | L10: =SUM(I10:K10) -> 350946.95 | M10: =SUM(M11:M16) -> 125106.38 | N10: =SUM(N11:N16) -> 125340.13 | O10: =SUM(O11:O16) -> 134190.05 | P10: =SUM(M10:O10) -> 384636.55 | Q10: =SUM(Q11:Q16) -> 119766.41 | R10: =SUM(R11:R16) -> 122691.29 | S10: =SUM(S11:S16) -> 134179.34 | T10: =SUM(T11:T16) -> 376637.04
A11: - | B11: Laut | C11: Ton | D11: =SUM(H11,L11,P11,T11) -> 774415.16 | E11: =BUDIDAYA!E61 -> 47094.474 | F11: =BUDIDAYA!F61 -> 51144.2 | G11: =BUDIDAYA!G61 -> 58230.457 | H11: =SUM(E11:G11) -> 156469.13 | I11: =BUDIDAYA!I6 -> 55914.419 | J11: =BUDIDAYA!J6 -> 57079.483 | K11: =BUDIDAYA!K6 -> 56556.37 | L11: =SUM(I11:K11) -> 169550.27 | M11: =BUDIDAYA!M6 -> 74919.428 | N11: =BUDIDAYA!N6 -> 72360.697 | O11: =BUDIDAYA!O6 -> 80512.764 | P11: =SUM(M11:O11) -> 227792.89 | Q11: =BUDIDAYA!Q6 -> 69955.922 | R11: =BUDIDAYA!R6 -> 72316.751 | S11: =BUDIDAYA!S6 -> 78330.195 | T11: =SUM(Q11:S11) -> 220602.87
A12: - | B12: Tambak | C12: Ton | D12: =SUM(H12,L12,P12,T12) -> 282359.63 | E12: =BUDIDAYA!E7 -> 22313.374 | F12: =BUDIDAYA!F7 -> 23749.563 | G12: =BUDIDAYA!G7 -> 25210.445 | H12: =SUM(E12:G12) -> 71273.383 | I12: =BUDIDAYA!I7 -> 23327.005 | J12: =BUDIDAYA!J7 -> 21858.863 | K12: =BUDIDAYA!K7 -> 22177.34 | L12: =SUM(I12:K12) -> 67363.208 | M12: =BUDIDAYA!M7 -> 22574.998 | N12: =BUDIDAYA!N7 -> 25552.928 | O12: =BUDIDAYA!O7 -> 26363.971 | P12: =SUM(M12:O12) -> 74491.898 | Q12: =BUDIDAYA!Q7 -> 22767.893 | R12: =BUDIDAYA!R7 -> 21933.068 | S12: =BUDIDAYA!S7 -> 24530.182 | T12: =SUM(Q12:S12) -> 69231.143
A13: - | B13: Kolam | C13: Ton | D13: =SUM(H13,L13,P13,T13) -> 356663.33 | E13: =BUDIDAYA!E8 -> 27488.954 | F13: =BUDIDAYA!F8 -> 31413.318 | G13: =BUDIDAYA!G8 -> 34255.335 | H13: =SUM(E13:G13) -> 93157.607 | I13: =BUDIDAYA!I8 -> 35644.685 | J13: =BUDIDAYA!J8 -> 38914.071 | K13: =BUDIDAYA!K8 -> 31587.546 | L13: =SUM(I13:K13) -> 106146.3 | M13: =BUDIDAYA!M8 -> 26576.82 | N13: =BUDIDAYA!N8 -> 26086.586 | O13: =BUDIDAYA!O8 -> 25774.87 | P13: =SUM(M13:O13) -> 78438.276 | Q13: =BUDIDAYA!Q8 -> 25398.837 | R13: =BUDIDAYA!R8 -> 26013.916 | S13: =BUDIDAYA!S8 -> 27508.395 | T13: =SUM(Q13:S13) -> 78921.149
A14: - | B14: Mina Padi | C14: Ton | D14: =SUM(H14,L14,P14,T14) -> 16316.298 | E14: =BUDIDAYA!E9 -> 1750.2 | F14: =BUDIDAYA!F9 -> 1899.32 | G14: =BUDIDAYA!G9 -> 1594.743 | H14: =SUM(E14:G14) -> 5244.263 | I14: =BUDIDAYA!I9 -> 1851.281 | J14: =BUDIDAYA!J9 -> 1912.668 | K14: =BUDIDAYA!K9 -> 1128.26 | L14: =SUM(I14:K14) -> 4892.209 | M14: =BUDIDAYA!M9 -> 541.163 | N14: =BUDIDAYA!N9 -> 717.716 | O14: =BUDIDAYA!O9 -> 882.192 | P14: =SUM(M14:O14) -> 2141.071 | Q14: =BUDIDAYA!Q9 -> 907.891 | R14: =BUDIDAYA!R9 -> 1138.687 | S14: =BUDIDAYA!S9 -> 1992.177 | T14: =SUM(Q14:S14) -> 4038.755
A15: - | B15: Karamba | C15: Ton | D15: =SUM(H15,L15,P15,T15) -> 6969.165 | E15: =BUDIDAYA!E10 -> 731.767 | F15: =BUDIDAYA!F10 -> 663.737 | G15: =BUDIDAYA!G10 -> 556.787 | H15: =SUM(E15:G15) -> 1952.291 | I15: =BUDIDAYA!I10 -> 534.179 | J15: =BUDIDAYA!J10 -> 515.965 | K15: =BUDIDAYA!K10 -> 407.815 | L15: =SUM(I15:K15) -> 1457.959 | M15: =BUDIDAYA!M10 -> 296.267 | N15: =BUDIDAYA!N10 -> 422.733 | O15: =BUDIDAYA!O10 -> 430.553 | P15: =SUM(M15:O15) -> 1149.553 | Q15: =BUDIDAYA!Q10 -> 479.421 | R15: =BUDIDAYA!R10 -> 882.978 | S15: =BUDIDAYA!S10 -> 1046.963 | T15: =SUM(Q15:S15) -> 2409.362
A16: - | B16: Japung/ KJA Tawar | C16: Ton | D16: =SUM(H16,L16,P16,T16) -> 5609.4059 | E16: =BUDIDAYA!E11 -> 723.22499 | F16: =BUDIDAYA!F11 -> 666.25253 | G16: =BUDIDAYA!G11 -> 626.30481 | H16: =SUM(E16:G16) -> 2015.7823 | I16: =BUDIDAYA!I11 -> 587.55241 | J16: =BUDIDAYA!J11 -> 496.06505 | K16: =BUDIDAYA!K11 -> 453.37827 | L16: =SUM(I16:K16) -> 1536.9957 | M16: =BUDIDAYA!M11 -> 197.70101 | N16: =BUDIDAYA!N11 -> 199.46572 | O16: =BUDIDAYA!O11 -> 225.69751 | P16: =SUM(M16:O16) -> 622.86424 | Q16: =BUDIDAYA!Q11 -> 256.44584 | R16: =BUDIDAYA!R11 -> 405.88484 | S16: =BUDIDAYA!S11 -> 771.43288 | T16: =SUM(Q16:S16) -> 1433.7636
A17: 3 | B17: Garam | C17: TON | D17: =SUM(H17,L17,P17,T17) -> 161.3 | E17: =GARAM!E6 -> 1 | F17: =GARAM!F6 -> 1.2 | G17: =GARAM!G6 -> 10.5 | H17: =SUM(E17:G17) -> 12.7 | I17: =GARAM!I6 -> 148.6 | J17: =GARAM!J6 -> 0 | K17: =GARAM!K6 -> 0 | L17: =SUM(I17:K17) -> 148.6 | M17: =GARAM!M6 -> 0 | N17: =GARAM!N6 -> 0 | O17: =GARAM!O6 -> 0 | P17: =SUM(M17:O17) -> 0 | Q17: =GARAM!Q6 -> 0 | R17: =GARAM!R6 -> 0 | S17: =GARAM!S6 -> 0 | T17: =SUM(Q17:S17) -> 0
A18: 4 | B18: Ekspor
A21: PRODUKSI PERIKANAN PER TRIWULAN
A22: No | B22: Uraian | C22: SATUAN | D22: JUMLAH 2024 | E22: TRIWULAN 2024 | I22: JUMLAH 2025 | J22: TRIWULAN 2025
E23: TW I | F23: TW II | G23: TW III | H23: TW IV | J23: TW I | K23: TW II | L23: TW III | M23: TW IV
B24: Total | C24: TON | D24: =SUM(D25,D29) -> 2049676.9 | E24: =SUM(E25,E29) -> 453736.93 | F24: =SUM(F25,F29) -> 501609.34 | G24: =SUM(G25,G29) -> 566593.18 | H24: =SUM(H25,H29) -> 527737.45 | I24: =SUM(J24:M24) -> 2049676.9 | J24: =SUM(J25,J29) -> 453736.93 | K24: =SUM(K25,K29) -> 501609.34 | L24: =SUM(L25,L29) -> 566593.18 | M24: =SUM(M25,M29) -> 527737.45
A25: 1 | B25: Perikanan Tangkap | C25: TON | D25: =SUM(E25,F25,G25,H25) -> 607343.91 | E25: =SUM(E26:E28) -> 123624.47 | F25: =SUM(F26:F28) -> 150662.39 | G25: =SUM(G26:G28) -> 181956.63 | H25: =SUM(H26:H28) -> 151100.41 | I25: =SUM(J25:M25) -> 607343.91 | J25: =SUM(J26:J28) -> 123624.47 | K25: =L6 -> 150662.39 | L25: =P6 -> 181956.63 | M25: =T6 -> 151100.41
A26: - | B26: Laut / Non Pelabuhan | C26: Ton | D26: =SUM(E26:H26) -> 391334.21 | E26: =H7 -> 82743.38 | F26: =L7 -> 102018.26 | G26: =P7 -> 112888.96 | H26: =T7 -> 93683.606 | I26: =SUM(J26:M26) -> 391334.21 | J26: =H7 -> 82743.38 | K26: =L7 -> 102018.26 | L26: =P7 -> 112888.96 | M26: =T7 -> 93683.606
A27: - | B27: Pelabuhan | C27: Ton | D27: =SUM(E27:H27) -> 202034.43 | E27: =H8 -> 37218.357 | F27: =L8 -> 44877.779 | G27: =P8 -> 65771.061 | H27: =T8 -> 54167.23 | I27: =SUM(J27:M27) -> 202034.43 | J27: =H8 -> 37218.357 | K27: =L8 -> 44877.779 | L27: =P8 -> 65771.061 | M27: =T8 -> 54167.23
A28: - | B28: PUD | C28: Ton | D28: =SUM(E28:H28) -> 13975.271 | E28: =H9 -> 3662.733 | F28: =L9 -> 3766.351 | G28: =P9 -> 3296.61 | H28: =T9 -> 3249.577 | I28: =SUM(J28:M28) -> 13975.271 | J28: =H9 -> 3662.733 | K28: =L9 -> 3766.351 | L28: =P9 -> 3296.61 | M28: =T9 -> 3249.577
A29: 2 | B29: Perikanan Budidaya | C29: Ton | D29: =SUM(E29,F29,G29,H29) -> 1442333 | E29: =SUM(E30:E35) -> 330112.46 | F29: =SUM(F30:F35) -> 350946.95 | G29: =SUM(G30:G35) -> 384636.55 | H29: =SUM(H30:H35) -> 376637.04 | I29: =SUM(J29:M29) -> 1442333 | J29: =H10 -> 330112.46 | K29: =L10 -> 350946.95 | L29: =P10 -> 384636.55 | M29: =T10 -> 376637.04
A30: - | B30: Laut | C30: Ton | D30: =SUM(E30,F30,G30,H30) -> 774415.16 | E30: =H11 -> 156469.13 | F30: =L11 -> 169550.27 | G30: =SUM(P11) -> 227792.89 | H30: =SUM(T11) -> 220602.87 | I30: =SUM(J30:M30) -> 774415.16 | J30: =H11 -> 156469.13 | K30: =L11 -> 169550.27 | L30: =P11 -> 227792.89 | M30: =T11 -> 220602.87
A31: - | B31: Tambak | C31: Ton | D31: =SUM(E31,F31,G31,H31) -> 282359.63 | E31: =H12 -> 71273.383 | F31: =L12 -> 67363.208 | G31: =SUM(P12) -> 74491.898 | H31: =SUM(T12) -> 69231.143 | I31: =SUM(J31:M31) -> 282359.63 | J31: =H12 -> 71273.383 | K31: =L12 -> 67363.208 | L31: =P12 -> 74491.898 | M31: =T12 -> 69231.143
A32: - | B32: Kolam | C32: Ton | D32: =SUM(E32,F32,G32,H32) -> 356663.33 | E32: =H13 -> 93157.607 | F32: =L13 -> 106146.3 | G32: =SUM(P13) -> 78438.276 | H32: =SUM(T13) -> 78921.149 | I32: =SUM(J32:M32) -> 356663.33 | J32: =H13 -> 93157.607 | K32: =L13 -> 106146.3 | L32: =P13 -> 78438.276 | M32: =T13 -> 78921.149
A33: - | B33: Mina Padi | C33: Ton | D33: =SUM(E33,F33,G33,H33) -> 16316.298 | E33: =H14 -> 5244.263 | F33: =L14 -> 4892.209 | G33: =SUM(P14) -> 2141.071 | H33: =SUM(T14) -> 4038.755 | I33: =SUM(J33:M33) -> 16316.298 | J33: =H14 -> 5244.263 | K33: =L14 -> 4892.209 | L33: =P14 -> 2141.071 | M33: =T14 -> 4038.755
A34: - | B34: Karamba | C34: Ton | D34: =SUM(E34,F34,G34,H34) -> 6969.165 | E34: =H15 -> 1952.291 | F34: =L15 -> 1457.959 | G34: =SUM(P15) -> 1149.553 | H34: =SUM(T15) -> 2409.362 | I34: =SUM(J34:M34) -> 6969.165 | J34: =H15 -> 1952.291 | K34: =L15 -> 1457.959 | L34: =P15 -> 1149.553 | M34: =T15 -> 2409.362
A35: - | B35: Japung/ KJA Tawar | C35: Ton | D35: =SUM(E35,F35,G35,H35) -> 5609.4059 | E35: =H16 -> 2015.7823 | F35: =L16 -> 1536.9957 | G35: =SUM(P16) -> 622.86424 | H35: =SUM(T16) -> 1433.7636 | I35: =SUM(J35:M35) -> 5609.4059 | J35: =H16 -> 2015.7823 | K35: =L16 -> 1536.9957 | L35: =P16 -> 622.86424 | M35: =T16 -> 1433.7636
A36: 3 | B36: Garam | C36: Ton | I36: =SUM(J36:M36) -> 161.3 | J36: =H17 -> 12.7 | K36: =L17 -> 148.6 | L36: =P17 -> 0 | M36: =T17 -> 0
A39: PRODUKSI TANGKAP JAWA TIMUR MENURUT KABUPATEN/KOTA
A40: No. | B40: U r a i a n | C40: Satuan | D40: Jumlah | E40: TW I | F40: TW II | G40: TW III | H40: TW IV
B42: JUMLAH | C42: Ton | D42: =SUM(E42:H42) -> 607343.91 | E42: =SUM(E43:E80) -> 123624.47 | F42: =SUM(F43:F80) -> 150662.39 | G42: =SUM(G43:G80) -> 181956.63 | H42: =SUM(H43:H80) -> 151100.41
A43: 1 | B43: Pacitan | C43: Ton | D43: =SUM(E43:H43) -> 14658.785 | E43: =TANGKAP!H15 -> 1643.495 | F43: =TANGKAP!L15 -> 4223.149 | G43: =TANGKAP!P15 -> 6091.111 | H43: =TANGKAP!T15 -> 2701.03
A44: =A43+1 -> 2 | B44: Ponorogo | C44: Ton | D44: =SUM(E44:H44) -> 11963.11 | E44: =TANGKAP!H16 -> 953.42 | F44: =TANGKAP!L16 -> 2484.39 | G44: =TANGKAP!P16 -> 7212.01 | H44: =TANGKAP!T16 -> 1313.29
A45: =A44+1 -> 3 | B45: Trenggalek | C45: Ton | D45: =SUM(E45:H45) -> 7422.044 | E45: =TANGKAP!H17 -> 960.447 | F45: =TANGKAP!L17 -> 1531.101 | G45: =TANGKAP!P17 -> 3181.061 | H45: =TANGKAP!T17 -> 1749.435
A46: =A45+1 -> 4 | B46: Tulungagung | C46: Ton | D46: =SUM(E46:H46) -> 13924.347 | E46: =TANGKAP!H18 -> 3382.722 | F46: =TANGKAP!L18 -> 3300.526 | G46: =TANGKAP!P18 -> 3956.845 | H46: =TANGKAP!T18 -> 3284.254
A47: =A46+1 -> 5 | B47: Blitar | C47: Ton | D47: =SUM(E47:H47) -> 3828.242 | E47: =TANGKAP!H19 -> 433.875 | F47: =TANGKAP!L19 -> 649.117 | G47: =TANGKAP!P19 -> 1458.3 | H47: =TANGKAP!T19 -> 1286.95
A48: =A47+1 -> 6 | B48: Kediri | C48: Ton | D48: =SUM(E48:H48) -> 17331.797 | E48: =TANGKAP!H20 -> 2400.425 | F48: =TANGKAP!L20 -> 5977.162 | G48: =TANGKAP!P20 -> 6041.47 | H48: =TANGKAP!T20 -> 2912.74
A49: =A48+1 -> 7 | B49: Malang | C49: Ton | D49: =SUM(E49:H49) -> 15567.705 | E49: =TANGKAP!H21 -> 3990.75 | F49: =TANGKAP!L21 -> 4738.976 | G49: =TANGKAP!P21 -> 4666.983 | H49: =TANGKAP!T21 -> 2170.996
A50: =A49+1 -> 8 | B50: Lumajang | C50: Ton | D50: =SUM(E50:H50) -> 11540.541 | E50: =TANGKAP!H22 -> 1902.328 | F50: =TANGKAP!L22 -> 1957.44 | G50: =TANGKAP!P22 -> 4556.541 | H50: =TANGKAP!T22 -> 3124.232
A51: =A50+1 -> 9 | B51: Jember | C51: Ton | D51: =SUM(E51:H51) -> 19172.523 | E51: =TANGKAP!H23 -> 1068.34 | F51: =TANGKAP!L23 -> 2501.2 | G51: =TANGKAP!P23 -> 7954.47 | H51: =TANGKAP!T23 -> 7648.513
A52: =A51+1 -> 10 | B52: Banyuwangi | C52: Ton | D52: =SUM(E52:H52) -> 72382.493 | E52: =TANGKAP!H24 -> 15414.535 | F52: =TANGKAP!L24 -> 17601.643 | G52: =TANGKAP!P24 -> 16911.155 | H52: =TANGKAP!T24 -> 22455.16
A53: =A52+1 -> 11 | B53: Bondowoso | C53: Ton | D53: =SUM(E53:H53) -> 8117.96 | E53: =TANGKAP!H25 -> 866.8 | F53: =TANGKAP!L25 -> 1657.6 | G53: =TANGKAP!P25 -> 2852.67 | H53: =TANGKAP!T25 -> 2740.89
A54: =A53+1 -> 12 | B54: Situbondo | C54: Ton | D54: =SUM(E54:H54) -> 75133.247 | E54: =TANGKAP!H26 -> 18429.38 | F54: =TANGKAP!L26 -> 15242.7 | G54: =TANGKAP!P26 -> 18791.4 | H54: =TANGKAP!T26 -> 22669.767
A55: =A54+1 -> 13 | B55: Probolinggo | C55: Ton | D55: =SUM(E55:H55) -> 36601.17 | E55: =TANGKAP!H27 -> 7693.4 | F55: =TANGKAP!L27 -> 11594.6 | G55: =TANGKAP!P27 -> 8428.77 | H55: =TANGKAP!T27 -> 8884.4
... A64: =A63+1 -> 22 | B64: Bojonegoro | C64: Ton | D64: =SUM(E64:H64) -> 7733.412 | E64: =TANGKAP!H36 -> 580.332 | F64: =TANGKAP!L36 -> 917.218 | G64: =TANGKAP!P36 -> 3543.99 | H64: =TANGKAP!T36 -> 2691.872
A65: 23 | B65: Tuban | C65: Ton | D65: =SUM(E65:H65) -> 37758.3 | E65: =TANGKAP!H37 -> 10069.8 | F65: =TANGKAP!L37 -> 9030.4 | G65: =TANGKAP!P37 -> 9498.3 | H65: =TANGKAP!T37 -> 9159.8
A66: 24 | B66: Lamongan | C66: Ton | D66: =SUM(E66:H66) -> 26006.57 | E66: =TANGKAP!H38 -> 1958.06 | F66: =TANGKAP!L38 -> 4563.39 | G66: =TANGKAP!P38 -> 14091.19 | H66: =TANGKAP!T38 -> 5393.93
A67: 25 | B67: Gresik | C67: Ton | D67: =SUM(E67:H67) -> 10843 | E67: =TANGKAP!H39 -> 2158.9 | F67: =TANGKAP!L39 -> 2455.3 | G67: =TANGKAP!P39 -> 3063.7 | H67: =TANGKAP!T39 -> 3165.1
A68: 26 | B68: Bangkalan | C68: Ton | D68: =SUM(E68:H68) -> 25778.3 | E68: =TANGKAP!H40 -> 3239.4 | F68: =TANGKAP!L40 -> 7613.1 | G68: =TANGKAP!P40 -> 9947.7 | H68: =TANGKAP!T40 -> 4978.1
A69: 27 | B69: Sampang | C69: Ton | D69: =SUM(E69:H69) -> 16805.3 | E69: =TANGKAP!H41 -> 3408.6 | F69: =TANGKAP!L41 -> 4848.8 | G69: =TANGKAP!P41 -> 4777.8 | H69: =TANGKAP!T41 -> 3770.1
A70: 28 | B70: Pamekasan | C70: Ton | D70: =SUM(E70:H70) -> 18004.6 | E70: =TANGKAP!H42 -> 3543.9 | F70: =TANGKAP!L42 -> 5012.4 | G70: =TANGKAP!P42 -> 4586.1 | H70: =TANGKAP!T42 -> 4862.2
A71: 29 | B71: Sumenep | C71: Ton | D71: =SUM(E71:H71) -> 40137.189 | E71: =TANGKAP!H43 -> 12735.5 | F71: =TANGKAP!L43 -> 11510.48 | G71: =TANGKAP!P43 -> 9394.7 | H71: =TANGKAP!T43 -> 6496.509
A72: 30 | B72: Kota Kediri | C72: Ton | D72: =SUM(E72:H72) -> 33.2 | E72: =TANGKAP!H44 -> 8.3 | F72: =TANGKAP!L44 -> 9 | G72: =TANGKAP!P44 -> 7.9 | H72: =TANGKAP!T44 -> 8
A73: 31 | B73: Kota Blitar | C73: Ton | D73: =SUM(E73:H73) -> 0 | E73: =TANGKAP!H45 -> 0 | F73: =TANGKAP!L45 -> 0 | G73: =TANGKAP!P45 -> 0 | H73: =TANGKAP!T45 -> 0
A74: 32 | B74: Kota Malang | C74: Ton | D74: =SUM(E74:H74) -> 0 | E74: =TANGKAP!H46 -> 0 | F74: =TANGKAP!L46 -> 0 | G74: =TANGKAP!P46 -> 0 | H74: =TANGKAP!T46 -> 0
A75: 33 | B75: Kota Probolinggo | C75: Ton | D75: =SUM(E75:H75) -> 939.077 | E75: =TANGKAP!H47 -> 211.287 | F75: =TANGKAP!L47 -> 299.847 | G75: =TANGKAP!P47 -> 191.278 | H75: =TANGKAP!T47 -> 236.665
A76: 34 | B76: Kota Pasuruan | C76: Ton | D76: =SUM(E76:H76) -> 11036.6 | E76: =TANGKAP!H48 -> 3018.6 | F76: =TANGKAP!L48 -> 3617.2 | G76: =TANGKAP!P48 -> 2488.7 | H76: =TANGKAP!T48 -> 1912.1
... A80: 38 | B80: Kota Batu | C80: Ton | D80: =SUM(E80:H80) -> 0 | E80: =TANGKAP!H52 -> 0 | F80: =TANGKAP!L52 -> 0 | G80: =TANGKAP!P52 -> 0 | H80: =TANGKAP!T52 -> 0
A83: PRODUKSI BUDIDAYA JAWA TIMUR MENURUT KABUPATEN/KOTA
A84: No. | B84: U r a i a n | C84: Satuan | D84: Jumlah | E84: TW I | F84: TW II | G84: TW III | H84: TW IV
B86: JUMLAH | C86: Ton | D86: =SUM(E86:H86) -> 1442333 | E86: =SUM(E87:E124) -> 330112.46 | F86: =SUM(F87:F124) -> 350946.95 | G86: =SUM(G87:G124) -> 384636.55 | H86: =SUM(H87:H124) -> 376637.04
A87: 1 | B87: Pacitan | C87: Ton | D87: =SUM(E87:H87) -> 15081.607 | E87: =BUDIDAYA!H18 -> 4955.552 | F87: =BUDIDAYA!L18 -> 2036.285 | G87: =BUDIDAYA!P18 -> 1756.77 | H87: =BUDIDAYA!T18 -> 6333
A88: =A87+1 -> 2 | B88: Ponorogo | C88: Ton | D88: =SUM(E88:H88) -> 30646.435 | E88: =BUDIDAYA!H19 -> 7302.17 | F88: =BUDIDAYA!L19 -> 7548.854 | G88: =BUDIDAYA!P19 -> 7722.35 | H88: =BUDIDAYA!T19 -> 8073.061
A89: =A88+1 -> 3 | B89: Trenggalek | C89: Ton | D89: =SUM(E89:H89) -> 17736.425 | E89: =BUDIDAYA!H20 -> 4138.18 | F89: =BUDIDAYA!L20 -> 4447.74 | G89: =BUDIDAYA!P20 -> 4279.86 | H89: =BUDIDAYA!T20 -> 4870.645
A90: =A89+1 -> 4 | B90: Tulungagung | C90: Ton | D90: =SUM(E90:H90) -> 5384.128 | E90: =BUDIDAYA!H21 -> 1611.035 | F90: =BUDIDAYA!L21 -> 1266.706 | G90: =BUDIDAYA!P21 -> 1063.822 | H90: =BUDIDAYA!T21 -> 1442.565
A91: =A90+1 -> 5 | B91: Blitar | C91: Ton | D91: =SUM(E91:H91) -> 849.316 | E91: =BUDIDAYA!H22 -> 226.594 | F91: =BUDIDAYA!L22 -> 206.553 | G91: =BUDIDAYA!P22 -> 202.717 | H91: =BUDIDAYA!T22 -> 213.452
A92: =A91+1 -> 6 | B92: Kediri | C92: Ton | D92: =SUM(E92:H92) -> 160439.07 | E92: =BUDIDAYA!H23 -> 40844.408 | F92: =BUDIDAYA!L23 -> 40844.02 | G92: =BUDIDAYA!P23 -> 40001.284 | H92: =BUDIDAYA!T23 -> 38749.362
A93: =A92+1 -> 7 | B93: Malang | C93: Ton | D93: =SUM(E93:H93) -> 16410.715 | E93: =BUDIDAYA!H24 -> 4228.988 | F93: =BUDIDAYA!L24 -> 3332.125 | G93: =BUDIDAYA!P24 -> 4388.8399 | H93: =BUDIDAYA!T24 -> 4460.7625
A94: =A93+1 -> 8 | B94: Lumajang | C94: Ton | D94: =SUM(E94:H94) -> 14792 | E94: =BUDIDAYA!H25 -> 3845.7 | F94: =BUDIDAYA!L25 -> 3727.8 | G94: =BUDIDAYA!P25 -> 3551.9 | H94: =BUDIDAYA!T25 -> 3666.6
A95: =A94+1 -> 9 | B95: Jember | C95: Ton | D95: =SUM(E95:H95) -> 25514.275 | E95: =BUDIDAYA!H26 -> 6417.12 | F95: =BUDIDAYA!L26 -> 6917.12 | G95: =BUDIDAYA!P26 -> 6098.785 | H95: =BUDIDAYA!T26 -> 6081.25
A96: =A95+1 -> 10 | B96: Banyuwangi | C96: Ton | D96: =SUM(E96:H96) -> 46941.847 | E96: =BUDIDAYA!H27 -> 13960.78 | F96: =BUDIDAYA!L27 -> 28179.906 | G96: =BUDIDAYA!P27 -> 3015.313 | H96: =BUDIDAYA!T27 -> 1785.848
A97: =A96+1 -> 11 | B97: Bondowoso | C97: Ton | D97: =SUM(E97:H97) -> 5111.5964 | E97: =BUDIDAYA!H28 -> 1312.0004 | F97: =BUDIDAYA!L28 -> 1263.317 | G97: =BUDIDAYA!P28 -> 1250.893 | H97: =BUDIDAYA!T28 -> 1285.386
A98: =A97+1 -> 12 | B98: Situbondo | C98: Ton | D98: =SUM(E98:H98) -> 3850.1 | E98: =BUDIDAYA!H29 -> 983.3 | F98: =BUDIDAYA!L29 -> 990.8 | G98: =BUDIDAYA!P29 -> 881.45 | H98: =BUDIDAYA!T29 -> 994.55
A99: =A98+1 -> 13 | B99: Probolinggo | C99: Ton | D99: =SUM(E99:H99) -> 1860.28 | E99: =BUDIDAYA!H30 -> 483.58 | F99: =BUDIDAYA!L30 -> 483.7 | G99: =BUDIDAYA!P30 -> 430.99 | H99: =BUDIDAYA!T30 -> 462.01
... A108: =A107+1 -> 22 | B108: Bojonegoro | C108: Ton | D108: =SUM(E108:H108) -> 15433.568 | E108: =BUDIDAYA!H39 -> 4712.9 | F108: =BUDIDAYA!L39 -> 3886.59 | G108: =BUDIDAYA!P39 -> 4027.208 | H108: =BUDIDAYA!T39 -> 2806.87
A109: 23 | B109: Tuban | C109: Ton | D109: =SUM(E109:H109) -> 1083.028 | E109: =BUDIDAYA!H40 -> 314.645 | F109: =BUDIDAYA!L40 -> 357.367 | G109: =BUDIDAYA!P40 -> 147.37 | H109: =BUDIDAYA!T40 -> 263.646
A110: 24 | B110: Lamongan | C110: Ton | D110: =SUM(E110:H110) -> 110739.69 | E110: =BUDIDAYA!H41 -> 26443.381 | F110: =BUDIDAYA!L41 -> 26639.452 | G110: =BUDIDAYA!P41 -> 31984.704 | H110: =BUDIDAYA!T41 -> 25672.15
A111: 25 | B111: Gresik | C111: Ton | D111: =SUM(E111:H111) -> 11675.328 | E111: =BUDIDAYA!H42 -> 2983.727 | F111: =BUDIDAYA!L42 -> 3120.155 | G111: =BUDIDAYA!P42 -> 3096.41 | H111: =BUDIDAYA!T42 -> 2475.036
A112: 26 | B112: Bangkalan | C112: Ton | D112: =SUM(E112:H112) -> 770272.1 | E112: =BUDIDAYA!H43 -> 156973.54 | F112: =BUDIDAYA!L43 -> 169529.05 | G112: =BUDIDAYA!P43 -> 228142.36 | H112: =BUDIDAYA!T43 -> 215627.14
A113: 27 | B113: Sampang | C113: Ton | D113: =SUM(E113:H113) -> 5088.463 | E113: =BUDIDAYA!H44 -> 1330.814 | F113: =BUDIDAYA!L44 -> 1396.536 | G113: =BUDIDAYA!P44 -> 1236.445 | H113: =BUDIDAYA!T44 -> 1124.668
A114: 28 | B114: Pamekasan | C114: Ton | D114: =SUM(E114:H114) -> 53319.43 | E114: =BUDIDAYA!H45 -> 14404.74 | F114: =BUDIDAYA!L45 -> 12346.92 | G114: =BUDIDAYA!P45 -> 9774.67 | H114: =BUDIDAYA!T45 -> 16793.1
A115: 29 | B115: Sumenep | C115: Ton | D115: =SUM(E115:H115) -> 53751.5 | E115: =BUDIDAYA!H46 -> 12372 | F115: =BUDIDAYA!L46 -> 13819.5 | G115: =BUDIDAYA!P46 -> 13208.5 | H115: =BUDIDAYA!T46 -> 14351.5
A116: 30 | B116: Kota Kediri | C116: Ton | D116: =SUM(E116:H116) -> 65.339 | E116: =BUDIDAYA!H47 -> 15.201 | F116: =BUDIDAYA!L47 -> 15.83 | G116: =BUDIDAYA!P47 -> 16.883 | H116: =BUDIDAYA!T47 -> 17.425
A117: 31 | B117: Kota Blitar | C117: Ton | D117: =SUM(E117:H117) -> 244.78 | E117: =BUDIDAYA!H48 -> 68.43 | F117: =BUDIDAYA!L48 -> 62.7 | G117: =BUDIDAYA!P48 -> 61.14 | H117: =BUDIDAYA!T48 -> 52.51
A118: 32 | B118: Kota Malang | C118: Ton | D118: =SUM(E118:H118) -> 193.1 | E118: =BUDIDAYA!H49 -> 50.9 | F118: =BUDIDAYA!L49 -> 47.6 | G118: =BUDIDAYA!P49 -> 46.3 | H118: =BUDIDAYA!T49 -> 48.3
A119: 33 | B119: Kota Probolinggo | C119: Ton | D119: =SUM(E119:H119) -> 290.62495 | E119: =BUDIDAYA!H50 -> 91.94498 | F119: =BUDIDAYA!L50 -> 82.78997 | G119: =BUDIDAYA!P50 -> 55.365 | H119: =BUDIDAYA!T50 -> 60.525
A120: 34 | B120: Kota Pasuruan | C120: Ton | D120: =SUM(E120:H120) -> 162 | E120: =BUDIDAYA!H51 -> 47 | F120: =BUDIDAYA!L51 -> 35 | G120: =BUDIDAYA!P51 -> 25 | H120: =BUDIDAYA!T51 -> 55
... A124: 38 | B124: Kota Batu | C124: Ton | D124: =SUM(E124:H124) -> 9979.52 | E124: =BUDIDAYA!H55 -> 2894.7 | F124: =BUDIDAYA!L55 -> 2272.63 | G124: =BUDIDAYA!P55 -> 2362.24 | H124: =BUDIDAYA!T55 -> 2449.95
A127: PRODUKSI GARAM JAWA TIMUR MENURUT KABUPATEN/KOTA
A128: No. | B128: U r a i a n | C128: Satuan | D128: Jumlah | E128: TW I | F128: TW II | G128: TW III | H128: TW IV
B130: JUMLAH | C130: Ton | D130: =SUM(E130:H130) -> 161.3 | E130: =SUM(E131:E168) -> 12.7 | F130: =SUM(F131:F168) -> 148.6 | G130: =SUM(G131:G168) -> 0 | H130: =SUM(H131:H168) -> 0
A131: 1 | B131: Pacitan | C131: Ton | D131: =SUM(E131:H131) -> 0 | E131: =GARAM!H7 -> 0 | F131: =GARAM!L7 -> 0 | G131: =GARAM!P7 -> 0 | H131: =GARAM!T7 -> 0
A132: =A131+1 -> 2 | B132: Ponorogo | C132: Ton | D132: =SUM(E132:H132) -> 0 | E132: =GARAM!H8 -> 0 | F132: =GARAM!L8 -> 0 | G132: =GARAM!P8 -> 0 | H132: =GARAM!T8 -> 0
A133: =A132+1 -> 3 | B133: Trenggalek | C133: Ton | D133: =SUM(E133:H133) -> 0 | E133: =GARAM!H9 -> 0 | F133: =GARAM!L9 -> 0 | G133: =GARAM!P9 -> 0 | H133: =GARAM!T9 -> 0
A134: =A133+1 -> 4 | B134: Tulungagung | C134: Ton | D134: =SUM(E134:H134) -> 0 | E134: =GARAM!H10 -> 0 | F134: =GARAM!L10 -> 0 | G134: =GARAM!P10 -> 0 | H134: =GARAM!T10 -> 0
...

Sheet SERIES
A1: PRODUKSI TANGKAP JAWA TIMUR MENURUT KABUPATEN/KOTA
A2: No. | B2: U r a i a n | C2: Satuan | D2: Jumlah 2021 | E2: 2021 | H2: Jumlah 2022 | I2: 2022 | L2: Jumlah 2023 | M2: 2023 | P2: Jumlah 2024 | Q2: 2024 | T2: Jumlah 2025 | U2: 2025
E3: TANGKAP | F3: BUDIDAYA | G3: GARAM | I3: TANGKAP | J3: BUDIDAYA | K3: GARAM | M3: TANGKAP | N3: BUDIDAYA | O3: GARAM | Q3: TANGKAP | R3: BUDIDAYA | S3: GARAM | U3: TANGKAP | V3: BUDIDAYA | W3: GARAM
B4: JUMLAH | C4: Ton | D4: =SUM(E4:G4) -> 2604046.1 | E4: =SUM(E5:E42) -> 571183.1 | F4: =SUM(F5:F42) -> 1292449 | G4: =SUM(G5:G42) -> 740414.08 | H4: =SUM(I4:K4) -> 1786341.9 | I4: =SUM(I5:I42) -> 196276.29 | J4: =SUM(J5:J42) -> 1314200.8 | K4: =SUM(K5:K42) -> 275864.84 | L4: =SUM(M4:O4) -> 2816632.1 | M4: =SUM(M5:M42) -> 609685.85 | N4: =SUM(N5:N42) -> 1359934.9 | O4: =SUM(O5:O42) -> 847011.33 | P4: =SUM(Q4:S4) -> 0 | Q4: =SUM(Q5:Q42) -> 0 | R4: =SUM(R5:R42) -> 0 | S4: =SUM(S5:S42) -> 0 | T4: =SUM(U4:W4) -> 2049838.2 | U4: =SUM(U5:U42) -> 607343.91 | V4: =SUM(V5:V42) -> 1442333 | W4: =SUM(W5:W42) -> 161.3
A5: 1 | B5: Pacitan | C5: Ton | D5: =SUM(E5:G5) -> 19965.732 | E5: 17800.856 | F5: 2164.876 | G5: 0 | H5: =SUM(I5:K5) -> 8261.152 | I5: 6613.973 | J5: 1647.179 | K5: 0 | L5: =SUM(M5:O5) -> 23134.609 | M5: 21682.045 | N5: 1452.564 | O5: 0 | P5: =SUM(Q5:S5) -> 0 | T5: =SUM(U5:W5) -> 29740.392 | U5: =TRIWULAN!D43 -> 14658.785 | V5: =TRIWULAN!D87 -> 15081.607 | W5: =TRIWULAN!D131 -> 0
A6: =A5+1 -> 2 | B6: Ponorogo | C6: Ton | D6: =SUM(E6:G6) -> 1848.647 | E6: 49.1 | F6: 1799.547 | G6: 0 | H6: =SUM(I6:K6) -> 10864.815 | I6: 8973.925 | J6: 1890.89 | K6: 0 | L6: =SUM(M6:O6) -> 28619.136 | M6: 26632.189 | N6: 1986.947 | O6: 0 | P6: =SUM(Q6:S6) -> 0 | T6: =SUM(U6:W6) -> 42609.545 | U6: =TRIWULAN!D44 -> 11963.11 | V6: =TRIWULAN!D88 -> 30646.435 | W6: =TRIWULAN!D132 -> 0
A7: =A6+1 -> 3 | B7: Trenggalek | C7: Ton | D7: =SUM(E7:G7) -> 26907.19 | E7: 22255.339 | F7: 4651.8508 | G7: 0 | H7: =SUM(I7:K7) -> 9917.8391 | I7: 5113.955 | J7: 4803.8841 | K7: 0 | L7: =SUM(M7:O7) -> 16260.434 | M7: 11400.271 | N7: 4860.1628 | O7: 0 | P7: =SUM(Q7:S7) -> 0 | T7: =SUM(U7:W7) -> 25158.469 | U7: =TRIWULAN!D45 -> 7422.044 | V7: =TRIWULAN!D89 -> 17736.425 | W7: =TRIWULAN!D133 -> 0
A8: =A7+1 -> 4 | B8: Tulungagung | C8: Ton | D8: =SUM(E8:G8) -> 52526.36 | E8: 13395.164 | F8: 39131.196 | G8: 0 | H8: =SUM(I8:K8) -> 47196.816 | I8: 5170.816 | J8: 42026 | K8: 0 | L8: =SUM(M8:O8) -> 54188.706 | M8: 10720.706 | N8: 43468 | O8: 0 | P8: =SUM(Q8:S8) -> 0 | T8: =SUM(U8:W8) -> 19308.475 | U8: =TRIWULAN!D46 -> 13924.347 | V8: =TRIWULAN!D90 -> 5384.128 | W8: =TRIWULAN!D134 -> 0
A9: =A8+1 -> 5 | B9: Blitar | C9: Ton | D9: =SUM(E9:G9) -> 20263.312 | E9: 2422.292 | F9: 17841.02 | G9: 0 | H9: =SUM(I9:K9) -> 17802.836 | I9: 1376.576 | J9: 16426.26 | K9: 0 | L9: =SUM(M9:O9) -> 21159.134 | M9: 4259.0941 | N9: 16900.04 | O9: 0 | P9: =SUM(Q9:S9) -> 0 | T9: =SUM(U9:W9) -> 4677.558 | U9: =TRIWULAN!D47 -> 3828.242 | V9: =TRIWULAN!D91 -> 849.316 | W9: =TRIWULAN!D135 -> 0
A10: =A9+1 -> 6 | B10: Kediri | C10: Ton | D10: =SUM(E10:G10) -> 22473.559 | E10: 118.61927 | F10: 22354.94 | G10: 0 | H10: =SUM(I10:K10) -> 28509.541 | I10: 5425.326 | J10: 23084.215 | K10: 0 | L10: =SUM(M10:O10) -> 43835.544 | M10: 19839.144 | N10: 23996.4 | O10: 0 | P10: =SUM(Q10:S10) -> 0 | T10: =SUM(U10:W10) -> 177770.87 | U10: =TRIWULAN!D48 -> 17331.797 | V10: =TRIWULAN!D92 -> 160439.07 | W10: =TRIWULAN!D136 -> 0
A11: =A10+1 -> 7 | B11: Malang | C11: Ton | D11: =SUM(E11:G11) -> 31775.189 | E11: 20181.041 | F11: 11594.148 | G11: 0 | H11: =SUM(I11:K11) -> 17186.794 | I11: 5244.7543 | J11: 11942.04 | K11: 0 | L11: =SUM(M11:O11) -> 27563.438 | M11: 15225.468 | N11: 12337.97 | O11: 0 | P11: =SUM(Q11:S11) -> 0 | T11: =SUM(U11:W11) -> 31978.42 | U11: =TRIWULAN!D49 -> 15567.705 | V11: =TRIWULAN!D93 -> 16410.715 | W11: =TRIWULAN!D137 -> 0
A12: =A11+1 -> 8 | B12: Lumajang | C12: Ton | D12: =SUM(E12:G12) -> 10559.333 | E12: 7104.194 | F12: 3455.139 | G12: 0 | H12: =SUM(I12:K12) -> 10926.172 | I12: 6426.076 | J12: 4500.096 | K12: 0 | L12: =SUM(M12:O12) -> 17992.938 | M12: 13278.904 | N12: 4714.034 | O12: 0 | P12: =SUM(Q12:S12) -> 0 | T12: =SUM(U12:W12) -> 26332.541 | U12: =TRIWULAN!D50 -> 11540.541 | V12: =TRIWULAN!D94 -> 14792 | W12: =TRIWULAN!D138 -> 0
A13: =A12+1 -> 9 | B13: Jember | C13: Ton | D13: =SUM(E13:G13) -> 29376.613 | E13: 15963.813 | F13: 13412.8 | G13: 0 | H13: =SUM(I13:K13) -> 22870.574 | I13: 7620.474 | J13: 15250.1 | K13: 0 | L13: =SUM(M13:O13) -> 35695.528 | M13: 20215.828 | N13: 15479.7 | O13: 0 | P13: =SUM(Q13:S13) -> 0 | T13: =SUM(U13:W13) -> 44686.798 | U13: =TRIWULAN!D51 -> 19172.523 | V13: =TRIWULAN!D95 -> 25514.275 | W13: =TRIWULAN!D139 -> 0
A14: =A13+1 -> 10 | B14: Banyuwangi | C14: Ton | D14: =SUM(E14:G14) -> 90166.312 | E14: 61450.347 | F14: 28715.965 | G14: 0 | H14: =SUM(I14:K14) -> 43279.037 | I14: 16913.429 | J14: 26365.608 | K14: 0 | L14: =SUM(M14:O14) -> 83738.681 | M14: 55290.058 | N14: 28448.623 | O14: 0 | P14: =SUM(Q14:S14) -> 0 | T14: =SUM(U14:W14) -> 119324.34 | U14: =TRIWULAN!D52 -> 72382.493 | V14: =TRIWULAN!D96 -> 46941.847 | W14: =TRIWULAN!D140 -> 0
A15: =A14+1 -> 11 | B15: Bondowoso | C15: Ton | D15: =SUM(E15:G15) -> 933.431 | E15: 124.629 | F15: 808.802 | G15: 0 | H15: =SUM(I15:K15) -> 3357.023 | I15: 2481.083 | J15: 875.94 | K15: 0 | L15: =SUM(M15:O15) -> 9303.044 | M15: 8229.915 | N15: 1073.129 | O15: 0 | P15: =SUM(Q15:S15) -> 0 | T15: =SUM(U15:W15) -> 13229.556 | U15: =TRIWULAN!D53 -> 8117.96 | V15: =TRIWULAN!D97 -> 5111.5964 | W15: =TRIWULAN!D141 -> 0
A16: =A15+1 -> 12 | B16: Situbondo | C16: Ton | D16: =SUM(E16:G16) -> 28255.934 | E16: 15452.6 | F16: 12708.834 | G16: 94.5 | H16: =SUM(I16:K16) -> 36398.144 | I16: 23693.664 | J16: 12658.18 | K16: 46.3 | L16: =SUM(M16:O16) -> 86322.134 | M16: 74990.697 | N16: 11162.037 | O16: 169.4 | P16: =SUM(Q16:S16) -> 0 | T16: =SUM(U16:W16) -> 78997.447 | U16: =TRIWULAN!D54 -> 75133.247 | V16: =TRIWULAN!D98 -> 3850.1 | W16: =TRIWULAN!D142 -> 14.1
A17: =A16+1 -> 13 | B17: Probolinggo | C17: Ton | D17: =SUM(E17:G17) -> 57323.023 | E17: 28040.927 | F17: 12826.821 | G17: 16455.275 | H17: =SUM(I17:K17) -> 24068.582 | I17: 5409.98 | J17: 13791.7 | K17: 4866.902 | L17: =SUM(M17:O17) -> 56905.837 | M17: 31616.167 | N17: 14812.26 | O17: 10477.41 | P17: =SUM(Q17:S17) -> 0 | T17: =SUM(U17:W17) -> 38461.45 | U17: =TRIWULAN!D55 -> 36601.17 | V17: =TRIWULAN!D99 -> 1860.28 | W17: =TRIWULAN!D143 -> 0
... A26: =A25+1 -> 22 | B26: Bojonegoro | C26: Ton | D26: =SUM(E26:G26) -> 5802.583 | E26: 1089 | F26: 4713.583 | G26: 0 | H26: =SUM(I26:K26) -> 7491.485 | I26: 2613.348 | J26: 4878.137 | K26: 0 | L26: =SUM(M26:O26) -> 11089.252 | M26: 6003.1781 | N26: 5086.074 | O26: 0 | P26: =SUM(Q26:S26) -> 0 | T26: =SUM(U26:W26) -> 23166.98 | U26: =TRIWULAN!D64 -> 7733.412 | V26: =TRIWULAN!D108 -> 15433.568 | W26: =TRIWULAN!D152 -> 0
A27: 23 | B27: Tuban | C27: Ton | D27: =SUM(E27:G27) -> 126118.02 | E27: 36258.37 | F27: 44166.828 | G27: 45692.82 | H27: =SUM(I27:K27) -> 70602.176 | I27: 11275.19 | J27: 46706.421 | K27: 12620.565 | L27: =SUM(M27:O27) -> 103899.56 | M27: 22811 | N27: 49069.26 | O27: 32019.3 | P27: =SUM(Q27:S27) -> 0 | T27: =SUM(U27:W27) -> 38846.528 | U27: =TRIWULAN!D65 -> 37758.3 | V27: =TRIWULAN!D109 -> 1083.028 | W27: =TRIWULAN!D153 -> 5.2
A28: 24 | B28: Lamongan | C28: Ton | D28: =SUM(E28:G28) -> 254820.94 | E28: 136303.12 | F28: 62742.571 | G28: 55775.248 | H28: =SUM(I28:K28) -> 93181.06 | I28: 17059.55 | J28: 63401.915 | K28: 12719.595 | L28: =SUM(M28:O28) -> 126854.03 | M28: 46226.461 | N28: 48978.78 | O28: 31648.79 | P28: =SUM(Q28:S28) -> 0 | T28: =SUM(U28:W28) -> 136750.26 | U28: =TRIWULAN!D66 -> 26006.57 | V28: =TRIWULAN!D110 -> 110739.69 | W28: =TRIWULAN!D154 -> 4
A29: 25 | B29: Gresik | C29: Ton | D29: =SUM(E29:G29) -> 154039.32 | E29: 9440.157 | F29: 142736.91 | G29: 1862.25 | H29: =SUM(I29:K29) -> 154973.8 | I29: 1990.87 | J29: 151698.9 | K29: 1284.025 | L29: =SUM(M29:O29) -> 167082.55 | M29: 7039.07 | N29: 152917.48 | O29: 7126 | P29: =SUM(Q29:S29) -> 0 | T29: =SUM(U29:W29) -> 22518.328 | U29: =TRIWULAN!D67 -> 10843 | V29: =TRIWULAN!D111 -> 11675.328 | W29: =TRIWULAN!D155 -> 0
A30: 26 | B30: Bangkalan | C30: Ton | D30: =SUM(E30:G30) -> 45746.095 | E30: 26770.681 | F30: 11851.914 | G30: 7123.5 | H30: =SUM(I30:K30) -> 19800.251 | I30: 8884.02 | J30: 8325.892 | K30: 2590.339 | L30: =SUM(M30:O30) -> 50759.95 | M30: 33435.231 | N30: 9764.369 | O30: 7560.35 | P30: =SUM(Q30:S30) -> 0 | T30: =SUM(U30:W30) -> 796188.4 | U30: =TRIWULAN!D68 -> 25778.3 | V30: =TRIWULAN!D112 -> 770272.1 | W30: =TRIWULAN!D156 -> 138
A31: 27 | B31: Sampang | C31: Ton | D31: =SUM(E31:G31) -> 317586.4 | E31: 16772.255 | F31: 920.143 | G31: 299894 | H31: =SUM(I31:K31) -> 101596.63 | I31: 5463.885 | J31: 980.04 | K31: 95152.701 | L31: =SUM(M31:O31) -> 384997.14 | M31: 15775.085 | N31: 1029.055 | O31: 368193 | P31: =SUM(Q31:S31) -> 0 | T31: =SUM(U31:W31) -> 21893.763 | U31: =TRIWULAN!D69 -> 16805.3 | V31: =TRIWULAN!D113 -> 5088.463 | W31: =TRIWULAN!D157 -> 0
A32: 28 | B32: Pamekasan | C32: Ton | D32: =SUM(E32:G32) -> 76663.914 | E32: 22018.726 | F32: 634.588 | G32: 54010.6 | H32: =SUM(I32:K32) -> 48137.158 | I32: 5336 | J32: 1092.443 | K32: 41708.715 | L32: =SUM(M32:O32) -> 143184.96 | M32: 17663.218 | N32: 1113.844 | O32: 124407.9 | P32: =SUM(Q32:S32) -> 0 | T32: =SUM(U32:W32) -> 71324.03 | U32: =TRIWULAN!D70 -> 18004.6 | V32: =TRIWULAN!D114 -> 53319.43 | W32: =TRIWULAN!D158 -> 0
A33: 29 | B33: Sumenep | C33: Ton | D33: =SUM(E33:G33) -> 916342.6 | E33: 45725.956 | F33: 681946.88 | G33: 188669.76 | H33: =SUM(I33:K33) -> 788796.44 | I33: 11880 | J33: 683967.6 | K33: 92948.843 | L33: =SUM(M33:O33) -> 981109.21 | M33: 43218.279 | N33: 729206.02 | O33: 208684.91 | P33: =SUM(Q33:S33) -> 0 | T33: =SUM(U33:W33) -> 93888.689 | U33: =TRIWULAN!D71 -> 40137.189 | V33: =TRIWULAN!D115 -> 53751.5 | W33: =TRIWULAN!D159 -> 0
A34: 30 | B34: Kota Kediri | C34: Ton | D34: =SUM(E34:G34) -> 214 | E34: 30 | F34: 184 | G34: 0 | H34: =SUM(I34:K34) -> 195.1 | I34: 9 | J34: 186.1 | K34: 0 | L34: =SUM(M34:O34) -> 275.6 | M34: 87.8 | N34: 187.8 | O34: 0 | P34: =SUM(Q34:S34) -> 0 | T34: =SUM(U34:W34) -> 98.539 | U34: =TRIWULAN!D72 -> 33.2 | V34: =TRIWULAN!D116 -> 65.339 | W34: =TRIWULAN!D160 -> 0
A35: 31 | B35: Kota Blitar | C35: Ton | D35: =SUM(E35:G35) -> 232.8 | E35: 0 | F35: 232.8 | G35: 0 | H35: =SUM(I35:K35) -> 234.01 | I35: 0 | J35: 234.01 | K35: 0 | L35: =SUM(M35:O35) -> 232.536 | M35: 0 | N35: 232.536 | O35: 0 | P35: =SUM(Q35:S35) -> 0 | T35: =SUM(U35:W35) -> 244.78 | U35: =TRIWULAN!D73 -> 0 | V35: =TRIWULAN!D117 -> 244.78 | W35: =TRIWULAN!D161 -> 0
A36: 32 | B36: Kota Malang | C36: Ton | D36: =SUM(E36:G36) -> 155.5 | E36: 0 | F36: 155.5 | G36: 0 | H36: =SUM(I36:K36) -> 147 | I36: 0 | J36: 147 | K36: 0 | L36: =SUM(M36:O36) -> 158.6 | M36: 0 | N36: 158.6 | O36: 0 | P36: =SUM(Q36:S36) -> 0 | T36: =SUM(U36:W36) -> 193.1 | U36: =TRIWULAN!D74 -> 0 | V36: =TRIWULAN!D118 -> 193.1 | W36: =TRIWULAN!D162 -> 0
A37: 33 | B37: Kota Probolinggo | C37: Ton | D37: =SUM(E37:G37) -> 10324.758 | E37: 9987.3509 | F37: 337.4073 | G37: 0 | H37: =SUM(I37:K37) -> 616.37 | I37: 261.3 | J37: 355.07 | K37: 0 | L37: =SUM(M37:O37) -> 1448.6069 | M37: 1024.235 | N37: 415.37191 | O37: 9 | P37: =SUM(Q37:S37) -> 0 | T37: =SUM(U37:W37) -> 1229.702 | U37: =TRIWULAN!D75 -> 939.077 | V37: =TRIWULAN!D119 -> 290.62495 | W37: =TRIWULAN!D163 -> 0
A38: 34 | B38: Kota Pasuruan | C38: Ton | D38: =SUM(E38:G38) -> 23070.193 | E38: 14239.477 | F38: 2189.496 | G38: 6641.22 | H38: =SUM(I38:K38) -> 5784.032 | I38: 2254 | J38: 2238.598 | K38: 1291.434 | L38: =SUM(M38:O38) -> 18930.367 | M38: 9880.92 | N38: 2600.8972 | O38: 6448.55 | P38: =SUM(Q38:S38) -> 0 | T38: =SUM(U38:W38) -> 11198.6 | U38: =TRIWULAN!D76 -> 11036.6 | V38: =TRIWULAN!D120 -> 162 | W38: =TRIWULAN!D164 -> 0
... A42: 38 | B42: Kota Batu | C42: Ton | D42: =SUM(E42:G42) -> 56.526 | E42: 0 | F42: 56.526 | G42: 0 | H42: =SUM(I42:K42) -> 57.29 | I42: 0 | J42: 57.29 | K42: 0 | L42: =SUM(M42:O42) -> 60.284 | M42: 0 | N42: 60.284 | O42: 0 | P42: =SUM(Q42:S42) -> 0 | T42: =SUM(U42:W42) -> 9979.52 | U42: =TRIWULAN!D80 -> 0 | V42: =TRIWULAN!D124 -> 9979.52 | W42: =TRIWULAN!D168 -> 0
